date,news_count,title_vader_mean,title_vader_min,title_vader_std,title_neg_share,body_lm_negative,body_lm_positive,body_lm_uncertainty,body_lm_litigious,body_lm_net,ent_us_share,ent_fed_share,ent_china_share,ent_indonesia_share,ent_russia_share,ent_ukraine_share,ent_middle_east_share,ent_sanctions_share,ent_tariffs_share,ent_conflict_share,ent_election_share,ent_oil_share,ent_inflation_share,gdelt_cameo_10_share,gdelt_cameo_13_share,gdelt_cameo_14_share,gdelt_cameo_15_share,gdelt_cameo_16_share,gdelt_cameo_17_share,gdelt_cameo_18_share,gdelt_cameo_20_share,body_svd_0,body_svd_1,body_svd_2,body_svd_3,body_svd_4,body_svd_5,body_svd_6,body_svd_7,body_svd_8,body_svd_9,body_svd_10,body_svd_11,body_svd_12,body_svd_13,body_svd_14,body_svd_15,body_svd_16,body_svd_17,body_svd_18,body_svd_19,body_svd_20,body_svd_21,body_svd_22,body_svd_23,body_svd_24,body_svd_25,body_svd_26,body_svd_27,body_svd_28,body_svd_29,gdelt_goldstein_mean,gdelt_goldstein_min,gdelt_tone_wmean,gdelt_mentions_sum
2021-09-01,25,-0.24430800000000003,-0.8357,0.3660858049692722,0.56,0.018481853103811566,0.005959305672880837,0.0066898472605213775,0.007743784538168771,-0.43537327445753304,0.68,0.04,0.12,0.0,0.24,0.04,0.16,0.08,0.0,0.52,0.12,0.2,0.0,0.08,0.24,0.08,0.04,0.2,0.2,0.16,0.0,0.20689920502389655,0.020875361639845602,-0.020098710064651564,-0.03621257310663319,-0.01016801306694698,-0.008825909235965526,0.007649112877204637,-0.0028384804024055494,-0.029055542667811567,0.021120610344051164,0.005927386945044609,0.008177712890678975,0.018004984351427725,0.0032773521053356862,0.01350270777490616,-0.012461403621079987,0.011902908890170512,-0.02320879557335771,0.013403848596519642,0.044544524243109035,-0.0018700547331369595,-0.016887003048900662,0.0035729454483042124,-0.003510078896960439,-0.019893256246546892,-0.002542984205964579,0.00977811857213318,0.019143427951992257,0.028412945373966356,0.008541602086892412,-6.303999999999999,-9.2,-4.683022768855502,71
2021-09-02,19,-0.26556842105263156,-0.7351,0.2822737147849221,0.5789473684210527,0.02852229584238783,0.003982295167216451,0.005232336001406664,0.006701466200470136,-0.6414547120489396,0.631578947368421,0.0,0.10526315789473684,0.0,0.21052631578947367,0.15789473684210525,0.0,0.10526315789473684,0.0,0.3684210526315789,0.05263157894736842,0.0,0.0,0.15789473684210525,0.15789473684210525,0.05263157894736842,0.0,0.0,0.42105263157894735,0.15789473684210525,0.05263157894736842,0.1940756876314475,0.0045255526458197835,0.002751977127828982,-0.06288091962496499,-0.004620231321948856,0.022102793528281886,-0.04698693197312711,0.02455275273255884,-0.05422899284562063,0.024596865501200434,0.007719483049496842,-0.014110639953367006,0.003960585218034286,0.01420342155796621,-0.008934812573730418,-0.03622327827692742,-0.01334371316431832,-0.050579241822065996,-0.045122466375040034,0.03253315717496486,-0.04297376198373866,0.05696387173407748,-0.02039362022066436,0.02372825466897252,-0.019676364634166787,0.01757425232246412,0.008649826756289149,0.017655645326484507,0.004554729795361427,0.0095826215869779,-6.131578947368421,-10.0,-4.758676449148201,20
2021-09-03,21,-0.2714095238095238,-0.8689,0.4291689037019829,0.6190476190476191,0.0316261865250611,0.004129067218345052,0.004951377465548506,0.009378386169532951,-0.6706327658131928,0.7142857142857143,0.0,0.23809523809523808,0.0,0.09523809523809523,0.047619047619047616,0.047619047619047616,0.09523809523809523,0.0,0.47619047619047616,0.14285714285714285,0.09523809523809523,0.0,0.19047619047619047,0.047619047619047616,0.047619047619047616,0.0,0.047619047619047616,0.42857142857142855,0.19047619047619047,0.047619047619047616,0.2021151292409328,0.0021930066031749205,-0.013994232575865316,-0.015314203627959993,0.027240640744238164,0.008914416836247049,0.006703638527597662,0.0017429917930417804,-0.006844682965763145,0.008812208566198253,0.01090038482971863,-0.006642587106851535,-0.0020702453287079654,0.020161539568255997,0.02617405108297321,-0.021852571085613063,-0.00021495591260937668,-0.02130559034827333,-0.00303539961954727,0.01619173994909076,-0.010569607180077342,0.02641656302466357,0.007172949436826791,0.017063259433412838,-0.0007998025317512131,0.0011804236237902398,0.009523141858578325,0.011021570505902986,-0.006186235694398716,-0.00025628575618408256,-6.652380952380952,-10.0,-4.927397769881897,24
2021-09-04,8,-0.082125,-0.6908,0.2892669886355609,0.375,0.02638032175290811,0.004799082024307595,0.00521186356579251,0.012967106563791343,-0.6192949656742651,0.75,0.0,0.25,0.0,0.0,0.0,0.0,0.0,0.0,0.25,0.125,0.0,0.0,0.25,0.125,0.375,0.0,0.0,0.125,0.125,0.0,0.2016201780615051,-0.0059712963961686075,-0.06324299344998813,-0.04174423421880723,-0.006691614097020997,-0.022039347098730445,-0.019811195777869356,-0.018803569805978797,-0.004867710079426505,0.00043967473806199664,0.014276029245317417,-0.013276718120609259,-0.005002797771920413,0.026483413086877402,0.01062636623665595,-0.004660634743266568,-0.029578446399341728,-0.03547789342658364,-0.014903938673655087,0.016622371786300105,0.008613584589809726,-0.008934616707068327,0.014506696213580047,0.013039262796782244,0.013614795707842514,-0.01979562634319693,-0.02372104609199365,-0.0020978372651018484,0.007363945640618603,-0.027026663525763196,-6.4875,-10.0,-2.30312268309796,9
2021-09-05,7,-0.19772857142857145,-0.743,0.37679404062115823,0.42857142857142855,0.02502361567849503,0.00917214609410169,0.0070234642062713196,0.002944832052638039,-0.44661339899901725,0.5714285714285714,0.0,0.14285714285714285,0.0,0.14285714285714285,0.0,0.2857142857142857,0.14285714285714285,0.0,0.8571428571428571,0.42857142857142855,0.0,0.0,0.0,0.14285714285714285,0.2857142857142857,0.0,0.14285714285714285,0.14285714285714285,0.14285714285714285,0.14285714285714285,0.17876736631961104,0.029630208821837912,-0.03641436423243167,-0.021499173826014906,-0.025390690936584786,0.012524205391042724,0.027813553253155845,0.01609353644535117,-0.002325970876830914,-0.0012298816821990806,0.0006030686321557228,0.0025850823443705766,0.013676777289946094,0.013318037304336375,0.020177123566896122,-0.008374246113257778,-0.004462344371596669,-0.0010265777858359745,0.02871512029816903,0.055888618001934294,-0.027730291751096214,-0.015972779700709646,0.032443458093045434,-0.0026384304226229455,7.636517243559196e-05,-0.011449211954683717,-0.012979407139215216,-0.001200308983985888,0.015706641738512335,0.00039021556615208286,-7.2,-10.0,-3.7782503054243852,10
2021-09-27,17,-0.1913235294117647,-0.9403,0.44244036678603904,0.47058823529411764,0.031821935347237124,0.006045361375467718,0.00483707289405471,0.011342610638181379,-0.5926207314745544,0.5882352941176471,0.0,0.11764705882352941,0.0,0.17647058823529413,0.058823529411764705,0.23529411764705882,0.17647058823529413,0.0,0.4117647058823529,0.23529411764705882,0.058823529411764705,0.0,0.058823529411764705,0.11764705882352941,0.23529411764705882,0.11764705882352941,0.11764705882352941,0.0,0.35294117647058826,0.0,0.2216942320384001,-0.008265703306835865,-0.00781732432014407,0.0013974003759929577,-0.01295305568030987,0.02236772175023465,0.03450612282468038,0.00937729295921654,-0.006197384434408086,0.01380206270607544,0.031889984740368325,0.004303439764811385,0.008949334205050148,0.0031733382703160533,0.010307661411661482,0.013187191639774158,0.012655179446975633,-0.001228075760997085,0.0018500534444488071,0.010129484765619583,0.009018526055101159,-0.0017181918422768442,-0.005013200780722304,-0.0002410649366116972,-0.0176531045195025,-0.014984842138344915,0.001747721195394385,0.01628190378275805,0.003067644755099856,-0.0015260828367582298,-7.258823529411765,-10.0,-4.967762627656287,20
2021-09-28,12,-0.08111666666666666,-0.5859,0.3662677977886804,0.4166666666666667,0.028807637467098912,0.00433486377414665,0.007089812219138958,0.008773875139248759,-0.5777862460012156,0.6666666666666666,0.08333333333333333,0.4166666666666667,0.0,0.16666666666666666,0.0,0.16666666666666666,0.08333333333333333,0.0,0.5833333333333334,0.16666666666666666,0.0,0.08333333333333333,0.16666666666666666,0.16666666666666666,0.08333333333333333,0.0,0.08333333333333333,0.25,0.25,0.0,0.19985038673993968,0.03038082046863245,-0.033056877996063085,-0.024874439829239953,0.011490134370831788,0.0023450261222899395,0.00873493165554701,-0.01888174925107752,-0.037698619858113826,0.007367323912590491,0.01374338520748763,0.0004949740286406325,-0.001292252092764844,0.011435761713229997,0.0409529118323269,-0.01305867657308398,0.028432452795409346,0.0039050011161370093,-0.016085383701858066,0.011024454217299489,-0.0012863133729723777,-0.009634661184228642,0.043321568022838396,0.018200930210687468,-0.007082712257708974,-0.02052273058598592,0.018595365024341514,0.007515995233678965,0.004957430372328763,-0.0016310444267457185,-7.258333333333333,-10.0,-1.7817707969554188,17
2021-09-29,8,-0.4438,-0.8689,0.21286999385943123,1.0,0.026033670914131897,0.0025423540073806917,0.0036963852291375995,0.009589565344591214,-0.7029137302914477,0.625,0.0,0.375,0.0,0.125,0.0,0.0,0.0,0.0,0.375,0.125,0.0,0.0,0.125,0.0,0.0,0.125,0.25,0.375,0.125,0.0,0.188103028289442,0.04419257117806575,-0.014370739329491757,-0.03636908058418294,0.029314479632389555,0.011041704614963812,-0.009949805020106374,-0.016551552465757777,-0.004549550556073402,-0.012995444266328723,0.021155176190454837,-0.025383469649657937,0.009610812041275169,0.0007882824066294296,0.0024044631927506964,-0.02807378271202432,-0.0033574032610220114,0.0037302201855777565,0.010755078324032946,-0.00015497772231961617,0.009134326647936033,-0.009766359666669236,-0.005132351273276415,0.004544709411589954,-0.0007122528148928997,-0.02877435144318337,-0.001489955512975294,-0.0007682366845199495,0.005457829126931364,-0.004045518937070676,-7.25,-10.0,-4.193207894160525,8
2021-09-30,10,-0.43694,-0.9538,0.4088265462135365,0.6,0.030683024987796487,0.007822654439098253,0.006006405227204845,0.009189742163133303,-0.489622869689834,0.5,0.0,0.1,0.0,0.3,0.0,0.1,0.2,0.0,0.4,0.2,0.0,0.0,0.1,0.3,0.0,0.0,0.1,0.3,0.1,0.1,0.20551012903456992,0.015210684538226566,0.005541064695620504,0.006410231392063681,0.016081044877946454,-0.006285629531623453,0.024687449048232064,0.020197963325914253,-0.011558764270802399,0.021054810016977236,0.0008632390126013495,0.030241251449308566,-0.015181668649200558,0.016564184211047574,0.007967668399116053,-0.009165455417824339,0.0019763592934758855,0.008993585333097682,0.00014510284376047372,0.0269008000804548,0.007320170073281425,0.018052848786139056,0.01826859308874259,0.010870034722979715,-0.018538046005259934,-0.003515100917981552,0.004555743952247157,-0.015637872761454924,-0.017700062055289904,-0.022334726120774938,-6.3,-10.0,-4.145749672443026,10
2021-10-01,11,-0.1100090909090909,-0.6597,0.29661717230984946,0.36363636363636365,0.01860868517644112,0.005082347223904415,0.005067931067948562,0.007044626509650083,-0.49709268004722545,0.5454545454545454,0.0,0.09090909090909091,0.0,0.09090909090909091,0.09090909090909091,0.09090909090909091,0.0,0.0,0.18181818181818182,0.0,0.0,0.0,0.18181818181818182,0.0,0.2727272727272727,0.0,0.09090909090909091,0.2727272727272727,0.18181818181818182,0.0,0.1714176701264161,-0.018417536167075158,-0.044377107462048496,-0.04359570984330342,-0.011657686661759887,-0.019190832374244682,-0.024113059164440474,-0.03377342200297184,0.015089139738873419,0.026149326393382088,0.009836831796506289,-0.017831524251526412,-0.022783335953152982,0.014221813847585802,0.01791591681769712,0.03320303862032487,0.02081556698296152,0.012504072491881619,0.015870209320207825,-0.01396528410049213,-0.00019875315930731457,-0.017274734187004464,0.016392155482267416,-0.003244895340616753,-0.005604854805534551,-0.00789567608824289,0.005891579943060268,0.00031963081089963347,0.0074670768682183605,0.0038661695181627033,-6.318181818181818,-10.0,-3.0711445339165784,12
2021-10-02,4,-0.39949999999999997,-0.7906,0.34633419313335684,0.75,0.02511506239955883,0.004061219684347847,0.008439749078710786,0.007903790343156015,-0.6438657407407408,0.5,0.0,0.25,0.0,0.25,0.25,0.0,0.0,0.0,0.25,0.5,0.0,0.0,0.0,0.5,0.25,0.0,0.0,0.25,0.0,0.0,0.21319854849230943,-0.014870936297443824,-0.008153128064536882,0.0098070009609099,-0.039801154475499395,-0.03142543062571374,-0.01107363456402511,0.0006376572156824153,0.013352838748378218,0.04721999876137202,0.007629585332710968,-0.00526460138805541,0.01364175260938525,0.06042151469307152,0.004464726281485663,-0.021795107201091624,0.011830589551159187,0.06006873539825727,-0.0061146006498986015,-0.03536152265279553,-0.02620269931708359,0.027301108399337304,0.03548292560479918,-0.0143523662773551,-0.027329156135513306,0.010184356276521311,-0.0033502617095552308,0.020044949920145456,-0.014736894429628479,-0.034411606660216844,-5.425,-6.5,-4.011758830676025,4
2021-10-03,8,-0.2508,-0.7579,0.2802334231111118,0.625,0.034823457641869275,0.004291860736420312,0.004959863080355172,0.005493776381352376,-0.6588245874072534,0.5,0.125,0.125,0.0,0.0,0.0,0.25,0.125,0.0,0.375,0.5,0.125,0.0,0.125,0.125,0.25,0.25,0.0,0.25,0.0,0.0,0.18974404983158885,0.03796122141473621,-0.04765043335078653,0.0017849176119640944,-0.0007869843265732052,0.04635795099534813,0.0351927751551791,0.0187455300683129,0.011698158635992524,0.03262059516009107,0.0011571968289113698,0.016657854182114795,0.01592651359429469,-0.019661253426398562,-0.01565707566396321,-0.03628219807372174,0.007082761263758159,-0.002401354807292925,0.016273415864089202,-0.008008448195370183,0.0033871940610419875,0.0025879538708741844,-0.00042462025971849336,-0.002405076159390203,-0.012168901493567278,-0.0031744009599144166,-0.02794595160480986,0.0022369739838562015,-0.00607865638029776,-0.006960335017026956,-6.275,-7.2,-3.7635091360565287,9
2021-11-01,15,-0.013953333333333328,-0.802,0.5119507717219173,0.4,0.023829669202636128,0.006676938446222358,0.004849930329069315,0.013028714092009473,-0.3948242583997592,0.6666666666666666,0.0,0.13333333333333333,0.0,0.2,0.0,0.2,0.0,0.0,0.4666666666666667,0.13333333333333333,0.0,0.0,0.2,0.13333333333333333,0.06666666666666667,0.0,0.0,0.4666666666666667,0.13333333333333333,0.0,0.20770018641899193,-0.022050525216510426,-0.0437873541616911,-0.004328533284742353,-0.015218816174349978,-0.015820029843737628,0.02499773263580578,0.0009357196355648354,0.0054051395543841295,0.004508030993478908,-0.019072189426615704,0.008610444302568208,0.009760809604192937,-0.0114623167961873,0.0006967083784579867,0.015487780198745537,-0.01735923729057135,0.0034156834982423884,-0.0006493169909599819,-0.011881450699833814,0.005067980339758699,-0.004110948937437337,0.0010406957912103543,0.002335175823048569,-0.011223020476864735,0.00202956268976617,0.00571824083648335,0.002064420317391122,-0.005914097469841036,-0.005062667039935844,-6.246666666666667,-10.0,-2.0336235582543387,21
2021-11-02,9,-0.2987666666666667,-0.7003,0.3010783369822545,0.6666666666666666,0.035380187188038995,0.003528070792710813,0.004686545179640339,0.011188355696609385,-0.7371329076751036,0.7777777777777778,0.0,0.1111111111111111,0.0,0.0,0.0,0.2222222222222222,0.1111111111111111,0.0,0.3333333333333333,0.2222222222222222,0.0,0.0,0.2222222222222222,0.2222222222222222,0.2222222222222222,0.1111111111111111,0.0,0.2222222222222222,0.0,0.0,0.20337777360665943,-0.014658006013218088,-0.023054863229909368,-0.009976984042867265,0.01874141013909632,0.0620192931399511,0.0023946309375998736,-0.020232142973347352,-0.009291908838136645,-0.009023382657344705,0.01974124864966484,-0.020994741354245436,-0.0067214111118470785,0.005335066019313858,-0.001666742192304545,0.006850125643165212,0.014527490163412359,-0.0019241048103122314,0.011099746241855588,-0.012104065410381747,0.015233107516083064,-0.0031974737252236656,0.012041938535889501,-0.017853984775947844,-0.011433258753685711,-0.005324363417832403,0.01879281563114268,0.014279889140227717,-0.012530611734679528,0.0004890456407858115,-6.333333333333333,-9.2,-4.907041088971732,11
2021-11-03,15,-0.14903333333333332,-0.8442,0.44314717591767355,0.6666666666666666,0.02931029740952436,0.005478741114152544,0.005716950421796427,0.013006225487219995,-0.5888431267925032,0.4666666666666667,0.13333333333333333,0.2,0.0,0.06666666666666667,0.0,0.3333333333333333,0.13333333333333333,0.06666666666666667,0.13333333333333333,0.13333333333333333,0.13333333333333333,0.0,0.0,0.2,0.06666666666666667,0.13333333333333333,0.06666666666666667,0.4,0.13333333333333333,0.0,0.19136237523386337,-0.02993499805896189,-0.0024131711744688976,-0.029298562300693505,0.03150321524573891,-0.0037315468907860158,-0.015320696812304848,0.017168885730335603,-0.02211951719792449,-0.00396303822327564,-0.008965902830734866,-0.012833104396793528,0.001177126147869533,-0.008583950978863197,-0.02119348535108089,0.04172164097412809,0.006566921679115008,-0.014305579949439888,-0.014906513489789682,-0.010345226447286275,-0.009931468790331925,-0.011086416135841671,0.010507516011739406,0.022129917528789487,-0.006758676968698517,-0.01518466437369609,0.0031340195012482556,-0.02203596865300282,0.0033549481924877115,-0.011240432111351136,-6.62,-10.0,-1.1094353493275888,27
2021-11-04,13,0.0015846153846153853,-0.6486,0.42275143178577534,0.3076923076923077,0.032626569741972186,0.00674206952984937,0.0049120584610596735,0.010936407389022094,-0.5227585676247707,0.5384615384615384,0.0,0.38461538461538464,0.0,0.23076923076923078,0.0,0.15384615384615385,0.07692307692307693,0.0,0.15384615384615385,0.23076923076923078,0.07692307692307693,0.0,0.23076923076923078,0.07692307692307693,0.23076923076923078,0.07692307692307693,0.07692307692307693,0.23076923076923078,0.07692307692307693,0.0,0.21596728519520111,0.022613716464916167,-0.035397523538598125,-0.02576764467839373,0.025802758608693983,-0.03893718956966966,0.019300607459288667,-0.0033180253526420744,-0.00702035809080176,0.0019438083349136064,0.011982931694693909,-0.0017254958150183946,-0.010254485055506336,-0.009340672998719652,0.00748965967455117,-0.008133999364253078,0.0020806764885784343,-0.01032650167103926,0.0003148841675525341,-0.005529343447600818,-0.011528525012963635,0.008382127880458091,0.023576308278956643,0.0039257783999773355,0.022104922921438046,-0.010447771314750935,0.007086107070730276,-0.015190113859756438,0.009658881218594274,-0.010859140942525065,-6.3307692307692305,-9.2,-1.985985000451983,29
2021-11-05,14,-0.2527714285714286,-0.8885,0.34738844236691274,0.5714285714285714,0.02753688390563067,0.004925187610279184,0.0065060436977809446,0.01664759551874034,-0.531491103848675,0.42857142857142855,0.07142857142857142,0.07142857142857142,0.0,0.0,0.0,0.0,0.0,0.0,0.35714285714285715,0.21428571428571427,0.0,0.0,0.2857142857142857,0.21428571428571427,0.14285714285714285,0.0,0.0,0.2857142857142857,0.07142857142857142,0.0,0.21509055639602387,-0.03800944039331772,-0.04941937084511361,-0.020247869728676315,-0.03795257238526724,-0.03228903317973346,0.0086329886581118,-0.009020039477193943,0.017882792465733623,0.003367282219271263,-0.0013485258074555564,0.009995634054081213,-0.0032597678339703145,-0.015982438131459935,0.004591827350958508,-0.0070622938918109696,0.02784403064588038,0.010362064821661382,0.009029949141252562,0.002033552975140439,0.004810415071960156,0.004719542583899473,-0.001958422783925405,-0.017694282312654706,-0.0061857073405842,0.006026734494727833,0.0006725482797349388,-0.005204468314738935,0.001227951360140813,-0.002691889293588195,-5.971428571428571,-9.2,-3.3715254640978753,14
2021-11-06,5,-0.24001999999999998,-0.5574,0.2537342152725958,0.6,0.05034610673678502,0.004139790080539196,0.007847280375452455,0.014640669079680904,-0.74995904995905,0.2,0.0,0.2,0.0,0.0,0.0,0.2,0.0,0.0,0.4,0.2,0.0,0.0,0.0,0.0,0.0,0.2,0.0,0.6,0.2,0.0,0.18811969618378868,-0.04605963639038011,0.019569474627474742,-0.033242045866406486,0.013027502635213729,0.019049025716458296,0.05322922341777223,0.019311093031742103,0.04014334963510112,-0.013641467661678109,0.007978084743319944,0.018820880993807874,0.0023354683149904134,-0.015936171655623478,0.014211310862257381,-0.005383653167983284,-0.02585927219672334,-0.0116203703967965,-0.014066266352489653,-0.013210621134645842,-0.015380037103061054,-0.01542868726284033,0.05565024255932551,0.0024711845466038307,-0.011182876430722685,0.018459006754122726,-0.010217561760616455,0.01879423908363128,-0.0044055422575556445,0.013420507741133273,-7.24,-10.0,-6.938162864532726,5
2021-11-07,6,-0.3596333333333333,-0.7783,0.4405214258883064,0.8333333333333334,0.0352294386794552,0.0021389421917634498,0.007275095601220558,0.012589334437036583,-0.8388686987032575,0.8333333333333334,0.0,0.16666666666666666,0.0,0.3333333333333333,0.0,0.16666666666666666,0.0,0.0,0.3333333333333333,0.0,0.0,0.0,0.3333333333333333,0.0,0.16666666666666666,0.0,0.0,0.16666666666666666,0.3333333333333333,0.0,0.21983759625636093,-0.044049928925067955,-0.016086532890528284,-0.015177701352262476,0.0009995850971027426,-0.0080252146660989,0.03769434558682152,-0.008104111310214409,0.029519311897652254,-0.00994419438807734,0.022654805740967916,-0.0273276752850633,-0.019309018829930916,0.0047312407147352175,0.019576907119202885,-0.00898322528606771,0.011479869873489418,-0.009216328073754708,0.002082933255944491,-0.012892725746352618,-0.008487772787542031,-0.0027787481808657782,0.01797987303319982,0.026125520821510765,-0.005527644711531163,0.00894056970546168,-0.01037438311209446,0.0105921277744208,-0.0032001121771451616,0.00877640168201989,-6.75,-9.0,-5.5928573338176,7
2021-11-29,8,-0.25663749999999996,-0.7351,0.49136353995067356,0.625,0.024134536157402547,0.0033089752809892002,0.009651900674062346,0.003194093263177402,-0.6052376026060237,0.875,0.0,0.125,0.125,0.25,0.125,0.375,0.0,0.0,0.375,0.125,0.0,0.0,0.25,0.125,0.0,0.0,0.25,0.375,0.0,0.0,0.18095076879047395,0.049543161180040915,-0.028499009824666077,-0.033027941603452404,0.03591443635333279,0.010998250910509141,-0.0051430375488313845,-0.015550045348792719,0.007577413635940968,0.04669411768291422,0.0016898009976839363,-0.040634155950257586,-0.028015589802423517,0.05055553661301314,-0.007320639106930249,0.017434000185638315,0.017695490557914802,-0.004573260844558121,-0.009659000600885148,0.001831422506797973,-0.022026682439479663,-0.0486725056390859,0.038073764758581034,0.012753209480636109,-0.005786671543847567,0.028195393773289112,0.014686059788107601,0.01741557608088218,-0.022382996593146597,0.000328559989722396,-4.675,-5.0,-2.5225361984458976,8
2021-11-30,15,-0.19011999999999998,-0.8271,0.37529814091123415,0.4,0.02823251565542931,0.005120041168655348,0.006424529113351587,0.011370270582480572,-0.6128787635939338,0.4666666666666667,0.0,0.13333333333333333,0.0,0.13333333333333333,0.0,0.13333333333333333,0.06666666666666667,0.0,0.26666666666666666,0.13333333333333333,0.0,0.0,0.26666666666666666,0.13333333333333333,0.0,0.06666666666666667,0.13333333333333333,0.3333333333333333,0.06666666666666667,0.0,0.18146902072737275,-0.0055956064423790955,-0.030484905398781757,-0.0049190114201889045,0.022806454252476856,-0.008484862202636773,-0.0005090194681766728,-0.019729115315982967,0.00588413139726395,0.03357225063060495,0.01066952158487044,-0.0030040522958836814,0.008087323134542225,0.01015270457193984,-0.012581211493469968,0.004520340952118128,0.01690512411037209,0.009565555273870208,-0.008180038770137532,0.0034362176293086244,0.002424157454801563,0.002462100209313291,0.0016712901477094126,-0.009342949632180554,0.009844533276616997,0.0056537256852070734,-0.0030242542403084243,0.0011049201800642922,0.00021438001717243073,0.01747826135254826,-5.293333333333334,-9.0,-3.2000845620783687,15
2021-12-01,11,-0.06174545454545455,-0.8625,0.459215150803273,0.36363636363636365,0.021330203728424556,0.00672668245629742,0.010300232642141065,0.014359647590113133,-0.30408578490475047,0.6363636363636364,0.0,0.09090909090909091,0.0,0.0,0.0,0.0,0.0,0.0,0.2727272727272727,0.0,0.0,0.0,0.2727272727272727,0.2727272727272727,0.0,0.0,0.0,0.2727272727272727,0.09090909090909091,0.09090909090909091,0.18688490640099828,-0.022071356546604557,-0.0355000904698482,-0.027973818837554766,-0.008442804673760672,-0.014657936465227638,-0.001621130447173448,-0.01454212766783431,0.018632844424940124,0.0029184780443987385,0.021869419845732967,0.012163926678422438,0.002574467674947369,-0.0032310409023700785,0.0005821397153897089,0.014068928318712986,-0.003868590396319797,0.005442437897616012,-0.008514483743782853,0.008709492377235964,0.015457081860896405,-0.005646044023168196,0.007872807055841927,0.008338440177061722,-0.007852839366996241,-0.0031964854065233274,-0.004526943670203573,-0.012887469430431953,0.005267964053973929,0.01822288413893652,-5.863636363636363,-9.5,-2.1000117611940046,11
2021-12-02,16,-0.004631250000000017,-0.9194,0.4560698758140029,0.375,0.028872062931451014,0.0067410088394425985,0.003898298052867444,0.018334284026027547,-0.5254525214760927,0.5625,0.0,0.125,0.0,0.25,0.125,0.0,0.0,0.0,0.4375,0.125,0.0625,0.0,0.125,0.125,0.125,0.125,0.0625,0.375,0.0625,0.0,0.18252834349305633,0.005020898686296358,-0.023102925892608366,0.006617656562903268,-0.013339127445367593,-0.01324910224652906,-0.006878056912691447,-0.027161367496470315,0.03053316139189767,-0.004881872209956142,0.013172488943583346,-0.0031115111872069105,0.0002937377666358573,0.013930740074150285,0.0014807233120399683,0.0009536037986812426,0.006245936939136469,-0.010622472890933671,0.001070245490480696,-0.006742607501430169,-0.0003158172379697664,-0.016243663180825183,-0.002960893806675292,0.0028797567961720925,-0.0002710186391885155,0.0018634415506723061,0.0005323782553493879,0.005959099564355847,-0.0009723509597970824,0.011195370334614624,-6.1125,-10.0,-2.9859952595928987,16
2021-12-03,14,0.02235714285714286,-0.6597,0.36477357300171787,0.21428571428571427,0.026868644941766405,0.005579691564479497,0.004120509061798946,0.009531914904945806,-0.537643399908504,0.5714285714285714,0.0,0.07142857142857142,0.0,0.07142857142857142,0.07142857142857142,0.0,0.14285714285714285,0.0,0.21428571428571427,0.07142857142857142,0.07142857142857142,0.0,0.21428571428571427,0.14285714285714285,0.14285714285714285,0.07142857142857142,0.0,0.14285714285714285,0.2857142857142857,0.0,0.1967637148706464,0.0016397235945124899,-0.04057139567304329,-0.014804378456719959,-0.024495087586018482,-0.00789308341617657,-0.016692907083890308,-0.011384368676432608,0.0033388718082260306,0.0029951210228768297,0.008947647229907624,0.002164478651042102,0.0023897848480911804,0.024421892658009734,-0.0029682166356956377,0.00018183696212257575,-0.006789326298632303,-0.009552442707915481,-0.0017886168255443777,0.014066654296708574,0.002837539615133962,-0.013325980452020714,-0.011426946125530597,-0.008213572515388557,0.0038311231223693946,-0.0016789445453239801,0.00269910862761413,0.01663476021921727,-0.020025086551953546,-0.008365622968136149,-6.642857142857143,-10.0,-4.1645800844127105,14
2021-12-04,5,-0.24406,-0.8591,0.3777207407596252,0.4,0.03509819112915292,0.005897144719087162,0.003964316898704119,0.02051801768831682,-0.6996428571428571,0.4,0.0,0.4,0.2,0.2,0.2,0.4,0.0,0.0,0.6,0.0,0.0,0.0,0.2,0.0,0.2,0.0,0.0,0.2,0.4,0.0,0.1641332243349628,-0.019122181210498853,0.028201461929360162,0.015644275953457302,0.02701642085523658,-0.021177267686421485,0.05039262154355214,-0.010682904651343288,-0.03457524245474329,-0.014364438022073354,0.02826694794254301,0.008216063469729933,-0.006554850874395263,-0.004305902975634727,-0.02195793340037115,0.004469248968707191,0.007118789390432897,-0.03423649482137575,0.007820702681467964,0.018170067346461545,0.019418823811359807,-0.03610336064139387,-0.0037469281724616327,0.017189543738958778,0.015582880246061314,-0.009945040903344221,-0.007230885810730327,-0.0073326500739297916,0.015420587890170012,0.015849261794842244,-7.1,-10.0,-4.998851846528559,5
2021-12-05,5,-0.07288000000000001,-0.7096,0.3965336013505035,0.4,0.033563670479381816,0.004912097215853374,0.0068569445387415325,0.013260388753531152,-0.6491666085007248,0.6,0.0,0.2,0.0,0.0,0.0,0.0,0.0,0.0,0.6,0.2,0.0,0.0,0.0,0.2,0.2,0.0,0.0,0.6,0.0,0.0,0.22715548579142902,-0.00831195839293088,-0.03629357577217128,-0.025678851530424117,-0.01861579791547572,-0.0033499812072242162,0.0321581573512558,-0.029992384807511863,0.018025564722711197,0.009022005236266034,0.00909977233208401,-0.053025863477969136,0.007177131557640206,-0.010587832729817373,-0.015852370039046566,-0.025857475275163466,0.01575252246674677,-0.008057596728662708,0.015206540305492417,-0.027592862749614467,0.00360360036863929,-0.03995987966730228,0.009364845269134827,-0.020105587536799523,-0.03174928824082551,-0.019844420717733437,-0.01231805857525147,0.011245167694880136,0.02038220996126552,0.028917720627114462,-5.9799999999999995,-7.0,-4.404818228089996,5
2021-12-27,9,-0.4015333333333333,-0.7783,0.37682261742098233,0.6666666666666666,0.0310182503371927,0.005512539127381428,0.003722063779530202,0.019225189414495365,-0.633574241662477,0.4444444444444444,0.1111111111111111,0.3333333333333333,0.1111111111111111,0.2222222222222222,0.0,0.4444444444444444,0.1111111111111111,0.0,0.3333333333333333,0.1111111111111111,0.1111111111111111,0.0,0.0,0.2222222222222222,0.4444444444444444,0.0,0.0,0.2222222222222222,0.1111111111111111,0.0,0.1805702027727385,0.005320421781368619,0.005707965881258567,-0.006700560334617999,0.03727421050866174,0.008627590452719621,0.011467408748239526,-0.02906604932219412,0.0020773603262502515,0.02845292237210913,0.016312667817146877,-0.00444667335753735,-0.005562056981348068,-0.00223250214327086,-0.013299106854241315,0.026651039165570836,-0.01573674843928105,0.0002683176592913755,-0.0023719320352934697,0.002624469420744623,0.010367665520013846,-0.025689168386342456,-0.0010385819917997441,-0.0006301163888401125,-0.007932938639839586,-0.013277675503689574,0.023764574828752244,-0.013034523511671565,0.005275989965354387,0.005437243718579689,-6.288888888888889,-9.0,-4.918795784850434,10
2021-12-28,13,0.10276923076923075,-0.3612,0.3289571739720724,0.3076923076923077,0.03093962405895854,0.006190064552233022,0.00512658822183539,0.015438263665023912,-0.5165222431099612,0.6153846153846154,0.0,0.3076923076923077,0.0,0.15384615384615385,0.07692307692307693,0.07692307692307693,0.0,0.0,0.38461538461538464,0.15384615384615385,0.07692307692307693,0.0,0.07692307692307693,0.23076923076923078,0.0,0.0,0.07692307692307693,0.6153846153846154,0.0,0.0,0.18469210412799678,-0.012040113418099423,-0.017005889534989566,-0.02153433621849907,0.00900069301097773,-0.03348209494796334,0.006924271044107533,0.010736118970224993,0.0029577878727279163,0.0029669487695392236,0.004822503204440822,-0.0015066489117732589,0.006619251946274699,0.013024929471245322,0.0002537592565490167,-1.1430615605564162e-05,0.008434101142449526,-0.021171741717142104,-0.0021275219364843604,-0.01442239018443023,-0.020446054826844952,-0.018177389245135855,0.004655922459049475,0.010883591657077226,0.004660939860914653,-0.004485307674427733,-0.014039100833949027,-0.006974317879271028,-0.0006375385769513064,-0.016273311993899288,-5.261538461538462,-9.2,-2.4845820458476435,13
2021-12-29,15,-0.07755333333333334,-0.9186,0.5267076728762043,0.4,0.037934849112020615,0.005956184762105927,0.005097437383564649,0.015536764677778927,-0.689241696412749,0.4,0.06666666666666667,0.26666666666666666,0.06666666666666667,0.2,0.06666666666666667,0.2,0.06666666666666667,0.06666666666666667,0.3333333333333333,0.13333333333333333,0.13333333333333333,0.06666666666666667,0.06666666666666667,0.0,0.13333333333333333,0.0,0.06666666666666667,0.6,0.13333333333333333,0.0,0.1769021442693506,-0.024659300190507952,0.012893425301749317,-0.017142023331783388,0.048210394437574626,0.005561985686367316,-0.00952149848020339,0.0013781090048531398,-0.003948154612100577,0.012688486790426834,-0.01021281513742015,-0.004413869275825044,-0.0002557816947264979,0.014401445393490269,-0.012663618259071058,0.0001612111340864565,-0.013425302546589279,-0.002280109363976161,0.0038411592894251893,0.004047635401531638,0.002060493601744785,-0.026343684650845783,-0.005191067400652336,-0.0029329308665274074,0.006026711636286875,-0.009623277334390685,0.024601352635626968,0.0040111467964883,-0.0049841929354755374,0.0006400950096327779,-6.413333333333333,-10.0,-5.986482437481091,16
2021-12-30,20,-0.10661499999999999,-0.7783,0.4179791448776261,0.4,0.03009619697553604,0.005016211355767628,0.004771936421960146,0.008382135760964986,-0.6181882553415787,0.6,0.05,0.2,0.0,0.0,0.0,0.05,0.05,0.0,0.2,0.15,0.0,0.0,0.1,0.15,0.1,0.05,0.1,0.4,0.1,0.0,0.2021445809182305,-0.020496895597297733,-0.04177552419498999,-0.03098874856335875,0.015892292449716246,-0.0054584803508461975,-0.015680511923541224,-0.012529340757265816,-0.0037457461471019416,0.006862619736784321,-0.00166249808280233,-0.004753346363246257,0.0012614259523696248,0.0323759608813667,0.008302709483725393,-0.024682939997761277,0.00738669149796335,-0.006486667541954998,0.002097211826211807,-0.004105818432259542,-0.004924788495048471,0.013838424088000364,0.005073393932226411,0.006206126301487963,0.009025186535516014,-0.00443320844979412,-0.006959190910728853,-0.023898405221580987,-0.0037178541027250906,-0.011995886353245685,-6.12,-10.0,-3.5361492520439364,20
2021-12-31,9,-0.1897111111111111,-0.7506,0.4065721198153055,0.4444444444444444,0.03495430321229974,0.0066633465815391715,0.006811205029885633,0.006077390072743088,-0.5970170194098423,0.5555555555555556,0.0,0.3333333333333333,0.0,0.3333333333333333,0.0,0.2222222222222222,0.1111111111111111,0.1111111111111111,0.5555555555555556,0.2222222222222222,0.1111111111111111,0.0,0.2222222222222222,0.1111111111111111,0.2222222222222222,0.1111111111111111,0.0,0.1111111111111111,0.2222222222222222,0.0,0.2348930987226361,0.0035511329956387466,-0.015050477115538684,-0.02388541861542159,-0.0020434721561686025,-0.045661373101953055,0.04930188855408137,0.015405637300453773,-0.005495185164730878,0.015273034766965196,-0.012853292769637169,0.03672357844959644,0.01684881031609224,0.015270924414687007,-0.005582217837454491,-0.011190434488227352,0.010092164855653804,0.02933242667504425,-0.01751891425349568,0.006480710473546518,-0.004410913214296431,-0.006351729524011671,0.03182499616882607,0.0016754497731528105,0.007568114394473526,0.009363877539423006,0.030693610597620564,0.012977930835474312,0.011464113579623503,0.0033763364915182412,-6.666666666666667,-9.0,-4.7598267781858565,9
2022-01-01,9,-0.062299999999999994,-0.7825,0.42795120633081524,0.3333333333333333,0.030259869983204204,0.005596346278475983,0.010445365807753492,0.008695623690896428,-0.6103637097076814,0.4444444444444444,0.0,0.2222222222222222,0.0,0.1111111111111111,0.1111111111111111,0.1111111111111111,0.1111111111111111,0.1111111111111111,0.3333333333333333,0.3333333333333333,0.0,0.0,0.0,0.2222222222222222,0.1111111111111111,0.0,0.0,0.5555555555555556,0.1111111111111111,0.0,0.186152276587687,0.039190598217184965,-0.005622336676525139,-0.0009556064805283178,0.023687692162743638,-0.02500254371558338,-0.0165398032606673,0.015167716428675197,0.0053481386166575225,0.004247182111414431,-0.007946275468204015,0.0014001586657268156,-0.014516049861748453,0.009901136826343533,-0.02911571377947414,-0.0049243550555286945,0.014028918040784369,0.012676924470385525,0.0038312757256973536,-0.0006034609026943966,0.006869499535854323,-0.02635689252040506,0.025649610916805163,0.005842059362961914,-0.009643742376732925,-0.01094547988574957,0.003926550655120613,0.05722143585127801,0.008680489547490178,-0.02730547548485443,-6.633333333333334,-10.0,-1.8547747518560322,9
2022-01-02,2,-0.43394999999999995,-0.5719,0.19509076092936845,1.0,0.03577243152106947,0.014092667448197812,0.00131521262604121,0.01041209995615958,-0.37575757575757573,0.0,0.0,0.0,0.0,0.0,0.0,0.0,0.0,0.0,0.5,0.5,0.5,0.0,0.0,0.0,0.5,0.0,0.0,0.5,0.0,0.0,0.24211311730330648,-0.08952947605682367,0.015909649493476848,-0.034858908053875065,0.045414617012694926,-0.11274040781333461,0.03588187959854247,0.0675505749374,-0.00013286635142392353,0.039225914613053005,-0.03847416542329768,0.014495837303084739,0.0323529886631454,0.022841075954293272,-0.06210044617159159,0.0083163716619153,-0.09530053433165746,0.09745128097480417,0.028301432283965467,-0.06449278280365689,0.011771935119370618,-0.0005645613754766583,-0.003416326194216123,-0.016191713429127095,-0.05040243609929554,0.004748182103851292,0.003846305866364131,-0.03576097567439715,0.026272097603013064,-0.017579282111904605,-5.75,-6.5,-2.7542484179087,2
2022-01-31,8,-0.16935,-0.5574,0.3213332671408744,0.625,0.03221681337191669,0.005291104303406017,0.0059281948462065505,0.010758673778777506,-0.6455414158000364,0.625,0.0,0.0,0.0,0.25,0.25,0.0,0.125,0.0,0.5,0.125,0.0,0.0,0.125,0.0,0.0,0.25,0.0,0.5,0.125,0.0,0.20417158958801876,0.02921257847752146,0.03153242931402824,-0.0026142666404345024,-0.013221437155655793,-0.02816970551425347,-0.013773250623584919,-0.004539273757910743,0.0016115844763216992,0.001682436041008521,-0.007640519598544546,0.005236967067574328,-0.011130854773493886,-0.009199980539249924,0.019611705674235015,-0.006040657079985244,0.019339020921935155,0.005767187297603949,-0.002180061595431387,0.001953747253424565,0.004667883691286895,0.025695388366371967,-0.013060747678737862,-0.022817924845866276,-6.2683254113053526e-06,-0.01166447030650904,0.018811759863549226,-0.009293230989674257,0.0027607834409711677,-0.02281234528796323,-6.05,-9.0,-3.942221980293956,8
2022-02-01,5,-0.42523999999999995,-0.872,0.38074319823208924,0.8,0.018639308779819574,0.008391136879765275,0.010052912610726873,0.007978476220219737,-0.2764102564102564,0.6,0.0,0.0,0.0,0.0,0.0,0.0,0.2,0.0,0.0,0.0,0.0,0.0,0.2,0.6,0.0,0.0,0.0,0.2,0.0,0.0,0.19503906145430516,-0.03602656907725543,-0.042709564010503895,-0.026506636977175972,-0.007216750155189416,-0.02065641566429472,-0.023463023802035333,-0.011168578804589404,-0.003255944317665957,0.002891801968083623,-0.01060991279772549,-0.04401770531141211,0.04756480500529866,0.04098805458286895,0.0834709800290345,0.060039207886933635,0.037066874063089436,0.0021527723426590954,0.06911370179591192,0.0996764064519572,-0.09139939382615218,-0.005963670997733005,0.021434694454736794,-0.05593545686258169,-0.03188317344802005,0.01658594944501159,-0.03269898299244871,0.016036985206269692,-0.02071920285940779,0.009036033578259916,-5.16,-7.0,-6.806475055733511,19
2022-02-02,4,-0.11257500000000001,-0.7003,0.40915668046197984,0.25,0.03222843491059596,0.005900505743552305,0.007119657299963636,0.00900324616348316,-0.6265354374419638,0.5,0.0,0.0,0.0,0.0,0.0,0.0,0.0,0.0,0.25,0.0,0.0,0.0,0.0,0.5,0.0,0.0,0.0,0.5,0.0,0.0,0.17909403228012963,-0.09981186721710972,0.008824366802084307,-0.04367157720308712,0.009746166762832565,0.08343757796793658,-0.04383918261537606,-0.00407273558416649,0.024415553722997873,-0.11079171311160826,-0.09583419925742567,-0.024761060590972613,0.08173979697698777,0.049326994708361466,-0.0630658511930685,-0.00028629524712635995,0.07892833518159008,-0.05910937640967612,-0.04205968998014063,-0.0014333029690025006,-0.05621191143793906,-0.04719049964266468,-0.02447440420085041,0.021864656131118893,-0.09400346280008298,-0.0339641610166119,0.0034857325513573036,-0.07060819387054795,-0.008634314457255996,-0.010279806262663341,-4.7,-5.0,-7.84235410176259,4
2022-02-03,2,-0.07405,-0.875,1.1327143527827306,0.5,0.029859556467356524,0.006004486615239244,0.0029895366218236174,0.011515722790942673,-0.5552631578947369,1.0,0.0,0.0,0.0,0.0,0.0,0.0,0.0,0.0,0.0,0.5,0.0,0.0,0.0,0.5,0.0,0.0,0.0,0.5,0.0,0.0,0.21224034378817225,-0.037077891417135946,-0.09292651997826396,0.024420613090745523,-0.05531130012723648,0.04068168921489394,-0.04531311503943439,-0.009342414292345495,0.04925322013729613,-0.029442976408102683,-0.003421413630552362,-0.041765946178306715,0.020613954866812355,0.01217642039955833,-0.06935892063070748,-0.042417535771250084,0.029042544176432532,0.058769486414145214,0.05113512360385894,0.016264502843557512,0.0752600374229675,0.011532028122582964,-0.062010071697380785,-0.013831966822565364,-0.0009702743718047174,-0.03566483910164406,0.01766718571562495,-0.021308960400933632,-0.019560489759302878,0.027056022212609457,-4.7,-5.0,-3.50203804347826,2
2022-02-04,11,-0.1654090909090909,-0.7906,0.4020837660352516,0.45454545454545453,0.030631046674711414,0.005955209091456067,0.006487610579512631,0.010555397957168327,-0.5913706170662691,0.7272727272727273,0.0,0.18181818181818182,0.0,0.2727272727272727,0.2727272727272727,0.18181818181818182,0.18181818181818182,0.09090909090909091,0.6363636363636364,0.18181818181818182,0.0,0.0,0.09090909090909091,0.0,0.09090909090909091,0.18181818181818182,0.18181818181818182,0.18181818181818182,0.18181818181818182,0.09090909090909091,0.22147581303971228,0.05071665778767549,0.01173843147990574,0.008626507595535866,0.023481330698390535,-0.003524939372495185,-0.008282405388875232,-0.013301055492426437,0.01546266370451231,-0.021940662334504667,-0.027343346479036003,0.008266612568047598,-0.025418236317795485,0.01471132870671658,-0.0008877767223494169,-0.00304755703679746,0.030557452244379505,0.0007088834358105213,-0.010132057764459952,0.004802819861599639,-0.0186098479440093,0.011593473449125525,0.017750125298649413,-0.00801085241571724,-0.033550902606539895,-0.005605085718698944,-0.004706637363764983,-0.007903532792735127,-0.0034238306767583816,0.0029905961518419304,-6.9,-10.0,-4.131017952209428,11
2022-02-05,4,-0.5100750000000001,-0.6808,0.15721215760875493,1.0,0.038231998583704796,0.0031800380314860634,0.007145198252674307,0.012563720461471315,-0.7792143019998696,0.5,0.0,0.0,0.0,0.25,0.25,0.25,0.0,0.0,0.75,0.0,0.0,0.0,0.0,0.25,0.0,0.0,0.0,0.0,0.75,0.0,0.22022473806283582,-0.03221128551161097,0.05408405113223852,0.004026371308200733,-0.026735652913608916,-0.013385421100551508,0.021706847234801038,-0.011167112117783082,-0.022193501481730063,-0.011548381968203285,0.025892903912996656,-0.008351108957980316,0.008849501512142833,-0.03366075943558755,0.03411062412427273,-0.013165381790288236,0.027065748491529547,-0.003828287307313539,-0.031035878560448177,0.020357793575912997,0.0027448994400840494,0.00360857254117654,-0.00257821225833438,0.013962722356291875,0.01867042388302159,0.016696252843076104,-0.010618960842786518,0.01184727709989617,0.02039473396460651,-0.01601464587986879,-8.5,-9.0,-6.567545813394368,4
2022-02-06,4,0.2088,-0.4939,0.5703107632393647,0.25,0.016509645761341486,0.010505158349159204,0.004739220217525029,0.01381038568128455,-0.2576754385964912,0.5,0.0,0.25,0.0,0.0,0.25,0.0,0.0,0.0,0.25,0.25,0.0,0.0,0.25,0.0,0.25,0.0,0.0,0.0,0.5,0.0,0.21336055289032574,0.014349878352382175,-0.07919514705091153,0.0071595573110848545,0.018527881898623182,-0.023033682569500166,-0.024172309326751948,0.023087589095811545,-0.012242780382147876,-0.005879027697684208,0.018966869065852446,-0.0037881343538662855,-0.011339442065291298,0.01615359893069548,-0.0012495829660717369,0.013872941316342695,0.022523062387690845,0.016369470627033398,0.00848486784432971,-0.018428411891654624,-0.0009591157798659058,-0.017057344794870904,0.02210403638944252,-0.02424083578305178,-0.0038104207998392336,-0.003264859077524042,0.026405155545578395,-0.010694815397560129,0.016484419352832902,-0.01068704232144044,-7.375,-9.0,0.826982016861145,4
2022-02-21,6,-0.46598333333333336,-0.8455,0.41360489076734414,0.8333333333333334,0.023831053258210846,0.0007931228450096375,0.005642212199791284,0.0027548251181766952,-0.7829537612146308,0.6666666666666666,0.0,0.0,0.0,0.6666666666666666,0.5,0.0,0.5,0.16666666666666666,0.6666666666666666,0.0,0.16666666666666666,0.0,0.0,0.16666666666666666,0.0,0.0,0.5,0.16666666666666666,0.16666666666666666,0.0,0.20165006140819264,0.0603176916918709,0.09300549510059498,-0.010191566730388868,-0.027314211758765927,0.03509072652951369,-0.009080628240435566,0.030589247627838018,0.048147618380244304,0.029074958669345476,0.00859779663719019,0.0021730129413045814,-0.03820105613403008,0.008394158127452332,0.00018137386563933655,0.06158185828963527,0.0004220682584992,0.00861969874386556,-0.02080434991702942,0.01435611184662758,0.003796751551856084,0.027037251488081143,-0.005694962641690212,0.016438982391373407,-0.04497632162803868,-0.006814516280095943,0.011042266969262998,0.007952615826659478,0.013202785848375864,-0.011550144766444212,-5.816666666666666,-9.5,-6.343979449445215,8
2022-02-22,4,0.0,0.0,0.0,0.0,0.023221938375134553,0.0043695150653195935,0.019575430995918724,0.005104235182874813,-0.5366904337492573,0.25,0.0,0.0,0.0,0.75,0.75,0.0,0.25,0.0,1.0,0.25,0.25,0.0,0.0,0.25,0.0,0.0,0.5,0.0,0.25,0.0,0.15896497963075218,0.10058179716099466,0.034443912917277955,0.02855677078414909,-0.031879833220538105,-0.02323335381187795,0.0017659365621849245,0.024216073714547533,0.05119150581999174,0.050233804712796995,-0.05527200388547318,-0.0047469083904212745,-0.023270388649117457,0.006479651790190263,-0.04353101674825524,0.015711194365681393,0.006944856569497792,0.018180129209113934,-0.02657043571044996,0.01609292196939536,-0.0031348218090835097,-0.0032611168674011055,-0.003173770367294798,-0.002891559474121326,0.01216670776980442,0.01044862559097345,-0.003917292155320725,0.011572828750612153,0.020502740072662957,0.003016273096114304,-5.7,-9.0,-1.383441376321385,4
2022-02-23,7,-0.0841,-0.6705,0.49278012338161536,0.5714285714285714,0.03305891863375662,0.003916235280934453,0.0037515766237519147,0.008767673685287978,-0.611873840445269,0.42857142857142855,0.0,0.14285714285714285,0.0,0.5714285714285714,0.42857142857142855,0.0,0.42857142857142855,0.0,0.5714285714285714,0.14285714285714285,0.2857142857142857,0.0,0.14285714285714285,0.0,0.0,0.0,0.42857142857142855,0.42857142857142855,0.0,0.0,0.19149440023603886,0.09356297701453255,0.0447267834638735,0.013139826673010896,0.005267765694425761,-0.007895617389744857,-0.019305601847825114,0.005566121837728533,0.03466220226644445,0.0026369491907533354,-0.015581972059868268,0.02675018224132966,-0.051630387614714036,-0.0026020185694101065,-0.019429246553821816,0.00809080190640367,-0.01319639086419216,-0.015549841647227053,-0.013800526391218771,0.029841389257555282,-0.00931855260080441,0.02591171064182061,-0.005114725703598303,0.003984709964296025,-0.005016925432066321,0.0015611903667516716,-0.005844124264130056,0.013084165515086746,0.012144433911936457,0.005264575985558539,-5.714285714285714,-8.0,-3.0100315030592677,7
2022-02-24,5,-0.31092,-0.8481,0.3705307234224984,0.6,0.02850311098347224,0.004503678001466234,0.00489883167269754,0.008178954047503307,-0.5254545454545455,0.6,0.0,0.2,0.2,0.8,0.8,0.0,0.6,0.0,0.8,0.0,0.2,0.0,0.0,0.2,0.2,0.2,0.2,0.2,0.0,0.0,0.18390369542983764,0.09033133514266374,0.10533089925086858,0.002940349878182616,0.019170076507124316,-0.0027125702852544243,-0.04797050302649278,0.016267375080540908,0.005401869217914782,-0.004595065853619862,0.013448108192925832,-0.02206675772957652,-0.00708697256183802,0.012327076492204552,-0.01822562779243954,0.027386495367962022,-0.01177924638264151,-0.005080261225132367,0.006578035758152126,-0.01338993797701261,-0.006568139904697218,0.018345050222816392,-0.036242059959553194,-0.01128033116365847,-0.013391695312653476,-0.005873992402166319,0.002757009076434203,0.014438687856771862,0.009748299109746688,0.007225117384939955,-6.220000000000001,-8.0,-4.459280303030304,5
2022-02-25,6,0.17858333333333332,-0.4215,0.469274893497049,0.16666666666666666,0.025144146288984492,0.01314905676849308,0.010263131282750868,0.012502973726179175,-0.48288578589330466,0.5,0.0,0.16666666666666666,0.0,0.6666666666666666,0.6666666666666666,0.16666666666666666,0.5,0.0,0.6666666666666666,0.16666666666666666,0.0,0.0,0.0,0.5,0.0,0.0,0.16666666666666666,0.3333333333333333,0.0,0.0,0.2041822789503239,0.09144528499822287,0.05382017265307931,0.02252692815058922,-0.014610639261301933,-0.010450488768953471,-0.0050341593262928615,-0.0076440708191918075,0.04604730496657997,0.0052594346269764026,-0.003616724201412,0.001876174144822047,-0.018147542569395287,-0.004861707191702124,-0.023851688080825398,0.008822684324600644,0.021694715686344162,-0.020608685331228636,-0.007384660584961607,-0.023732483999503135,-0.03601542462070482,-0.0007078932156032817,-0.017563002158745865,-0.017264205328668795,0.012158284091343216,0.005072729903538828,0.002137851315402816,0.041868584331038655,-0.0028574297840505605,0.0025978107449694467,-6.6000000000000005,-9.2,-3.692900507888265,6
2022-02-26,6,-0.3528,-0.9633,0.3655665684933457,0.6666666666666666,0.017906366651944405,0.002001433718515569,0.0048167941851215874,0.0042686570711481745,-0.6565295815295815,0.5,0.0,0.16666666666666666,0.0,0.5,0.5,0.16666666666666666,0.3333333333333333,0.0,0.5,0.16666666666666666,0.0,0.0,0.0,0.0,0.16666666666666666,0.0,0.16666666666666666,0.5,0.16666666666666666,0.0,0.19499102668813265,0.06946850755430005,0.05518121721321783,-0.014338785569111204,-0.027219465158310207,0.0055182554664175085,-0.05806072830328831,-0.016412330717495777,0.026920820681681893,0.03371187057094211,0.004199288968266174,-0.004610932940667933,-0.026739669001227515,0.021423377077691114,-0.024840604250032178,0.02547399057658652,-0.008428031651216441,-0.02189812825960012,-0.0046238095963626845,0.002978929329414862,-0.01134952654457208,-0.007473605266029897,0.024393049352909698,-0.004468745167538404,-0.010062474359501675,0.0017728221789617988,0.019456037580055142,0.051661610329132385,0.0009377044499892403,-0.03364325318934857,-5.833333333333333,-9.5,-4.028587449243308,6
2022-02-27,2,0.3753,0.0,0.5307543499586226,0.0,0.020696496989600438,0.008620689655172414,0.00992063492063492,0.0031472359058565954,-0.5045454545454545,0.0,0.0,0.5,0.0,0.5,0.5,0.0,0.0,0.0,0.5,0.0,0.5,0.0,0.5,0.0,0.0,0.0,0.0,0.5,0.0,0.0,0.1588976429230382,0.08275956738064089,0.08702163256885341,-0.04994664821505928,-0.02659706744796535,-0.027716309388098853,-0.03931396970783246,0.0329018909740569,-0.02205109665065748,0.012637438810978598,0.016248390643459294,-0.03445015755772814,0.02981416752177094,-0.03444130353576328,-0.005261711262822009,0.03129788990229083,-0.02623591281500817,0.02192336299677282,0.01895413841098212,-0.04172549999519776,0.002018549040358834,-0.018525372968735437,-0.005333108678244341,-0.009042190910307127,0.010907340011150277,0.0004095176354710446,-0.030231089397300043,-0.03021354377552988,0.014784364980167905,0.010497125731136637,-5.0,-5.0,-5.548462911111435,2
2022-02-28,1,-0.3612,-0.3612,0.0,1.0,0.007425742574257425,0.0049504950495049506,0.01485148514851485,0.0024752475247524753,-0.16666666666666666,1.0,0.0,0.0,0.0,1.0,1.0,0.0,1.0,0.0,0.0,0.0,1.0,0.0,0.0,0.0,0.0,0.0,1.0,0.0,0.0,0.0,0.18328849469707625,0.13048257086164794,0.055670780282049546,0.003340526016105087,0.0644350079608272,-0.02428577551249959,-0.04290438218130908,0.00620081282987173,0.056669699684058626,0.07233892957822498,-0.06380187071651337,-0.04482330976353782,-0.04680148025638522,0.003785846635046388,-0.01085839064786415,0.05891762846089366,-0.030198719872155676,0.012696980873861435,-0.025836313539594327,0.02133614414327023,0.008272346432161244,-0.025591212794878696,-0.038443192121759596,-0.002171376034699377,0.0076941276986961385,-0.017419798226234406,-0.006470538124421321,-0.00021264756828437317,0.020580102748913347,0.023405985256581954,-4.0,-4.0,-2.71604938271605,1
2022-03-01,6,-0.42924999999999996,-0.7096,0.2724986587122953,0.8333333333333334,0.0454123894597804,0.007683183179644223,0.011013820887337473,0.008080597766498545,-0.7152599715099716,0.5,0.0,0.0,0.0,0.5,0.5,0.16666666666666666,0.3333333333333333,0.0,0.6666666666666666,0.16666666666666666,0.16666666666666666,0.0,0.0,0.16666666666666666,0.0,0.16666666666666666,0.16666666666666666,0.3333333333333333,0.16666666666666666,0.0,0.18686724644568772,0.02259790467724396,0.08293706110926376,0.0035466376806228433,-0.03365841085833101,0.023633966260766633,-0.038787167614209916,0.0036311094241840564,0.055789590474658396,-0.008444162281917416,-0.015319144371267156,0.034557441244410014,-0.03588105523151326,0.018351710414370146,-0.018581275079038367,0.008541522197260511,0.01783383404795025,-0.01061847954487169,0.005278252163823807,0.006121541585383967,-0.004267707187486169,0.003471471086966002,0.001762318467277928,0.01067378505186585,0.025825028310745738,-0.008275974214819973,-0.023215054030036753,0.01947588760021822,-0.008328159209349123,0.012870804416962367,-6.866666666666667,-9.0,-6.9662620659456,6
2022-03-02,5,-0.19805999999999999,-0.7579,0.5456727389195836,0.4,0.02362739971608775,0.009816901426425976,0.009411878206024897,0.005601452603656351,-0.26293547774679854,0.6,0.0,0.2,0.0,0.4,0.6,0.0,0.4,0.0,0.4,0.0,0.0,0.0,0.4,0.2,0.0,0.0,0.0,0.4,0.0,0.0,0.24718375814973736,0.06327288252298374,0.021880300419957834,-0.014327959634279732,0.01843364649235179,-0.019224616426313873,-0.013238033735906079,0.017164003479151,0.042285191294201586,-0.026942439283677955,0.0012052339516352545,0.0061085069665274775,0.011076584871061668,-0.032672884194695925,0.0402415212696617,0.040523296631863714,0.04811017733405987,0.006813233207409927,0.02762104713197221,0.0017659003873100518,-0.03193871201758283,0.008351816856335348,0.012115569293758153,-0.010334372514887252,0.003632610261930946,0.01254574320015136,-0.009391078063753644,0.033633951568862785,0.012100006518993539,0.024148432804502566,-4.88,-5.0,-3.0662276059304383,5
2022-03-03,5,-0.1809,-0.6369,0.3664582036194578,0.4,0.028156728132437876,0.0029586580157814875,0.004108280607946438,0.014452769756266378,-0.7096031746031747,0.4,0.0,0.2,0.0,0.4,0.4,0.0,0.2,0.0,0.4,0.0,0.2,0.0,0.0,0.0,0.0,0.0,0.2,0.6,0.2,0.0,0.19149367982519933,0.018418690549337563,0.03950440078662872,0.02388041610682062,0.04287636696303093,-0.02222482296131159,-0.018074908239077557,-0.007543247936620957,0.005890734324214772,0.051023803732587136,-0.02357771455666454,-0.025608890113295535,-0.03433434106877849,0.028067895120168756,-0.020671656968126187,0.017156151399100355,-6.242423849660388e-05,-0.008399102675940125,0.0007272092380431298,0.00022447890928480735,-0.021907930380586874,-0.022654072019030837,0.043117269867581645,-0.027900034605018508,0.02247663407659252,-0.0022477086986415263,0.008179098483223898,0.00231802841117585,-0.008875074086458767,0.002594603178267198,-5.6,-9.0,-4.641446828191028,5
2022-03-04,4,-0.321425,-0.8442,0.38345781493318576,0.75,0.040001770416482015,0.004761228319744902,0.0062946445045852836,0.008547643328878841,-0.6732637265995917,0.5,0.0,0.25,0.0,0.75,0.5,0.25,0.25,0.0,1.0,0.0,0.0,0.0,0.0,0.25,0.25,0.0,0.0,0.25,0.25,0.0,0.28991723215483584,0.06335232378723529,0.06288408027180716,0.009909943995472011,0.006771520919025664,-0.05891873931634823,0.022022444372094822,-0.002756158771183995,0.05392783620624768,0.0023409508397373643,-0.004741307203101532,0.003057868349627621,0.025700967043333165,0.020223512326014242,-0.01393208349436424,-0.03400849057520405,-0.012003881913815073,0.04160094500317062,0.006979433050412823,-0.030252073746636177,-0.020867840557541158,0.022328059201202753,-0.005118147943879051,-0.002133462565117975,-0.036567480037173666,-0.0006983082870176543,0.0017776623908996054,0.032339961856547736,-0.0166368982510933,0.014758890133678794,-6.225,-9.0,-4.7212196474489225,4
2022-03-05,7,-0.3856857142857143,-0.7845,0.32895489269590056,0.7142857142857143,0.021881425253635577,0.004260946598360922,0.005606514927215702,0.009145429292357147,-0.5330730081783946,0.7142857142857143,0.0,0.2857142857142857,0.0,0.5714285714285714,0.42857142857142855,0.0,0.2857142857142857,0.0,0.5714285714285714,0.14285714285714285,0.14285714285714285,0.0,0.42857142857142855,0.0,0.0,0.14285714285714285,0.0,0.42857142857142855,0.0,0.0,0.23549142443928633,0.027833601954215314,0.059693693205966084,0.0063362410946415084,-0.019435705989735874,-0.014170697130392387,-0.026131615106990254,0.02489460215054317,-0.0017735897115844104,0.020786555790977292,0.028954193733867588,-0.0013997567910281046,0.012284043153540647,-0.020277965030361753,-0.02263672968074146,-0.011496133518389212,0.0139660107591206,0.014601619706477565,0.032083731246256304,-0.019558111902681426,0.0014978617625794768,0.012348734362824493,-0.00884065444899402,0.012621919850600604,-0.006089610973110928,0.012713140202328638,-0.004924093631802114,-0.0030485939605651496,0.002426675165446385,0.004810058037588947,-5.314285714285715,-7.2,-4.905211552357839,7
2022-03-06,2,-0.5363,-0.6908,0.2184959953866432,1.0,0.02605258784182211,0.0037759518426690526,0.006399879788810797,0.000758150113722517,-0.7175245098039216,1.0,0.0,0.5,0.0,1.0,1.0,0.5,1.0,0.0,1.0,0.0,0.5,0.0,0.0,1.0,0.0,0.0,0.0,0.0,0.0,0.0,0.2552465078710154,0.17626198110160296,0.11791433110510278,-0.033725429192771605,-0.016801038256025427,-0.008685106081358739,-0.04517051626341716,-0.01093571803858183,-0.03339503182356931,0.06912544105715007,0.008107238113107689,-0.029585747345557484,-0.019250658447147566,0.022635169573263947,-0.02367466743361077,0.023631516906325572,0.022292481074442677,0.007708803129500579,-0.005211952740496595,-0.017737050247997252,-4.008341767538538e-05,-0.04851470821407124,-0.038208780228097816,-0.057411712979415594,-0.0272818941303442,-0.05902217290040884,-0.015613894600121796,-0.0035856401506673677,0.02736011291666887,0.09137107621173922,-4.4,-4.4,-4.044709830905995,2
2022-03-14,7,-0.13899999999999998,-0.6486,0.38010984377326157,0.5714285714285714,0.03134405340706617,0.0034069044247316714,0.007562083428628741,0.010221202939762319,-0.7321878302000007,0.42857142857142855,0.0,0.42857142857142855,0.0,0.5714285714285714,0.5714285714285714,0.14285714285714285,0.42857142857142855,0.0,0.5714285714285714,0.0,0.2857142857142857,0.0,0.14285714285714285,0.14285714285714285,0.0,0.0,0.14285714285714285,0.42857142857142855,0.14285714285714285,0.0,0.23974912640856197,0.04180252696710128,0.06340734780392285,-0.004132499950258997,-0.0028441664143727236,-0.010291430018081138,0.006241634521453725,0.003971335100227986,0.00021899840299844118,0.0037193528325157052,-0.03237735339352577,0.020187981609440433,0.01661465332572864,0.004664348360424331,0.013938210658682674,0.009433633923947776,-0.005737616225212322,0.0016204791000845205,-0.0001861213462908471,-0.01843327447328043,0.00048695929131080195,0.0006671842404012586,-0.020414975177485944,-0.0230710378379619,-0.015212925876679259,0.006901469922331917,-0.030686326974527244,0.009624042782649781,0.017508287490870095,0.008646413769110612,-6.742857142857143,-9.2,-5.417686528117839,7
2022-03-15,6,-0.6205833333333334,-0.8971,0.21115891093360628,1.0,0.03202588206941317,0.004705794926293287,0.006847742966271892,0.010744890983123869,-0.6840652823411445,0.5,0.0,0.16666666666666666,0.0,0.5,0.5,0.0,0.16666666666666666,0.0,0.8333333333333334,0.0,0.16666666666666666,0.0,0.16666666666666666,0.3333333333333333,0.0,0.0,0.16666666666666666,0.3333333333333333,0.0,0.0,0.2311216175542609,0.07182766776015148,0.01251896204862279,0.0025921508562418405,-0.05703574188518057,-0.029593153402443603,-0.045956714680318124,-0.04384659490640228,0.007352831575024028,-0.006864870625065865,0.04333691615710353,0.02474782952698953,0.030012583943773565,0.010592515874644133,0.009094791150703508,0.03218204006175306,0.0026254875779939102,0.01859393125656002,-0.02560081783720393,-0.011690803681625249,-0.010911337470960854,-0.0008722337689816331,-0.0003206222648795415,-0.0001164556748645187,0.0056749843070019726,0.017098864944478664,-0.01036516184381076,0.011997368601644793,0.009659555787844882,-0.014493007320617998,-6.433333333333334,-9.2,-4.577408451116466,6
2022-03-16,7,-0.31102857142857143,-0.7184,0.25244928675073014,0.7142857142857143,0.03830147620040515,0.0051396948143423065,0.005502493233132554,0.012878490195532699,-0.6522901424720832,0.5714285714285714,0.0,0.14285714285714285,0.0,0.14285714285714285,0.14285714285714285,0.0,0.0,0.0,0.2857142857142857,0.0,0.14285714285714285,0.0,0.14285714285714285,0.42857142857142855,0.2857142857142857,0.0,0.0,0.14285714285714285,0.0,0.0,0.17547002702925035,-0.014944045941323312,0.031478218864648896,-0.019420368167609062,0.0059510984978556536,7.623553464236797e-05,-0.01686394540690238,-0.026829157735879405,-0.015372923940534819,0.03365458078672235,0.0031400349205000615,-0.04035684816736563,0.013009680852325413,-0.004997024548863937,0.015624950751074094,-0.0008348767798743806,0.029268349540829238,0.017032611312873515,0.004831666382180994,-0.031004686076940034,-0.0216331981568979,-0.007914012707630948,0.043892720536884325,0.02020952799266332,-0.0006828579196153035,0.015121993031259443,-0.001889428803070958,0.024621058545787854,0.012972739424022332,-0.015043461696618533,-5.171428571428572,-6.5,-4.988601345353666,7
2022-03-17,4,-0.24302500000000002,-0.7184,0.48585828094894773,0.5,0.0373928308600465,0.008335282360677869,0.007946320610165123,0.019024955628023508,-0.549537037037037,0.5,0.0,0.0,0.0,0.0,0.0,0.0,0.0,0.0,0.25,0.25,0.0,0.0,0.25,0.5,0.0,0.0,0.0,0.25,0.0,0.0,0.1750695356044205,-0.06211418502665343,-0.017645808405020842,0.005647677283933695,-0.025281205018403415,0.01900705820239531,0.008521370115729416,-0.014377465517120984,0.033121789101009685,-0.03944239790378721,-0.0019662813274700713,-0.025596362391902865,-0.018878798131515658,0.00622674111524844,0.005789914184100569,-0.016019281932617584,0.007168134935110654,0.02354811474236275,0.010666330614171,0.0019440392988586668,0.03197910246315753,0.006841643101904023,-0.014015392535884533,-0.02481679961230394,-0.05513104535523844,0.003907701696784432,0.022879023039860117,-0.02857789450544268,-0.019867426745804308,0.01895308489146786,-5.35,-7.0,-5.26744975315113,4
2022-03-18,6,-0.4043666666666667,-0.8225,0.5006694704759485,0.6666666666666666,0.043985990299630184,0.0012054677028582983,0.008495537082873495,0.01241035222492221,-0.8723389355742297,0.5,0.0,0.3333333333333333,0.0,0.5,0.5,0.16666666666666666,0.3333333333333333,0.0,0.5,0.16666666666666666,0.16666666666666666,0.16666666666666666,0.0,0.3333333333333333,0.0,0.0,0.0,0.5,0.16666666666666666,0.0,0.23645704567893708,0.036994285462407524,0.08861669169429627,-0.003690809869934452,0.006461032162882689,0.022662149783362565,-0.010397255078286675,0.0009289787586264057,0.040369365973906106,-0.002149060798253976,0.02037465758493168,0.010492615167810951,-0.008687552001302024,-0.0030026846395326636,0.018279415400061047,0.0009210315799910591,-0.012733429292189619,-0.00515085156287773,-0.0028601189456144553,-0.006322653451854239,-0.028453679209133293,0.040411572103533924,-0.011740821658371073,-0.021861722729786617,-0.019804183855025137,-0.013924502177599085,0.007009128285392522,0.009181364686346076,-0.0012658327653690179,0.004209573401003469,-5.8999999999999995,-9.0,-6.871805759242438,6
2022-03-19,3,0.15666666666666665,-0.0516,0.31709287808674186,0.3333333333333333,0.024049437285459056,0.002411772624538582,0.004815957586863079,0.0028703854285249634,-0.4875,0.0,0.0,0.0,0.0,0.6666666666666666,0.6666666666666666,0.0,0.3333333333333333,0.0,0.6666666666666666,0.0,0.0,0.0,0.0,0.0,0.0,0.0,0.3333333333333333,0.3333333333333333,0.3333333333333333,0.0,0.1818144919980762,0.06467509951322647,0.08284820651998615,-0.0030395806402989597,-0.017277073199381102,-0.028963247907762973,-0.0543010436175401,0.003318810517487594,-0.007174064057766392,0.018170460556783872,-0.022678906450877053,-4.5487484527909995e-05,-0.015407965854592457,0.0030354347335691035,-0.0032578245101431043,0.018932102383734054,-0.007050168019498533,0.013807609584438827,-0.013596796330686757,-0.020842681795782313,-0.016904972655715514,0.006217632666288415,-0.010007140730118389,-0.04619375017758969,-0.010205587869993751,-0.017306860631983643,-0.008140577036155885,-0.0041582800125450564,-0.005153575128298194,0.029763963445253134,-7.333333333333333,-9.0,-5.166466354616373,3
2022-03-20,1,0.3612,0.3612,0.0,0.0,0.017486338797814208,0.01092896174863388,0.006557377049180328,0.003278688524590164,-0.2222222222222222,1.0,0.0,0.0,0.0,1.0,1.0,0.0,0.0,0.0,1.0,1.0,0.0,0.0,0.0,1.0,0.0,0.0,0.0,0.0,0.0,0.0,0.27424855648244617,0.2584882317589226,0.10475411853876512,0.0884681149769027,-0.021824057505041957,-0.020665255280928524,-0.026202407554634405,-0.016636768922754112,0.06279958805130773,-0.05856198306089281,-0.037206894736535476,0.0974151436890613,-0.033287926903399614,0.005322921123228626,0.012063767559392721,0.016565870837963906,0.05975432511297525,-0.028568266052020366,-0.05839895895219677,0.055967294046566966,-0.01178028476920832,0.023441018956503024,0.02735714256605734,-0.01245443534714411,-0.019860166644259325,-0.02483301356494521,0.015673133329697567,0.04690622192790143,-0.0014231366963692405,-0.0031291715007732003,-7.0,-7.0,-1.86823992133726,1
2022-03-28,7,-0.2327142857142857,-0.8271,0.6510362980883412,0.5714285714285714,0.030871929248495335,0.007766236843483486,0.004995487853997114,0.018979861350793586,-0.5104775243430706,0.5714285714285714,0.0,0.14285714285714285,0.0,0.14285714285714285,0.14285714285714285,0.0,0.14285714285714285,0.0,0.14285714285714285,0.0,0.0,0.0,0.0,0.14285714285714285,0.0,0.0,0.0,0.7142857142857143,0.14285714285714285,0.0,0.22064327858328323,-0.03016462508639802,0.005308126709097654,0.004489088582904173,-0.012019716157245628,-0.03571549896240562,-0.010306600533446135,-0.003981461977786633,0.004331876315310219,-0.004240397336357458,-0.0317263473672858,-0.01105833212591531,-0.025092704842062385,0.014550801510690645,0.018792500897861653,0.010524550251901224,0.0027206119867627305,0.008019882099154859,0.037096718307110685,-0.014918649697049076,0.004787988309945025,-0.001531748213864908,-0.019824837146808195,-0.00795042622490405,-0.029001531648590338,0.004923065631611888,-0.008965317962765078,-0.010757852035484806,0.029472776700863686,-0.006876994958434257,-5.485714285714286,-9.0,-3.8623575319643457,7
2022-03-29,5,-0.24404000000000003,-0.7096,0.3414919149848207,0.4,0.04057824841608586,0.00401287005003277,0.004553490238909175,0.019040935354777494,-0.7076270338856545,0.4,0.0,0.0,0.0,0.0,0.2,0.0,0.0,0.0,0.2,0.2,0.0,0.0,0.2,0.2,0.0,0.0,0.0,0.4,0.2,0.0,0.18432082285584084,-0.028062456380998718,-0.024049398436533895,0.007230818700269509,-0.0010635736852208084,-0.024692186236359732,0.011902946647144624,-0.014590575283106089,-0.021538695612592036,0.010083509409802544,-0.055492430238578395,-0.013800453772551107,0.056120288796648696,-0.02549946124024291,-0.03677080347043449,-0.017108661253720372,0.05892828194138979,-0.041597011160109595,-0.04660186630558295,-0.0028025916459597975,-0.020186250391100734,-0.0021693857993419275,-0.002260890928094965,0.02792172519800735,-0.039756423758694315,-0.024086743394655642,-7.288424665570746e-05,-0.06059064354204048,-0.0042412174329651345,0.0018312861788967057,-5.68,-9.0,-3.17512303031768,5
2022-03-30,1,0.0,0.0,0.0,0.0,0.006430868167202572,0.006430868167202572,0.0,0.003215434083601286,0.0,0.0,0.0,0.0,0.0,0.0,0.0,0.0,0.0,0.0,0.0,0.0,0.0,0.0,0.0,1.0,0.0,0.0,0.0,0.0,0.0,0.0,0.1947525526709743,0.01583806163067695,-0.07003255182149792,-0.0628566950918158,0.015281947873211518,-0.05963261010729046,-0.024027383136931445,-0.06966663022846392,-0.02194242925075922,0.1839179749011809,-0.021669986612920474,-0.05689882009948979,-0.00240601817377651,0.0414910730995791,0.0028075742152220934,-0.0065932651668811,0.1057708259961898,0.01698282376139715,0.0037378937719780244,-0.06626039178415788,-0.08712287878045419,-0.06679138465067713,0.13553820437215403,-0.017424826127246374,-0.01930726907505457,0.05584229667525085,0.020931032261390984,0.08467660437594708,-0.02741098369028001,-0.014167735042505101,-4.4,-4.4,-0.77399380804954,1
2022-03-31,6,-0.060650000000000016,-0.8658,0.4407693716673154,0.3333333333333333,0.02319019414636103,0.0037504664354512537,0.0037911264165591345,0.0033622392686353405,-0.5785597572362279,0.8333333333333334,0.0,0.0,0.0,0.3333333333333333,0.3333333333333333,0.16666666666666666,0.3333333333333333,0.0,0.5,0.16666666666666666,0.3333333333333333,0.0,0.16666666666666666,0.16666666666666666,0.0,0.0,0.0,0.3333333333333333,0.3333333333333333,0.0,0.21920786648641052,0.030407228128592822,0.004780779538654485,-0.012770717953685456,-0.03159106336119396,0.002427101318189881,-0.009831856362394831,-0.01752305158827713,0.023014547887214937,-0.013697302005775453,-0.011774677233824105,-0.03821042960126896,-0.0506318379570407,0.035302318790397934,0.008477593149279303,0.00787271012698129,0.02265831047903508,0.009032572997428686,0.005051884596057995,0.0021163862321602624,-0.0029532811165311327,-0.015997956642022637,-0.004695924375473306,0.01653898114543703,-0.0024425621526808243,0.009773718857739764,0.003457134504993876,0.014369123296176319,-0.00869242929475428,0.015412114892038491,-6.316666666666666,-9.5,-4.6724744553420345,6
2022-04-01,3,-0.5693,-0.8271,0.22326134909562828,1.0,0.05850129362704685,0.002645384252007658,0.0041744362397752414,0.04626234303262087,-0.834774354399689,0.6666666666666666,0.0,0.0,0.0,0.0,0.0,0.0,0.0,0.0,0.0,0.0,0.0,0.0,0.0,0.0,0.0,0.0,0.0,0.6666666666666666,0.3333333333333333,0.0,0.21321544177573468,-0.19875461942487652,0.07799606795489439,0.08414960532632322,0.02198248131254396,-0.0419185763460938,0.017453060343225465,0.009572885648000903,-0.020336929634307926,-0.008989257460880922,0.012930605536784781,0.009027969149907842,-0.02996414002585328,-0.019150884053504954,-0.017729501327339425,0.010223013344667013,0.016374209250771044,-0.009199481811019235,0.002168543958756791,0.008845439758840922,-0.02423333324689948,-0.012762546124202976,-0.023943884367425654,-0.00778038225732578,0.004113221184239915,-0.006548239953081149,-0.02698932692520084,0.02553275143420124,-0.007981692371269652,-0.012274776848092675,-6.333333333333333,-9.0,-8.654159765346668,3
2022-04-02,5,-0.43689999999999996,-0.9062,0.323438896856887,0.8,0.027040118205522285,0.002477254784734837,0.006361519257883856,0.011556702714236804,-0.7260989010989011,0.4,0.0,0.0,0.0,0.2,0.2,0.0,0.0,0.0,0.4,0.0,0.0,0.0,0.0,0.0,0.0,0.0,0.0,0.8,0.2,0.0,0.1824410107770348,-0.06642561973230832,0.04171974002771465,-0.014954020480446093,-0.027697076254218418,-0.011389839828362747,0.028048215589017822,0.005425216922141598,0.034189426694481787,0.012983988758072709,0.02574973628434226,0.019944498547848792,-0.007771540180731834,0.001167987455477275,0.0032407656598182357,0.010456460112628598,0.008759248391401086,-0.02495194825853411,0.0028611171071367776,0.008013250340042133,0.004163091872819554,0.006484703584858545,0.011356132116051692,0.04018685031574509,0.028575826818148103,0.018977128381829484,-0.0010550611419066769,0.0029135359642623805,0.014401179825505006,0.010871475829522024,-5.8,-9.0,-6.449498022003903,5
2022-04-03,2,-0.29295,-0.5859,0.4142938630971982,0.5,0.0474925792844868,0.0034721137322293394,0.004870332760506171,0.027157865958443994,-0.8461399711399712,1.0,0.0,0.0,0.0,0.0,0.0,0.0,0.0,0.0,0.5,0.5,0.0,0.0,0.0,0.0,0.0,0.0,0.0,1.0,0.0,0.0,0.25354902351096636,-0.07427349479206814,-0.07814462383590537,0.10425386246311594,-0.01738739350823543,0.07794501164868896,-0.046700609245028044,-0.002228584834046265,0.012253420680144459,-0.0260977809860834,-0.003737054369257177,0.0033619218620927153,0.01593045973872998,-0.017875075800234796,0.006323459698647907,-0.045754643103544566,0.019459659271611335,0.009583641792479393,0.05677699861245156,-0.01147771753289374,-0.001872082980895061,-0.007412362249981979,-0.009029232184235021,0.027594779964261813,0.013986110865613938,-0.013792810147863082,0.005631124411243497,-0.0004294053420070623,-0.02602899462327128,0.034196294480579356,-5.0,-5.0,-5.72675231296609,2
2022-04-25,8,-0.24406250000000002,-0.7717,0.3436130212795451,0.5,0.03103036530281368,0.004361607458173029,0.008093217625456063,0.01305416362164253,-0.5863682732708468,0.75,0.0,0.375,0.0,0.375,0.5,0.25,0.0,0.0,0.625,0.25,0.0,0.0,0.0,0.25,0.0,0.125,0.125,0.375,0.125,0.0,0.19727804633479362,0.03632376104207283,-0.02888991339933228,0.017426478154274914,0.03750355244556027,0.010821362653129895,0.005956503726775337,0.022276314612900402,0.012350270004895017,-0.01068400671581194,0.019497333672818036,-0.00019455204611895476,0.004136626630140974,0.012629666652688176,0.007655097447597796,0.003065957273591652,0.012913717786935827,0.0015969934310877017,0.004441314758545554,-0.010193845609722627,-0.005684549131726217,0.006934461023821966,0.0009514750784324131,0.009122285469515988,0.0015897294078891884,-0.0018858274610669746,0.005482457712484628,0.009847349696280386,-0.02819332409836753,0.002263356681200237,-6.0,-9.0,-4.783960304174869,8
2022-04-26,5,0.20358,-0.6124,0.5191779916367796,0.2,0.033113498204398115,0.006163999317271675,0.005757011413393481,0.01999698663871872,-0.5934261974584556,0.6,0.0,0.6,0.0,0.4,0.4,0.0,0.4,0.0,0.4,0.0,0.0,0.0,0.0,0.0,0.0,0.0,0.6,0.4,0.0,0.0,0.17192093187623964,0.037448176332751056,0.0011218417743770527,-0.006521853259562567,0.03945610152246369,-0.030623266774962722,-0.03267063013159932,0.000154638984642419,0.012635418820562488,0.022656176815639088,-0.013201381861167752,-0.00039620858196549034,-0.04810724446561896,-0.021002930759838077,-0.0054822193988397685,0.03164495383788912,-0.007259851009802523,0.0049918691042312195,0.00033573592329801393,-0.010335468435681772,0.008703380268847196,0.0158876734197323,-0.006662115482610425,-0.010431620950009851,-0.02300890932895258,-0.005604171498446108,-0.00806042283259257,-0.009865576961417499,-0.013145144680034807,0.010857355889276676,-5.8,-8.0,-1.73686266311847,5
2022-04-27,3,-0.5511,-0.7579,0.23470741360255323,1.0,0.04514054060713288,0.0008291873963515755,0.008245695398715345,0.007055067342415647,-0.8948028673835126,0.0,0.0,0.0,0.0,0.0,0.0,0.0,0.0,0.0,0.3333333333333333,0.0,0.0,0.0,0.0,0.3333333333333333,0.0,0.0,0.0,0.3333333333333333,0.3333333333333333,0.0,0.18128512261754748,-0.09109837303041814,0.05295356695811901,-0.07902509773186332,-0.023459836038930388,0.09080144389904089,0.01998705827455594,-0.03604806748857247,0.046758891556572514,-0.005896998454210235,0.018006851495418554,-0.0497655251778796,-0.03164958724467462,-0.04595559155491153,0.005744872249823668,0.005433457429042408,0.0020125445446500987,-0.015162642233927784,-0.010333495241779152,-0.026480066085587922,-0.02073986306595371,0.02647151925138232,0.032602665553820444,-0.02172040305105706,-0.02775006248353497,-0.0365544561608386,0.0047868374367573035,-0.021977590574095266,0.026446245033672294,0.0002811565087652683,-6.6000000000000005,-9.0,-9.09787298101784,3
2022-04-28,8,-0.33975,-0.7845,0.5107542601738279,0.75,0.03233346482917439,0.0028205959258720955,0.003852463043933956,0.0058107986057413475,-0.7265395609824958,0.5,0.0,0.125,0.0,0.25,0.125,0.0,0.125,0.0,0.125,0.125,0.125,0.0,0.0,0.125,0.0,0.125,0.25,0.5,0.0,0.0,0.18907976730684714,-0.026586563871639997,0.03274969193024075,-0.03452725413311796,0.049003300546247394,0.02145810828526848,-0.01739538267884283,0.0046496977848065795,0.032138113638483165,0.016624147727168713,-0.03891566190456923,-0.01525436469347935,0.013901178813209226,0.03873778485663933,-0.019847216787513042,0.02355431259356624,0.005132269604056584,-0.0027571674698392457,-0.026989477875715713,-0.0005961530513497754,-0.02172182744814853,-0.010942057398604708,-0.006362062178345145,0.007498264996932275,0.0013915676850991179,-0.019841167326039175,0.004151858647000385,-0.008648753523465277,-0.008458536586844192,0.008586602622951871,-5.775,-8.0,-6.385240818653595,8
2022-04-29,5,-0.2061,-0.5574,0.26392874038270253,0.6,0.02840942339903016,0.005509008541345036,0.011616299963913616,0.0227907811712221,-0.39605242627555,0.8,0.0,0.2,0.0,0.4,0.4,0.0,0.0,0.0,0.4,0.2,0.2,0.0,0.2,0.2,0.0,0.2,0.0,0.4,0.0,0.0,0.18452170871788526,0.0621782649508311,-0.015830149389051588,0.007148406045574618,0.006339592974418266,-0.02298930843594635,-0.011486737193513591,-0.019308633280202485,0.03209977958751841,-0.0013338969855620898,-0.007104013219959945,0.017446270076691955,0.016681535835823182,-0.007260756710790138,-0.025130363321997785,0.004212837423313229,-0.02451690158419051,-0.01603836374758482,-0.010007652422605517,-0.005912802931097902,0.0018633806965163535,-0.029827301411467964,0.00956767132549748,0.015269178952087153,0.01061155874823285,0.016770724368892063,-0.013378517347944227,0.022404358363562173,0.0033690657106395737,0.00999294182913663,-5.32,-7.2,-4.763123472440622,5
2022-04-30,5,-0.34382,-0.9393,0.6068138899201302,0.6,0.05868054210445515,0.00101010101010101,0.0027573875399962357,0.02238151341412211,-0.837092731829574,0.6,0.0,0.0,0.0,0.0,0.0,0.0,0.0,0.0,0.0,0.0,0.0,0.0,0.0,0.0,0.2,0.0,0.0,0.6,0.2,0.0,0.13824944578175846,-0.10926283797720715,0.0635577400177915,-0.0308173995145525,0.016417792024227836,0.029405928880297548,0.0010946926782943304,0.003075691774329156,0.0022832872335406054,0.011025815974499899,0.005249121604977981,-0.0019422143324945285,-0.0021514615911975453,-0.00582361578230559,0.007386505061300466,0.004406163987179452,-0.015373816749938679,-0.030988710070260155,0.0038377670257235237,0.008819295531598522,0.008695260563119724,0.02197625742132749,0.02211743779732519,0.01327722002752783,-2.1255271095333565e-05,-0.009234988836070561,0.04650799823881482,0.0013027783065066314,-0.000742190344333437,0.01454172418651394,-6.3,-9.0,-6.635760005500688,5
2022-05-01,5,-0.30706,-0.6597,0.30648037131274813,0.6,0.02327284826562868,0.0063152460235766095,0.0079919998040372,0.0054629599855229236,-0.535792220113852,0.6,0.0,0.4,0.0,0.2,0.2,0.2,0.0,0.2,0.4,0.0,0.0,0.0,0.0,0.2,0.0,0.0,0.2,0.6,0.0,0.0,0.19922764953454672,0.018748401716662075,-0.021932888801654477,-0.06054199723947469,0.03551167282285014,-0.04016978723301984,0.02719838210702291,0.02775590542257228,0.0159151243154814,0.021283109215483903,0.009850556863049361,-0.02678179323505578,-0.0009904064356918499,0.0013731973265271973,-0.04048540184817663,-0.0117177253482262,-0.016426499151375125,-0.010385307690489561,-0.013041489652972232,-0.002338631953067652,0.004948888953026744,-0.03024279242778143,-0.001373141217429184,-0.023101180576047035,0.01783460896295209,0.018438545664274917,-0.01952326185280969,-0.005846011254326484,0.012172008174326714,-0.028541173095739485,-4.68,-5.0,-0.8787825922128178,5
2022-05-30,2,-0.5081,-0.7506,0.3429467888754756,1.0,0.024407537453463465,0.006333333731975876,0.008068475228153092,0.00879126398786851,-0.5283742331288344,0.5,0.0,0.0,0.0,0.0,0.0,0.0,0.5,0.0,0.5,0.0,0.0,0.0,0.0,0.0,0.0,0.0,0.5,0.5,0.0,0.0,0.2532800426664781,-0.024617887184511696,-0.038206022603929454,-0.044296701127709545,-0.030728211624810185,-0.06948662958133571,0.02386741740207036,0.03560971005756085,0.015789925771218998,-0.017662083330107287,-0.018023669948256642,0.028174502809325,0.03209428034441359,-0.04284673383986275,0.03641357029112107,-0.013315987675534866,0.004318437229390936,-0.04053496357430408,-0.02779936897526514,0.018181518130251404,-0.004547909935064681,-0.010283235193354051,-0.003769018284468177,-0.005890219107285473,0.014339854635939807,-0.013514909549326156,0.04395360290992707,-0.0254582081160628,0.014512548476756183,-0.010011874633866068,-4.5,-5.0,-1.8724039936526,2
2022-05-31,5,-0.5020399999999999,-0.8228,0.31805117984374776,0.8,0.054912149617120785,0.0030480854874686846,0.006576920366217975,0.01162580213634336,-0.8119056107291401,0.2,0.0,0.0,0.0,0.0,0.0,0.0,0.0,0.0,0.2,0.2,0.0,0.0,0.0,0.2,0.2,0.0,0.0,0.2,0.4,0.0,0.21660712951081681,-0.09279529114186522,0.0237923471022229,-0.037986729361633303,0.010586832808074997,0.03623764671570502,-0.018138980573160508,-0.01566130730264288,-0.006611353358460481,0.007046065932981707,-0.022744345677774145,-0.00434733336369624,-0.017916253543688605,0.028691134933552232,-0.039437806172626266,-0.06766129055943085,-0.0019100513736930197,0.0006261641525025068,-0.0015525448735961606,0.03598341426731366,0.011836426010221049,0.00629778456606773,-0.008442485117193832,0.010375801283717949,-0.01667893373998469,-0.014462755560624263,0.001871781870271097,0.03568674872035046,-0.0075351545864322635,0.014602691525235597,-6.88,-9.5,-7.517042336204955,6
2022-06-01,11,-0.3462181818181818,-0.9337,0.46438684481406617,0.7272727272727273,0.03088582074053174,0.004916067461166173,0.00843145858897418,0.010749929637198834,-0.6847976889624486,0.7272727272727273,0.09090909090909091,0.18181818181818182,0.09090909090909091,0.36363636363636365,0.36363636363636365,0.2727272727272727,0.09090909090909091,0.0,0.45454545454545453,0.18181818181818182,0.09090909090909091,0.0,0.18181818181818182,0.18181818181818182,0.09090909090909091,0.18181818181818182,0.0,0.2727272727272727,0.09090909090909091,0.0,0.23531159712970992,0.002541982413095011,0.023690975360292035,0.013800654020493054,-0.03687711664733953,-0.01948442267423188,-0.00619818218319472,-0.013903396445936154,0.004504410571063797,-0.014934741911992611,0.011450157501644949,0.01606492349095846,-0.006224727231001082,0.009716561755572221,-0.0026852235372001893,0.0020529816538741117,0.00024452566652103833,-0.012913222005699205,-0.0003569452314721293,0.008530647021176061,-0.005946642029485184,0.0038755259689722973,0.0032396340897444214,0.014522866682809695,-0.004012680692457283,-0.007400415965397713,0.0038762768897443694,0.015095848201280248,0.004960683368203535,0.00551036902730136,-6.027272727272727,-9.0,-5.348581276415688,11
2022-06-02,12,-0.352425,-0.8104,0.501450282362886,0.75,0.03138024655942916,0.007743664818174235,0.0037473653591216256,0.012953059142516753,-0.5161456023701635,0.5833333333333334,0.08333333333333333,0.0,0.0,0.16666666666666666,0.16666666666666666,0.08333333333333333,0.08333333333333333,0.08333333333333333,0.25,0.25,0.08333333333333333,0.08333333333333333,0.0,0.08333333333333333,0.16666666666666666,0.0,0.08333333333333333,0.5833333333333334,0.08333333333333333,0.0,0.2243584713671928,0.0011677832932163645,0.010922016569905412,-0.024405271715313592,-0.020580009801743956,0.012899634078538521,-0.02605560935979305,-0.03428790568082569,0.017226175109455146,0.01234852425097678,-0.0008741102589018024,0.016367241992065167,-0.0052599287857403665,-0.015928721159756316,0.015208002401367248,0.008544461666796765,-0.006438528253034981,0.00041404560410982817,0.0003362575658389084,0.003968931914352102,-0.0010788458491029014,0.00840598337205556,0.0009602976208327943,-0.005369649059077671,0.002037230337604598,-0.029336697470541278,-0.006621343699903246,-0.013827578058895501,0.005370202819207905,-0.010651205149048973,-6.016666666666667,-9.2,-3.351467379859733,12
2022-06-03,7,-0.5160714285714285,-0.8834,0.4508788481557831,0.8571428571428571,0.042511785742986266,0.004122022012447936,0.006697891454682093,0.013679385573883401,-0.651510989010989,0.42857142857142855,0.0,0.0,0.0,0.14285714285714285,0.14285714285714285,0.0,0.0,0.0,0.14285714285714285,0.0,0.0,0.0,0.0,0.2857142857142857,0.0,0.0,0.14285714285714285,0.5714285714285714,0.0,0.0,0.18607930828770702,-0.07909394658947635,0.05904705349943525,-0.023864814954011607,0.011509339882706447,0.011412675252284172,-0.014745875752121643,0.011613031229223109,0.011562268426965646,-0.010767633419170761,-0.02182925162926628,0.023649787974633858,-0.03087617893549696,0.012242196785627709,0.02231351671041281,-0.007732486209846936,0.0028427025263995397,-0.0018635989638358138,0.01665027540838192,-0.0025953608411733516,0.029222814923603957,-0.02200728568891181,-0.011396086266173947,-0.01163214953460549,-0.0110627674946127,0.007934133075083557,-0.021393292117573348,0.01624072385943647,0.014841672657137928,-0.0007991586610882736,-5.085714285714286,-5.8,-6.47442786188926,7
2022-06-04,4,0.131675,0.0,0.26335,0.0,0.0216392522953942,0.006190787401338367,0.005377940690311356,0.009085392723415818,-0.5084088061061746,1.0,0.0,0.0,0.0,0.5,0.5,0.25,0.5,0.0,0.5,0.0,0.25,0.0,0.25,0.25,0.0,0.0,0.0,0.5,0.0,0.0,0.18897382242001548,0.048724327853977734,0.0268191098193328,-0.025603902025389425,0.03705721304653508,-0.01693854611413184,-0.06943828758249827,0.010136245840768486,0.003973749432598353,0.015875538788383926,-0.045234280811324135,-0.010903514098715993,-0.011511102789016275,0.02552189159122158,0.009902087108007867,0.04098451581814563,-0.035547349021042104,-0.03434052368823213,-0.017686630306158833,0.028166037563630193,0.016333050162180052,0.010454308034729723,-0.010431175208570204,-0.018101344741516465,-0.00036495573239185737,-0.02698186103767034,0.022048761506982265,-0.015732411143038756,-0.021970602102192108,-0.01581833320476545,-5.2,-5.8,-3.36789859254272,4
2022-06-05,2,-0.27115,-0.5423,0.3834640074374647,0.5,0.021946625693023386,0.002881844380403458,0.00627172889420728,0.018852360350919427,-0.6615384615384616,0.5,0.0,0.0,0.0,0.5,0.5,0.0,0.5,0.5,0.5,0.5,0.0,0.0,0.0,0.5,0.0,0.0,0.0,0.5,0.0,0.0,0.20908309122891477,-0.015557922241135988,0.04779288152745805,-0.02988979269971703,0.05826098042690306,0.017889267908637253,-0.02991488244350903,0.04371043112385491,0.03969010045696761,0.04153256340243899,-0.014863063534150851,-0.06002496329148756,-0.07182050963975294,0.0034604080203993904,-0.03195342038588492,0.10032863428620778,-0.04280384965737711,0.030840146027332913,-0.05078309646340788,0.01768724646052368,-0.010649511978282084,-0.03402981448329214,-0.004969630944178126,0.014567693484991224,0.02830461001813421,0.0010823619146036988,-0.017675685073536264,-0.058633551976188227,0.05249988734315074,0.0041677539933139916,-4.7,-5.0,-4.02563557828917,2
2022-06-06,1,-0.7845,-0.7845,0.0,1.0,0.061946902654867256,0.0,0.0,0.035398230088495575,-0.875,1.0,0.0,0.0,0.0,0.0,0.0,0.0,0.0,0.0,0.0,0.0,0.0,0.0,0.0,0.0,0.0,0.0,0.0,1.0,0.0,0.0,0.13398606272087418,-0.10925035865571182,0.047865345066365764,0.07162123026653937,0.016139635318757693,-0.0033429446541786085,-0.002560240017433874,0.04667187233987219,-0.045196511818412916,0.010090192461496708,0.04930941020379661,-0.01075400487370804,-0.03843274118581422,0.025135496001207906,-0.034123158608244476,0.0033560519035229996,-0.009286665744765051,-0.03519672755560001,0.11385666160603834,-0.0360415067356493,0.03180390177981312,0.009683896518031167,0.020786614840690183,0.06513524573237683,-0.02993061966982001,-0.06951405736796806,0.00951271217724216,0.0007524815620281158,-0.04122114677251093,0.015325831182334085,-5.0,-5.0,-13.0769230769231,1
2022-06-09,1,0.0,0.0,0.0,0.0,0.01532567049808429,0.0,0.007662835249042145,0.0038314176245210726,-0.8,1.0,0.0,0.0,0.0,0.0,0.0,0.0,0.0,0.0,0.0,0.0,0.0,0.0,0.0,0.0,0.0,0.0,0.0,1.0,0.0,0.0,0.14373530651213398,-0.09379799927672622,0.06780484945792019,-0.022146367306030517,0.019466382791552606,0.03919700070424009,-0.05635949682038428,-0.003485129138365744,-0.017020292195934098,-0.019194857175589674,-0.01121890275234776,0.0061633917110104595,0.022896066588218824,0.028404951066218122,0.031005918018467155,-0.02152544079507906,0.04629302498572441,-0.021224283765244167,0.03250905780219275,-0.024991561009117962,0.00738305730059877,0.008627038877443831,-0.06048728715028417,0.01161192986544568,0.07990717867379078,0.00025186208014927203,-0.01038279383069511,0.014768919673551087,0.012495824532988345,-0.011964770373914357,-5.0,-5.0,-7.03703703703704,1
2022-06-27,9,-0.22674444444444447,-0.9657,0.5480753874037565,0.4444444444444444,0.039934301489614105,0.0019610444635857448,0.0036581878047628608,0.032024431006062566,-0.7550947972419778,0.4444444444444444,0.0,0.1111111111111111,0.0,0.1111111111111111,0.0,0.1111111111111111,0.0,0.0,0.1111111111111111,0.2222222222222222,0.0,0.0,0.1111111111111111,0.0,0.1111111111111111,0.0,0.1111111111111111,0.6666666666666666,0.0,0.0,0.20731981212230113,-0.09453612281297989,-0.005486270038688568,0.009690771865063095,-0.01954953801175057,0.0011668067995344435,-0.022823782799421585,-0.0339221302624016,0.007704056086909453,0.026508038754389604,0.052899774900527385,0.04166582156904901,0.001134274009391852,-0.01492642781320849,-0.030812704986128973,0.03300111825435318,-0.03466584362466361,-0.03062598089572918,-0.0014715184426775901,-0.006958976527728866,-0.002340924444291254,-0.011122799719928871,0.005936353537865409,-0.00685279456290439,0.005827248853191218,0.005482458000894891,-0.004647497411963741,-0.007101178586006215,0.017655198043024335,-0.009615942329759292,-5.5,-9.0,-5.2337705020978404,9
2022-06-28,6,-0.3695833333333334,-0.8519,0.374883920256213,0.6666666666666666,0.03530659343200664,0.003803011957810958,0.007109971122908166,0.019541132354339793,-0.6726017943409248,0.5,0.0,0.0,0.0,0.3333333333333333,0.16666666666666666,0.16666666666666666,0.0,0.0,0.16666666666666666,0.16666666666666666,0.0,0.0,0.0,0.0,0.16666666666666666,0.0,0.16666666666666666,0.3333333333333333,0.3333333333333333,0.0,0.1746225359792614,0.00865979024445558,-0.0035602340969971627,0.02009435759816633,-0.020434652040081613,-0.009956726994290765,-0.03413563266768821,0.0003985612237778653,-0.017452954580494076,0.008919065895303082,-0.005799186308063448,-0.039130655114914766,-0.004760868571499342,0.012948646247435741,0.0005318174989612824,0.007026096690520095,-0.004869229545174213,0.0010256085016194655,-0.012493051702041793,-0.017791616416323413,-0.029638183961294164,-0.0025398015012315246,0.023004552595427205,-0.019043978399875674,0.02265388347025382,-0.013615035325259255,0.0033568196110371415,-0.0052226926142685025,-0.001745798816773149,-0.004675387359079743,-7.083333333333333,-9.0,-2.681963940284185,6
2022-06-29,5,0.11383999999999998,0.0,0.156090127810826,0.0,0.023415829240935174,0.0034019412084696386,0.0061983706125331925,0.024676499055968158,-0.6416749916749916,0.8,0.0,0.2,0.0,0.4,0.4,0.2,0.4,0.0,0.4,0.4,0.0,0.0,0.0,0.0,0.2,0.0,0.6,0.2,0.0,0.0,0.24045212253435172,0.050175836344301714,-0.09138807250927722,0.03399599326903483,0.003472935012014505,0.00034823633432756566,-0.09304822693479323,-0.09565070770220092,0.01793712704257617,0.023980246847719176,0.029444757594607896,0.041507623581934924,0.009856219122710855,-0.014862526595523614,-0.044823859414298894,0.07100031347817053,-0.05087647251541923,0.0008578581366275581,-0.02212047161953983,-0.008820422828125618,-0.0027245738462832294,-0.0007064924954916146,-0.018977606759153064,-0.0031525952893544052,0.0031596996737885573,-0.004170370477885084,0.0011601496905285272,-0.03400215992627024,0.01818441949558977,0.005101879162612423,-5.5,-8.0,-2.39398412639724,5
2022-06-30,7,0.04335714285714286,-0.872,0.49691536454793733,0.14285714285714285,0.03708082393248922,0.005615181151752126,0.0037633677435586965,0.028765832347600526,-0.5835295104819723,0.7142857142857143,0.0,0.14285714285714285,0.14285714285714285,0.14285714285714285,0.0,0.14285714285714285,0.2857142857142857,0.0,0.42857142857142855,0.14285714285714285,0.14285714285714285,0.0,0.14285714285714285,0.2857142857142857,0.0,0.0,0.14285714285714285,0.42857142857142855,0.0,0.0,0.21091954466732288,-0.0009775938990594854,-0.012293676140072967,0.034627605890803874,0.027555728293599875,-0.016418992341129056,-4.6119453088517324e-05,-0.013630157647626099,-0.0029761446950031098,-0.001170209906847762,-0.0179010999125253,0.013372771798153186,-0.011212458444501272,-0.019389956322669006,-0.004365668019918749,0.002402139042379996,-0.011990311916534196,-0.011969014929779503,-0.014584528880309823,0.026509592397015214,0.0037763810837830314,-0.0069460621836623234,-0.00812550278599335,0.006342755508974733,0.006690410738841886,-0.008131365452550597,0.0037709341750727225,-0.01682362019875439,-0.021746788726108527,0.015615853943429557,-5.257142857142857,-8.0,-4.526658976910179,7
2022-07-01,5,-0.04041999999999999,-0.9001,0.5185855059679165,0.2,0.02882424523163648,0.0038291512450055595,0.005348645242543281,0.013881214933901551,-0.7066555183946488,0.6,0.0,0.2,0.0,0.4,0.4,0.2,0.2,0.0,0.6,0.0,0.2,0.0,0.0,0.0,0.0,0.0,0.0,0.8,0.2,0.0,0.23001064899752494,-0.03530878962995711,0.07395799453271586,-0.008192056799058245,-0.014351081949456316,-0.0007778182967832913,0.004250145914869446,0.002781576311844047,0.0136071794291367,-0.02783254523852584,-0.0026519828320328296,0.009666697779644403,-0.006889573349699423,-0.0007222105317735595,-0.0028826115156795396,0.01437010501153399,0.00538842733764575,-0.019080178796213272,-0.009246663327650012,0.020643879116414805,0.006401352462328433,-0.02140423276695269,0.0013186728131239999,0.01210882961446931,-0.00508548907930346,-0.011447701049310595,-0.0072354733153581745,0.001851244731041196,-0.01878149316425402,-0.0015500984514426395,-5.8,-9.0,-5.3353432278950645,5
2022-07-02,5,-0.48174,-0.9313,0.34985643912896613,0.8,0.01785240733142162,0.005461277213117529,0.008623570605274794,0.013610725843735553,-0.5448534798534798,0.8,0.0,0.2,0.2,0.6,0.4,0.0,0.2,0.2,0.6,0.0,0.0,0.0,0.0,0.2,0.0,0.0,0.2,0.4,0.2,0.0,0.2180112544640303,0.11007412756601931,0.06895142978301701,0.0006088983568334101,-0.004095360039084353,-0.00012443377114864095,-0.050564430257489204,-0.012436666102313518,-0.004708582316145281,0.013502717445695958,0.024023057756242784,-0.03246720839301722,0.008705439371942531,0.010372716437562159,-0.025987834002279046,0.025696382498102372,-0.015207834584332258,0.008232791864971304,-0.017329027784742317,-0.009313678773425997,-0.016295146531837796,-0.031231788613876727,0.008496471446635057,-0.004915016813820505,0.015128699970131262,-0.0020824726160566047,-0.01675134196308129,-0.015480828222866071,-3.433005253356478e-05,-0.029096342313500067,-7.12,-9.2,-4.832951413206804,5
2022-07-03,1,0.2732,0.2732,0.0,0.0,0.012110726643598616,0.00865051903114187,0.006920415224913495,0.0034602076124567475,-0.15384615384615385,1.0,0.0,0.0,0.0,0.0,0.0,0.0,0.0,0.0,1.0,1.0,0.0,0.0,0.0,1.0,0.0,0.0,0.0,0.0,0.0,0.0,0.20034880152292783,0.008604096971186878,-0.11099518516550706,0.026971038883535362,-0.08269258413966134,0.09188623421798464,-0.02042191922011921,0.00922576824171667,0.04940148388197442,-0.002328487427011787,0.03842779144412051,-0.04503919559699719,0.026563919947589304,0.06261436453670201,-0.01003738108912867,-0.020072785852002978,0.02101590090293403,0.053322937199548455,0.048772670943399425,0.0034106352079278004,-0.0268323999754518,0.014538855582843076,-0.018828154109986273,0.014559040180797964,-0.023199221445035733,0.027934904315462212,-0.03848119156103234,-0.009031230154804644,0.002807232686139286,0.07445281019239235,-4.4,-4.4,-2.2608695652174,1
2022-08-01,8,-0.380075,-0.9509,0.4893221951989157,0.625,0.03291831937201793,0.007253274735684136,0.005346864660356202,0.01587573944269533,-0.4932876622764144,0.5,0.0,0.125,0.0,0.25,0.125,0.125,0.125,0.0,0.375,0.0,0.0,0.0,0.125,0.0,0.0,0.0,0.125,0.5,0.25,0.0,0.2010644463721965,-0.02733356169695074,0.034980325650921754,0.03935008214593567,0.031661565941200114,-0.022675029801185832,-0.0011317946967159438,-0.019812409458821723,0.00473570280857683,0.021148792648738753,0.03991862346339461,0.007609016615890828,0.01808961576375235,0.018303779109256582,-0.01977431127620054,0.04696429445805592,-0.0004640645250373513,-0.0019601273195355012,-0.017898579877385253,0.014193555597994342,0.012211724170135257,0.015353068011295153,-0.0060399923528122405,-0.00870986830544279,0.005001850290623983,0.01860572167713588,0.0425044855068292,0.004740221549282478,0.004917668824975782,-0.01309096711356859,-6.375,-9.0,-5.5863750974506585,8
2022-08-02,7,-0.14218571428571428,-0.7906,0.3101262937824493,0.42857142857142855,0.037598705442657455,0.0026338856150285367,0.005654530297277486,0.01544439147972738,-0.8104126116156191,0.7142857142857143,0.0,0.2857142857142857,0.0,0.2857142857142857,0.2857142857142857,0.14285714285714285,0.14285714285714285,0.0,0.42857142857142855,0.14285714285714285,0.14285714285714285,0.0,0.14285714285714285,0.0,0.14285714285714285,0.0,0.2857142857142857,0.42857142857142855,0.0,0.0,0.17735095593207822,-0.016733389784266407,0.018158459487149142,0.018011074401032837,0.04327294658052284,-0.019137099689278875,0.01933027239389042,0.008546134022299623,-0.027132510882307677,-0.0012072965338341412,0.013881392867633317,0.021227319966339836,-0.00787821491145332,0.015524282575524852,0.00185471161036426,-0.0009580191071599133,0.0010120050651035752,0.0004342792054705156,0.011532052431300895,0.011693908983819752,0.00828553705140373,0.011332455701503288,-0.019457424781432257,-0.024271556388573208,0.0013074160488657862,0.0009109428013956306,0.013258214813055629,-0.002357060253257457,0.00557219546025217,0.017709710118272652,-5.5,-8.0,-5.238118705590432,7
2022-08-03,7,-0.2442,-0.9022,0.6233469178555389,0.5714285714285714,0.040642953775529615,0.00806562206749657,0.006794975031941627,0.018483164705397605,-0.5928909539942937,0.42857142857142855,0.0,0.14285714285714285,0.0,0.0,0.0,0.0,0.0,0.0,0.14285714285714285,0.2857142857142857,0.14285714285714285,0.0,0.14285714285714285,0.14285714285714285,0.0,0.0,0.14285714285714285,0.2857142857142857,0.2857142857142857,0.0,0.1841653952739996,-0.0407283395546621,-0.029223024286929224,0.0010437736006849324,0.002578928863301501,-0.03797877721646143,0.010486642879225646,0.009306583273986766,0.018061364706641048,-0.014701793542552502,-0.00810811096727879,-0.00043923734799754553,0.02905857724127477,-0.026883175207424403,0.011465250188060482,0.008813716094440956,-0.0052188667152482816,0.04331896265128957,-0.030306088707146118,0.009546536381413132,2.0605870177555934e-05,0.025008505140824106,-0.008550586780965215,0.010695024256126935,-0.0011132382930021196,0.005834360461740788,-0.007978523240069844,0.005004773056236833,-0.013338968021600974,-0.011553525798615346,-6.285714285714286,-9.0,-4.688940307878377,7
2022-08-04,6,-0.2798833333333333,-0.802,0.42576386139110806,0.8333333333333334,0.026190619674606456,0.0030344190895176706,0.0071901959721523715,0.008286264813081512,-0.7527789745799224,0.6666666666666666,0.0,0.16666666666666666,0.0,0.16666666666666666,0.0,0.0,0.0,0.0,0.5,0.5,0.0,0.16666666666666666,0.0,0.16666666666666666,0.16666666666666666,0.0,0.0,0.5,0.16666666666666666,0.0,0.23132713205740021,0.018602799878295075,-0.03722595979384819,-0.04480719285420728,0.0006595249663839351,0.0026617977582658937,0.008655226210243677,0.0010771145429036837,0.014392859933385843,-0.00483627301660252,0.027620766634653477,0.0045607677917004685,0.009358249657470777,0.0003966612643787916,-0.0038120080407957704,-0.030196685333669093,0.022772534261668625,0.007039031823897884,0.0005841802225844123,-0.01864982297239357,-0.024592158901755756,0.0034600514246541578,0.024000696376514207,-0.0061114944309288806,-0.0023531789829542844,0.002565096534009317,-0.004488427842546366,-0.007092525981027778,-0.005993883056656965,-0.010027341911114472,-5.816666666666666,-9.0,-4.408358441902955,6
2022-08-05,5,0.06063999999999999,-0.3875,0.30535252250472733,0.2,0.023032315198413655,0.009917517609220428,0.009074674498504402,0.016776845389891052,-0.2739587195649487,0.6,0.0,0.0,0.0,0.4,0.2,0.2,0.0,0.0,0.2,0.0,0.0,0.0,0.0,0.0,0.2,0.0,0.0,0.6,0.2,0.0,0.1954344198851753,-0.0012469336012498322,-0.0194794060249078,0.009039769467410159,-0.013199368585859125,-0.022965139854240806,-0.016453069504158212,-0.03859402504763527,-0.012520372214410542,-0.014096332995515815,-0.015689510285025764,-0.005773253175184014,-0.04796259705175528,0.01024105181071126,-0.003829705921488437,-0.006776551520723861,0.01727072195581682,-0.024660996314360195,-0.002954946030181371,0.004102580443993658,-0.013408825441444349,0.0016063488655236782,-0.004024387875335563,-0.03280833048452397,-0.002577896359592327,0.010503305813860737,0.021050782986249347,-0.009861852238109006,-0.022233321628747693,0.007572261175817609,-6.3,-10.0,-1.7559692647792322,5
2022-08-06,5,-0.04976000000000001,-0.6124,0.4973313211532127,0.6,0.03583748372639971,0.004164172701365846,0.003364102546435739,0.01308969050980081,-0.7474910394265233,0.6,0.0,0.2,0.2,0.4,0.0,0.2,0.0,0.2,0.2,0.6,0.2,0.0,0.2,0.0,0.0,0.0,0.2,0.6,0.0,0.0,0.22549419747981628,-0.006392193766500828,0.008719759281791566,0.021344864478748206,0.013809978587189093,0.03872860445287489,0.004594056460678745,-0.022484269054584328,0.013069804848998232,0.013088738253218041,0.00033762027483061547,-0.022741099499262115,-0.011706155776649154,0.005802784919630433,0.0018789657129655065,-0.019067860284522446,-0.03351881209212883,-0.039059919491092374,0.008390721460821775,0.00184640441369362,-0.0038342517204130273,0.03051735527503018,-0.00396161187327218,-0.008057298694551122,-0.011173173375047767,-0.02045344650594589,0.0102615620508283,-0.005842163586790671,0.0158967117782126,-0.06283114689909453,-6.2,-9.0,-4.158245360006798,5
2022-08-07,2,-0.1301,-0.8176,0.9722718241315028,0.5,0.030102877393420078,0.009527398709404422,0.005005024859832857,0.017335766423357664,-0.07142857142857145,1.0,0.0,0.0,0.0,0.0,0.0,0.0,0.0,0.0,0.0,0.0,0.0,0.0,0.0,0.0,0.0,0.0,0.0,0.5,0.5,0.0,0.21804463590696563,-0.05055669887781857,-0.030613828375118463,-0.030989620168878386,0.0015110954371002384,-0.06969076610361453,-0.029392503801807794,-0.00958247068282441,-0.006180964963612027,-0.007544092060473968,-0.01911645212887532,-0.03842074575508381,-0.009151354143351723,0.0021485408685352377,-0.024786529200433866,-0.02930253266249765,0.0008084786233635063,0.03079199315134179,-0.014873126006396604,0.04735657792010248,0.03491939523722354,0.00472217931330686,-0.001562648815532055,-0.001035078730356145,0.045507149917420386,0.001345222848261678,-0.0197092645301803,-0.006154283187874186,-0.017371076357022588,-0.029712907496312613,-7.0,-9.0,-0.872753308315225,2
2022-08-29,3,-0.3996,-0.5994,0.3460637513522617,0.6666666666666666,0.008534945983971214,0.00566407204308754,0.002841745501378746,0.009772890426156759,-0.012422360248447228,0.0,0.0,0.0,0.0,0.0,0.0,0.0,0.0,0.0,0.6666666666666666,0.0,0.0,0.0,0.3333333333333333,0.0,0.0,0.0,0.0,0.6666666666666666,0.0,0.0,0.16500524250729448,-0.03227975086899183,-0.04856104175612294,-0.04255698544357362,-0.044251419216037834,-0.09010477720962878,0.013328605127828243,0.031178820940144323,-2.536630288785836e-05,-0.028340959400244,-0.004150075456760727,-0.017979151622254934,-0.015535614160409118,0.005938654167716014,-0.0002560844081465422,0.047001347461332284,0.01186348552112989,-0.00802808544238475,0.0014642002400667015,0.0023583453690323637,0.02883396533816925,-0.004995364235947441,-0.027353324581232966,-0.015486299684541655,0.012249437196284574,0.0038192791439097904,0.019292348455978218,-0.02003155256888074,0.013451715893013791,-0.004157044429354316,-5.0,-5.0,-2.4535920097996033,3
2022-08-30,3,-0.48356666666666664,-0.9001,0.6082196176820782,0.6666666666666666,0.06628726940506534,0.0028458121169829833,0.008046207311090998,0.028303820440010407,-0.8457001522070016,0.6666666666666666,0.0,0.0,0.0,0.0,0.0,0.0,0.0,0.0,0.6666666666666666,0.3333333333333333,0.0,0.0,0.0,0.0,0.0,0.0,0.0,0.6666666666666666,0.3333333333333333,0.0,0.2070517808007936,-0.08597045523367848,-0.021783719550680255,0.04535428508027564,-0.0025053227540218354,-0.014856136380577145,0.001744134221654723,0.005797404868456077,-0.017347297122582962,-0.01913552699996121,0.011411773154869312,-0.023514288391075364,-0.0034687294451421513,-0.04010831200709159,0.03343897935381112,0.007519566554785583,0.032562828026975375,-0.0046705620025458165,-0.04680737227209588,0.00013977534451959628,-0.0009467143864249997,0.008514970338700125,0.04596102510507013,-0.0046533134635773216,0.0017706351650959486,0.01810374634852893,-0.01936538681828895,0.013352221153593628,0.04619974958678694,0.005190215103145259,-6.333333333333333,-9.0,-7.236236675237674,3
2022-08-31,8,-0.4271375,-0.827,0.4638136015300605,0.75,0.02665407106592927,0.0032162435623534023,0.005133567465106345,0.0186204973592442,-0.540919384057971,0.125,0.0,0.0,0.0,0.25,0.25,0.0,0.125,0.0,0.25,0.125,0.0,0.0,0.0,0.0,0.0,0.0,0.125,0.875,0.0,0.0,0.1689403441069119,-0.009779427233164141,0.016717706301757417,-0.0068207718928222335,0.003043280743789513,0.006951836933855212,-0.036990660911525274,-0.05186985397570942,0.056382540952814066,0.0437008222462628,0.00043994551926309147,0.016783254964566643,0.017132626476720682,-0.0014387153406592301,0.0006921379133214545,0.030126689408482243,-0.015220941430568772,-0.012779659065328347,-0.020907123816305544,0.02708357426156251,-0.006676410294587188,-0.014787979986065443,-0.008409725769184268,-0.006824985909169213,0.005255468948678401,-0.03124136629553578,0.02965224809365395,-0.021478311922480366,-0.008660132815786767,0.0017705316041169098,-4.875,-5.0,-4.597500352854415,8
2022-09-01,8,-0.233825,-0.7783,0.4590557910382073,0.5,0.027024256891558483,0.004384602471482649,0.005390201485086029,0.00828781568693426,-0.6200697098794925,0.5,0.0,0.125,0.0,0.375,0.375,0.125,0.125,0.0,0.375,0.125,0.125,0.0,0.125,0.375,0.0,0.0,0.0,0.25,0.25,0.0,0.20629779587035318,0.04751220790346551,0.07327261829334514,-0.01420572920099799,-0.033830568224529456,0.004340652456332215,-0.029062514190270193,0.006372463623378824,-0.010646270969426138,-0.016457309378642964,0.018445342285803606,0.004345915822760083,0.022744539507929897,-0.014389037842225894,-0.008010698360452945,0.005442721675562874,-0.0060246669414368275,0.02389587018980089,-0.0036282713011388306,0.014307298124667541,0.010130444983521062,-0.015578103727010005,0.010533639980714065,0.016057153773775264,0.01678519808457283,0.0039003476270017103,-0.0008818088320237166,-0.013824287126101991,0.005957186568326838,-0.01682347334234631,-6.425,-9.0,-3.9035396239380713,8
2022-09-02,10,-0.376,-0.886,0.516325902679478,0.7,0.02936810871475822,0.004218021912763621,0.005433202984810673,0.014824154225065037,-0.56976086856406,0.4,0.0,0.2,0.0,0.1,0.0,0.0,0.0,0.0,0.1,0.1,0.0,0.0,0.0,0.0,0.0,0.0,0.1,0.8,0.1,0.0,0.20409112014458713,-0.05414783774247699,-0.013362105581089492,-0.017901333009911403,0.02063581118385279,-0.001386850345733441,-0.010708363905578472,-0.0003961218280881543,0.009999502855099953,-0.01067224996900838,0.009239395002240646,-0.012865730358803184,0.003188773451775511,0.023382415084488576,0.03333905296747321,-0.018273672010218373,-0.008362291407657301,-0.015788959912996746,0.008001106255621428,-0.015354221204744434,-0.014111935482705775,-0.0013562839090878285,-0.009703960518495027,-0.01976027003866833,0.007725459249560977,-0.01592615155002228,0.005491393966806174,0.0008344036995130609,0.0032114709900826688,-0.017268346178093894,-5.720000000000001,-9.2,-2.945091337156338,10
2022-09-03,6,-0.2587,-0.7717,0.3559592336209302,0.5,0.02315340026564504,0.00709352609448374,0.0027976067408884892,0.005144545438001652,-0.3326482494960756,0.5,0.0,0.16666666666666666,0.0,0.16666666666666666,0.3333333333333333,0.0,0.0,0.0,0.3333333333333333,0.0,0.0,0.0,0.16666666666666666,0.16666666666666666,0.16666666666666666,0.16666666666666666,0.0,0.3333333333333333,0.0,0.0,0.15562940805878347,0.024596012359159206,0.00870415787039363,-0.033610264853356914,-0.0049743824192509615,-0.012582455367281893,-0.005571997861133534,-0.00610045463207963,0.006097449677876197,-0.006902929741147058,0.017851572840364382,0.009769237174444818,0.008323523004797245,-0.0046717996602243725,0.01462405894538543,-0.0005490138307717428,0.017149456596615483,0.009039757427278928,-0.02092782933943084,0.003337756059815263,0.003315904007973392,0.019009863280932876,0.0342161669292073,-0.013300615005995197,0.013777317232747185,-0.0028476996172268746,0.01548771160842167,-0.022947869973942474,0.013785601590391173,-0.005666981136546063,-5.95,-7.2,-2.2629391274490165,6
2022-09-04,1,0.0,0.0,0.0,0.0,0.02546296296296296,0.005401234567901234,0.0023148148148148147,0.007716049382716049,-0.6341463414634146,1.0,0.0,0.0,0.0,0.0,0.0,1.0,0.0,0.0,1.0,1.0,0.0,0.0,0.0,0.0,0.0,0.0,0.0,0.0,1.0,0.0,0.26203188769834196,0.0056796420583471695,-0.14547808528448117,-0.031606123633795426,-0.08636657169850624,-0.056341767740842395,0.028832041111093023,0.04393847483115685,0.008561954897271457,-0.05333699548335441,0.0069584385519619206,0.03528078641105925,-0.03411065562675512,0.05069047183977655,0.06161424270508057,-0.017061159844054433,0.02649658324235982,0.032662628302031343,-0.01643078060090715,-0.012947645538556225,-0.023625790385635486,0.0020194999113074107,-0.01392889961801104,-0.031482270718892744,0.005144753347069808,0.01765229888159187,-0.0025247726953532357,0.03341682179746469,0.0071045557367788005,0.0402882618423814,-9.0,-9.0,-3.36808340016039,1
2022-09-26,9,-0.2545,-0.9584,0.4893437212226188,0.5555555555555556,0.03946192755928522,0.002107759509506221,0.004279888793953659,0.008764436162982277,-0.7185634082692905,0.4444444444444444,0.0,0.0,0.0,0.5555555555555556,0.6666666666666666,0.0,0.0,0.0,0.5555555555555556,0.0,0.0,0.0,0.1111111111111111,0.1111111111111111,0.1111111111111111,0.0,0.0,0.5555555555555556,0.1111111111111111,0.0,0.18113538202062596,0.04670883443692134,0.11115080855044941,0.024858630153764365,-0.04118989439138628,0.011224195469334362,-0.01693031550221931,-0.0036740824232460606,0.03753371111535548,-0.0030971794983754,-0.006838127465698899,-0.009039694414295621,-0.0023915952300134708,0.020093408957437196,-0.0134115885420069,-0.00669261687434513,-0.03394004076325165,-0.0029615464401000807,-0.02387212422233643,-0.0025861258387376773,-0.028724532702815622,0.007956572836616722,0.012723852774235699,-0.012455066167287733,-0.001393920048836349,-0.014723819484871031,0.036420679872531024,0.016884640099805184,-0.009662363725932717,-0.019014455340633535,-5.544444444444444,-9.0,-4.917331280358408,9
2022-09-27,7,-0.2927571428571429,-0.9493,0.5057951260380131,0.5714285714285714,0.030529190473073408,0.0018673743328443666,0.005219745046768254,0.014100610518346107,-0.663105433214129,0.5714285714285714,0.0,0.42857142857142855,0.0,0.14285714285714285,0.14285714285714285,0.0,0.14285714285714285,0.0,0.14285714285714285,0.0,0.0,0.0,0.2857142857142857,0.0,0.0,0.0,0.0,0.5714285714285714,0.14285714285714285,0.0,0.17732714694797957,-0.009792766789096194,0.012825277036253075,0.00014401993761923047,0.0478916032288732,-0.012262808356815872,-0.016614150362087292,-0.025266586863424745,0.020194440967028975,0.01890228494519495,0.041491096907952545,0.004824710579322243,-0.0014502902925367328,-0.0001873180642514958,-0.004610235911778222,0.020004576688849775,-0.01892954646219355,0.010961633321539831,-0.00744380296772984,-0.003072970928118862,-0.0016805715957998735,0.014238475465910313,0.0038115869194037155,0.0032068585489624054,-0.013683788405797617,0.002633085237840618,0.001731125449895132,-0.02514367433246786,0.0030002890412776455,-0.027192620033140998,-5.571428571428571,-9.0,-5.19118367320354,7
2022-09-28,8,-0.11807499999999999,-0.7351,0.43183577483642027,0.5,0.023500047006800966,0.005397130995814261,0.009438089861091634,0.0029715268475717788,-0.5345722514200775,0.375,0.0,0.0,0.0,0.625,0.5,0.125,0.125,0.0,0.625,0.125,0.125,0.0,0.0,0.375,0.0,0.0,0.25,0.375,0.0,0.0,0.1910551765334561,0.08851111501861468,0.050726646353012536,-0.011947549276534603,-0.0450598953549885,-0.021710274145518245,-0.012423115822515528,0.005346055061101677,0.016129455510310486,-0.017422335959720453,-0.01273978421392783,-0.0010974330499099222,-0.004332419842620509,0.004085341369174975,0.0025977998996122133,0.0034655334629066096,-0.002372395327725276,0.0033102730696268185,-0.016393172698098837,0.00792971098252148,0.0009166362431157586,0.0011580242696104812,-0.0010175406967447946,0.004964927350644766,-0.0028564292303076225,0.003228573246782426,0.006342194725311603,0.017348492667955396,-0.004218908790231844,-0.009940527072077885,-5.05,-7.0,-3.4153782280885236,8
2022-09-29,6,-0.51145,-0.8316,0.31485146180381635,0.8333333333333334,0.03904242588624109,0.0031358849934531546,0.004972584535069136,0.01979510690032345,-0.7122999192671324,0.6666666666666666,0.0,0.16666666666666666,0.0,0.0,0.16666666666666666,0.0,0.16666666666666666,0.0,0.3333333333333333,0.3333333333333333,0.0,0.0,0.0,0.16666666666666666,0.0,0.16666666666666666,0.0,0.5,0.16666666666666666,0.0,0.20425568002479602,-0.0482267375710621,-0.007241633987973198,0.006113813548820773,0.0061762301964448625,0.0016518616978479523,0.016572567036351554,0.005589146800687921,-0.001628295939442117,-0.0008352104817645445,0.007833826010386853,0.00412343526560247,0.013298721197353695,0.028306862098147385,0.03161692870317667,-0.036490839351778166,-0.015957733339443225,-0.0025888809383029735,0.022205247757543206,0.02723731684034145,0.027892138086106803,0.010849797462181614,-0.014119710971318575,0.007084335422401409,-0.001339446064087468,-0.03348948279794134,0.006440568721445086,-0.0013479479258090338,-0.004154152097459416,0.004417375587942074,-5.933333333333334,-9.0,-7.034897189977115,6
2022-09-30,6,-0.13918333333333335,-0.8625,0.5181960648892141,0.3333333333333333,0.026952753289475898,0.002124794243732946,0.006160359291912319,0.016972741504926645,-0.7259259259259259,0.16666666666666666,0.0,0.0,0.0,0.3333333333333333,0.16666666666666666,0.16666666666666666,0.0,0.0,0.16666666666666666,0.0,0.0,0.0,0.3333333333333333,0.0,0.0,0.0,0.16666666666666666,0.3333333333333333,0.16666666666666666,0.0,0.19908190495432299,-0.03030258692688818,0.01015790091984386,0.0012876479171469342,-0.010837677838099418,-0.05980413437560142,-0.0016397404201191734,-0.008417891691108374,-0.020848741436355234,0.02235434805418281,-0.00608168428401112,-0.02414940380649767,-0.03225361528711094,-0.016121587450982168,-0.0008477068996905467,0.03262698686388845,0.010419045194068562,-0.025973402363723225,0.019311997924540577,0.0007830551912267834,0.00584174134933435,0.006421854128360982,-0.02174533170158914,0.02389720574460642,-0.014640428040000911,-0.01775038712356322,-0.011199554928632458,0.005039676123901576,0.00540527459889108,-0.0198161785712837,-6.0,-9.0,-4.681251661943545,6
2022-10-01,4,-0.08232500000000002,-0.6326,0.5932365878523227,0.5,0.04261425728887409,0.005252906909533098,0.005384503599071765,0.022239791713170122,-0.7139172335600907,0.25,0.0,0.0,0.0,0.0,0.0,0.0,0.0,0.0,0.0,0.0,0.0,0.0,0.5,0.0,0.0,0.0,0.0,0.5,0.0,0.0,0.17464885033516647,-0.07250586045345538,0.01098592324583225,-0.008294493375069302,0.0327879333065183,0.0013674582355018604,-0.033135806021591566,0.010171756283813586,-0.01386209729018441,-0.0023626397737712013,-0.032293282687293555,0.02702989655312183,0.011803791158810266,-0.03123823494573483,0.027229582100669624,-0.014148595570328892,-0.0033621782008874577,0.022254614691801164,-0.021254734401840072,-0.003129804820709485,0.0031452185949366425,-0.0030888023378045264,0.006932005963793274,-0.021972446286965857,-0.00428638546883699,0.0270714985150412,-0.0005927409081332557,0.02820280577514037,0.010533650509222238,-0.03456219409472534,-5.0,-5.0,-4.977565068626958,4
2022-10-02,2,-0.3702,-0.8176,0.6327191478057227,0.5,0.02434446052764822,0.01154937841395784,0.005523389148007172,0.0,-0.35839160839160844,0.5,0.0,0.5,0.0,0.5,0.5,0.0,0.0,0.0,0.5,0.0,0.5,0.0,0.0,0.5,0.0,0.0,0.5,0.0,0.0,0.0,0.21202301651462802,0.07471772113880264,0.011060155241855708,-0.08772206058646913,-0.0651664464943934,-0.045284772748429236,-0.04549651865663413,0.05369088638568072,-0.05454531800711113,-0.0009770435831064836,-0.0020961666641296246,0.03456711783022177,-0.022226678125428626,0.008582040603852058,-0.01839668680590551,-0.017863438302018062,-0.012437161089574107,-0.03866485596021324,-0.026563518184078826,0.031360205303834335,-0.026588673873158053,0.0333781850520859,-0.029722388043586564,0.003003294568314867,-0.004515324544091278,0.03181108086155983,-0.0093955335329861,0.037137828787473626,0.024402012558845526,0.0410012936823864,-5.7,-7.0,-4.092121226159695,2
2022-10-09,1,0.0,0.0,0.0,0.0,0.024079320113314446,0.0056657223796034,0.018413597733711047,0.0,-0.5909090909090909,1.0,0.0,1.0,0.0,1.0,1.0,0.0,0.0,0.0,1.0,0.0,0.0,0.0,0.0,1.0,0.0,0.0,0.0,0.0,0.0,0.0,0.2522325717362688,0.17777435988592177,0.057180139883433595,0.03620617446754498,-0.06092098050676622,-0.0012916089461890744,-0.011844695470872073,0.06248014983699504,0.03298724975884471,-0.04870163540758159,0.05816972831900045,0.06050827383051874,-0.0021593438576473158,0.039737683321395774,0.03449754317154352,0.0726499647545935,0.08401181645189487,-0.002261573410982885,-0.028298131860549202,-0.02292640149795018,-0.034564924937422525,0.06745431003228387,-0.07706525660789022,-0.05769469287495103,-0.05512754365602746,0.03693532306484932,0.04331698942305963,0.03655285125371778,-0.01662402517455671,-0.038814874118779236,-4.4,-4.4,-2.60115606936416,1
2022-10-31,6,-0.11609999999999998,-0.5267,0.3316894209950025,0.5,0.030570821047384567,0.005351961127819031,0.007166802407408497,0.004318320534877196,-0.3468410945418496,0.5,0.0,0.5,0.0,0.16666666666666666,0.16666666666666666,0.16666666666666666,0.16666666666666666,0.0,0.3333333333333333,0.0,0.16666666666666666,0.16666666666666666,0.16666666666666666,0.0,0.0,0.0,0.0,0.6666666666666666,0.16666666666666666,0.0,0.17420486546496183,0.01989550485787783,-0.021557982123286506,-0.034221014438526695,0.024900453938014152,-0.007019541097942029,0.012036977640266608,0.028370789129980534,0.007905145821809375,-0.0017364837975924706,0.025114896415777254,-0.02008978600039712,-0.010705478918044133,0.019566381495027967,0.011762969918355003,0.015290763782757679,-0.028828549859814617,-0.0031588919072436986,-0.004638185430805,-0.007159367454632494,-0.004171133687711904,0.007891225624715907,-0.012411846818353162,-0.01977059102653797,-0.007533551713435533,0.0007357250640701096,-0.023647874877438732,0.004660498327665473,-0.002916264406375997,-0.007408669001598557,-6.0,-9.0,-2.339246531967237,7
2022-11-01,6,-0.15726666666666667,-0.796,0.37348032165920964,0.5,0.03336937068628778,0.004093042358939652,0.0025537770427926155,0.008379683878616054,-0.6884710797754275,0.5,0.0,0.16666666666666666,0.0,0.3333333333333333,0.3333333333333333,0.16666666666666666,0.0,0.0,0.5,0.5,0.16666666666666666,0.0,0.16666666666666666,0.0,0.0,0.16666666666666666,0.0,0.5,0.16666666666666666,0.0,0.18245454850125853,0.002762448518995226,0.029881586153588015,-0.04092386210671047,-0.016615463806591624,0.018307906340186534,0.011467439084076358,-0.0037570742965029936,0.01628510473536859,-0.003438440782862705,-0.0074361038789501725,-0.02928336143117218,0.021302212353020888,0.006920568804353558,-0.022269162464411518,0.012670736224465086,0.0006049681119161895,0.029419958612274394,0.00690748596135705,-0.008070681227080883,0.0013594427317457454,-0.003896173337772771,-0.018455736673208187,0.0013651911032105523,0.012213727910463748,-0.006904322075873076,0.007056409053565821,0.010453818364583574,0.0033471764987484227,-0.004753390437725285,-6.033333333333334,-9.0,-3.70691806797028,6
2022-11-02,8,-0.041325,-0.7506,0.4869333446611118,0.375,0.03250249092177853,0.004905046734226765,0.005415350824475791,0.011133810376040044,-0.5426832054093567,0.25,0.0,0.0,0.0,0.0,0.0,0.0,0.0,0.0,0.125,0.0,0.0,0.0,0.125,0.125,0.0,0.0,0.0,0.5,0.25,0.0,0.1736081323961111,-0.08262973788712755,0.0018389834720154517,-0.019997214421966766,-0.007021415499255599,-0.03567579283376148,-0.004771712147174992,-0.001264647276739748,-0.01059428748348132,-0.021373554452908096,-0.020948044993217074,-0.011309383616280479,0.03145955961123411,0.029000111714570946,-0.03707008780138265,-0.0019722611562200602,0.02182596881047655,0.020784025796311494,-0.029859166768730808,0.00965808151282732,-0.0045821199003411575,0.019943078139008745,-0.0025279931248809876,0.006183161072439412,-0.019011695102152306,-0.027222635522319853,0.019027946425967713,-0.03801554770514042,-0.01806350279519252,-0.020206109488288836,-6.625,-9.2,-3.6905576907830926,8
2022-11-03,7,-0.15717142857142857,-0.7184,0.4301819991363567,0.42857142857142855,0.03195487961420203,0.005150725967950588,0.006010868562455646,0.019860257499619116,-0.4474011391204141,0.7142857142857143,0.0,0.14285714285714285,0.14285714285714285,0.14285714285714285,0.14285714285714285,0.0,0.0,0.0,0.14285714285714285,0.14285714285714285,0.0,0.0,0.2857142857142857,0.0,0.0,0.0,0.14285714285714285,0.42857142857142855,0.14285714285714285,0.0,0.19577891642727122,-0.047954629157412734,-0.023635965959708943,-0.0006653562633880404,0.0046536513487453095,-0.01171244295120687,-0.008363893902163647,0.045282904068518044,0.017492191926478766,-0.0316950770307278,0.004667415006280072,0.01893075448071358,-0.0170673954940724,0.00478640816743265,-0.026156755526746206,0.002488932526960116,0.011883780250885859,-0.014062586172105018,0.022141356454483452,-0.010142888516868358,0.004760043134208395,-0.02214696445499927,-0.004856640150967746,-0.027289748273759167,0.02646066669797408,-0.0016893121425397989,0.02067695028688762,0.002100729910559368,-0.006833485332823083,0.004297069174552282,-5.428571428571429,-9.0,-3.9546774544375167,7
2022-11-04,4,-0.59155,-0.9393,0.4148344609600317,0.75,0.02960862256143757,0.0044193725129956915,0.008058683260024043,0.010007981439414577,-0.46346469622331693,0.5,0.0,0.0,0.0,0.25,0.25,0.0,0.0,0.0,0.25,0.25,0.0,0.0,0.0,0.25,0.0,0.0,0.0,0.75,0.0,0.0,0.18920549306918852,-0.01275010008274815,-0.006277209408725733,0.010731165919347658,-0.02253231813149507,0.0010848545378313139,-0.048360936987702545,0.037279955764885846,0.014941843870771394,0.0016760286263423473,-0.034765900290612016,0.005025257627686799,0.03581350892679659,0.028145985704646118,-0.006872851296245217,0.028097729460548282,-0.0024556597985235244,-0.025960631477739235,0.02141177134714505,-0.006995158209196845,0.04104708312166256,-0.026728142081015017,-0.009416005955372054,0.0013754211975582006,0.03153532036637915,0.051618005522079353,-0.008837978530767544,0.001726136399370132,0.027388711655798238,-0.020900810951422644,-4.85,-5.0,-3.8231263223565874,4
2022-11-05,5,-0.4725,-0.8519,0.33359062486826574,0.8,0.035909883259784836,0.004888394182627624,0.007123764330080912,0.004203655114377671,-0.7311555941589499,0.8,0.0,0.2,0.0,0.4,0.4,0.0,0.2,0.0,0.6,0.0,0.2,0.0,0.0,0.2,0.4,0.0,0.0,0.4,0.0,0.0,0.28821209097192574,0.072467792863374,0.08192033062941044,-0.042921764012563327,-0.034804257318356575,-0.019974502031754108,-0.02614712911611806,-0.006397134152401252,-0.038823432604715616,-0.005986777043413752,0.029075242571245413,0.016019458092381523,0.02316473758397917,-0.0055255476802387165,0.025468283821412863,-0.02503798975243256,0.0282555335318648,0.010188736393208598,0.007614522748767902,-0.009812491297247974,-0.016485522633804768,0.005029813522125298,0.022523045714646896,-0.014022579542679468,0.023071523187893975,0.008201077228538751,0.004425962075744279,-0.011229049939865395,-0.0021514912692066927,-0.0060879711295179105,-5.88,-7.5,-7.8054674187976705,5
2022-11-06,6,-0.06041666666666667,-0.7906,0.5285660125913003,0.5,0.025559489457421397,0.0044255996518556715,0.0037580879019677403,0.01246625515156466,-0.6352278545826933,0.5,0.0,0.16666666666666666,0.0,0.16666666666666666,0.16666666666666666,0.0,0.0,0.0,0.16666666666666666,0.16666666666666666,0.0,0.0,0.16666666666666666,0.16666666666666666,0.16666666666666666,0.0,0.0,0.3333333333333333,0.16666666666666666,0.0,0.16881490932774867,0.01910682736648435,-0.049672378923211434,-0.01262782690518803,0.014687300594790384,-0.0309794044763413,-0.024125021329652066,-0.01869764786631702,0.009286982476185614,0.02613127258775158,-0.01588241834710542,-0.013693025111379544,-0.017057204925583234,0.00930057886703804,-0.003141593467641845,0.010710054065717489,0.03668535219370236,0.016151462775488987,-0.024166040164927943,-0.001549356206917449,-0.006839320669398353,0.013783264462853212,0.020769826696420537,-0.02137965472699031,0.023226982591440123,0.0042964350435295085,0.030864652499042165,-0.0006403358670957297,0.0011381349282298496,-0.014115654825551605,-5.816666666666666,-9.0,-3.5711956874891446,6
2022-11-28,3,-0.3587,-0.5994,0.31664347458932424,0.6666666666666666,0.02744878555981341,0.004324444018036711,0.004438502230123477,0.0012250807439581244,-0.678726035868893,0.6666666666666666,0.0,0.0,0.0,0.6666666666666666,0.6666666666666666,0.3333333333333333,0.3333333333333333,0.0,0.6666666666666666,0.3333333333333333,0.0,0.0,0.0,0.3333333333333333,0.0,0.0,0.0,0.6666666666666666,0.0,0.0,0.2435037081980821,0.09380757064261507,0.131398998614514,0.006085158379435578,-0.05278840741007585,-0.002026298539356821,-0.03383326694937189,0.021580492120193768,0.027613996211198144,0.024524342089710927,-0.008297650382677182,0.016373848758308673,-0.004559871343241342,0.00039798400696762476,0.008731141950681564,0.013861521622390812,0.016877332683490235,0.005573690833956522,-0.00527416544723238,0.0009959338329761137,-0.007225012560910994,-0.0015399565550877601,-0.03647675942350821,-0.01621925224426009,0.01192311365020486,0.004558283717919528,0.005512480001837894,0.002255853485663826,-0.0071239098510346025,0.02231238353212504,-4.8,-5.0,-2.8201178702498897,3
2022-11-29,10,-0.26936,-0.7783,0.42702248496615103,0.7,0.046174040005447115,0.004291745817351975,0.0037135453832840013,0.010682198700368383,-0.7496848024470555,0.5,0.0,0.4,0.0,0.2,0.0,0.1,0.0,0.0,0.5,0.2,0.1,0.0,0.1,0.1,0.1,0.0,0.1,0.4,0.2,0.0,0.21244547381320947,0.00238010832346773,-0.021093186244618787,-0.023648591652471136,0.02079261539915793,0.01705947605310453,0.04666171797279424,-0.02224255324339578,0.0427781392326643,0.00011030666329918097,0.011740446224484325,-0.05136672977628478,0.010903611637640028,-0.026817453002464943,0.0034146674522833632,-0.013120145226828816,-0.001459481671132648,-0.010607382415016173,0.005475398421917795,-0.03642358056899311,-0.025429557836802646,-0.0023374219412590274,0.004211406243147378,0.0018877617433116836,-0.01845039725894092,0.017437627486055148,0.001094069159614373,0.017134021284359674,-0.0026231394531488913,-0.0015645017992784542,-5.89,-10.0,-6.011504710948239,10
2022-11-30,9,-0.23275555555555552,-0.9186,0.48074950106867276,0.6666666666666666,0.03507198261654101,0.005103231936152502,0.006614312240597967,0.03300909358258134,-0.5970084732765892,0.4444444444444444,0.0,0.1111111111111111,0.0,0.1111111111111111,0.1111111111111111,0.0,0.0,0.0,0.4444444444444444,0.1111111111111111,0.0,0.0,0.1111111111111111,0.1111111111111111,0.0,0.1111111111111111,0.0,0.6666666666666666,0.0,0.0,0.19662784691477794,-0.051921601923478514,0.012472118879840068,0.05734262598745153,0.01815267336556224,-0.002287550815557941,-0.04398212902058843,-0.01383984685953702,-0.011987436578295999,-0.020250960828411095,-0.01473149995850994,-0.022032718914260622,0.0077546266978452925,-0.03383499412625865,0.013038606493592366,0.007532342417066653,-0.0020522108062215713,-0.011701790975720695,0.014053463334048178,-0.017494136995465634,0.008321993905971301,-0.0036504944894505268,-0.020201541963489285,0.006306354199186116,0.013446893847073883,0.009581075708972299,-0.00802982021175782,-2.844837803334033e-05,-7.79465227345242e-05,-0.021564967221916836,-5.644444444444444,-9.2,-3.964684808631786,10
2022-12-01,7,-0.1519,-0.8807,0.5337915698097901,0.42857142857142855,0.0340104135041989,0.003811048485214278,0.004903726948342687,0.012246367323678639,-0.6944295953293712,0.2857142857142857,0.0,0.14285714285714285,0.0,0.0,0.0,0.0,0.0,0.0,0.2857142857142857,0.14285714285714285,0.0,0.0,0.0,0.0,0.0,0.0,0.0,0.7142857142857143,0.2857142857142857,0.0,0.17340127468492103,-0.08584919172062601,0.028722824490359056,-0.036559636045443274,0.03264139275333975,0.015921537765296576,-0.017898040484211817,0.011178967140922915,0.02643541420678524,-0.009635825460112197,0.0018391174670174953,-0.006576649528234155,0.00652933519576742,-0.019193782825111697,-0.016420363089767808,0.028283833055788046,0.0015001403490562967,-0.0004411607409545195,0.020268860984947127,0.017867444280590488,-0.018941027295353734,-0.005412206311871586,0.02465560383199014,-0.0016872987825279,0.01873926378202814,-0.01466459780043047,0.004034448877554965,0.054705282995310835,-0.02930289199707355,-0.008587936302977314,-6.785714285714286,-9.5,-7.900049564408335,7
2022-12-02,6,-0.14866666666666667,-0.6597,0.48142488787625703,0.5,0.027842730983746646,0.004707022413194226,0.0070540018844053205,0.013845848051137451,-0.6499610223294434,0.6666666666666666,0.0,0.16666666666666666,0.0,0.5,0.3333333333333333,0.16666666666666666,0.0,0.0,0.8333333333333334,0.6666666666666666,0.16666666666666666,0.0,0.0,0.16666666666666666,0.0,0.0,0.0,0.6666666666666666,0.16666666666666666,0.0,0.24705116148705372,0.05759358685286309,0.0034526872954049373,0.025063732135866684,-0.012806304101383772,0.018015608256418788,0.008645767244846855,0.013663122952805154,0.012334883967452194,-0.01638540546184278,0.012411659981031426,7.964151023722929e-05,-0.019698189762214147,-0.01085334433644399,-0.004565409805159369,-0.01748955062049043,-0.006443129136488789,-0.016941941957491918,0.025429250959131178,-8.194411738891273e-05,0.01234390769064189,0.009119191932584893,0.011720670352363247,0.021867426226138655,-0.014348684789081979,0.026284417931469458,-0.01952928997129181,-0.039429652271103906,-0.0237363188147332,-0.008864811111871812,-5.733333333333333,-10.0,-4.1842563734674885,6
2022-12-03,2,-0.20095,-0.4019,0.28418621535887345,0.5,0.025210446050851692,0.0015910898965791568,0.0029983715740589164,0.0027844073190135244,-0.7588932806324111,0.0,0.0,0.0,0.0,0.0,0.0,0.5,0.0,0.0,0.5,0.0,0.0,0.0,0.0,0.5,0.0,0.0,0.0,0.5,0.0,0.0,0.16728468555365478,-0.015674646412789532,0.02103672208367851,-0.07104256390279588,-0.01838977482573926,0.025608431850018605,0.06862231314331942,-0.004111320233350157,-0.0018041687488650586,-0.010809578947767596,-0.04434729790099683,0.054997819244999926,0.010099189049395062,-0.015054305199237466,0.0094865159835507,0.013578438251367161,-0.03780568796870744,-0.027562747465673883,-0.03305519411620443,0.013324512673597154,-0.027527091081241656,0.019847904541089787,0.009887924364466588,0.0004883869878158677,0.019623352476141404,-0.02518510823924065,0.002220101329172365,-0.012280923813539346,-0.021896170772089725,-0.0016366374895906031,-4.7,-5.0,-5.12746041756564,2
2022-12-04,4,-0.34125,-0.9062,0.4343154115002905,0.5,0.024317374580609393,0.006201032837483646,0.007168021023294437,0.0037584522979311097,-0.49692618755118756,0.75,0.0,0.25,0.0,0.25,0.25,0.25,0.25,0.0,0.25,0.25,0.0,0.0,0.0,0.0,0.0,0.0,0.5,0.5,0.0,0.0,0.21555280590940665,-0.010990193624560086,-0.008928353210618377,-0.011903425318686007,0.020605558786808954,0.05427151656917714,-0.025626428700645177,0.02647715964733529,0.03709996197671442,-0.0017264352142114326,0.008713801841303739,0.03224289140511016,-0.021408100847217386,0.02264474873455006,-0.03762527657927208,0.010655493650944151,0.01934404838366072,0.014363784833907219,0.01094884370579947,0.03807720960329475,0.010784239151034151,-0.003166586293692607,0.04092243946513835,0.03448156706082901,0.009498114916471134,0.005141322250423569,0.017834737352790953,-0.0203925006810126,-0.020348567742016113,0.0027551003262607163,-5.5,-8.0,-3.92312499464338,4
2022-12-06,1,0.0,0.0,0.0,0.0,0.020710059171597635,0.0029585798816568047,0.010355029585798817,0.004437869822485207,-0.7058823529411765,1.0,0.0,1.0,0.0,0.0,0.0,0.0,0.0,0.0,0.0,0.0,0.0,0.0,1.0,0.0,0.0,0.0,0.0,0.0,0.0,0.0,0.21944374379977488,0.03947723930738003,-0.0940384560132363,0.017019193710481235,0.1043756249614367,0.07309283669794751,-0.05235020041522101,-0.013555728135880985,0.06803290295754284,-0.003436374218652156,0.04044214608584643,-0.12110985319566131,0.10325202849278797,-0.04984740337161601,0.09592153550924029,0.02944147463827928,-0.02674887720878048,0.013499528793161013,0.09070493200784359,-0.07340617772095735,0.037514209463299523,0.04935527136668111,-0.10019605006527216,0.09000503038122551,-0.02670979717539381,-0.01216089740277774,-0.0102327918137754,0.010120639455862909,-0.05644913702516496,-0.06456895251548186,-5.0,-5.0,-1.73913043478261,1
2022-12-26,4,0.118,-0.4588,0.6681683270953012,0.5,0.046570574301273225,0.004575437388158658,0.0029050587690049824,0.014772994258274653,-0.6453125000000001,0.5,0.0,0.0,0.0,0.25,0.0,0.25,0.0,0.0,0.25,0.5,0.0,0.0,0.0,0.25,0.0,0.0,0.25,0.5,0.0,0.0,0.19425110444177884,-0.023766235246478293,-0.007568538595099317,0.026125235190963277,0.002809750654544283,0.046665488822089395,0.043914915850901085,0.029390066331974482,0.0055159931539084705,0.03212658355754583,-0.007231453754629943,-0.005159970578483691,0.008599811364098929,-0.013012510572714938,0.009143932964421744,-0.020559739543686426,-0.037793514137500234,0.0017057679393864588,0.006534270923421108,0.004010649263575439,0.014753626860174222,-0.007514860984975173,0.058786646018263666,0.02708789595395409,0.0022936738848584456,0.001945324292975616,0.03511681758243516,-0.011777820981292103,-0.0018985029353012824,-0.010110607372925132,-4.6,-5.0,-5.4868371158530875,4
2022-12-27,5,0.07126000000000002,-0.6705,0.49401516474699436,0.2,0.022942558679863775,0.007346255352645406,0.004539702564008659,0.003046065473757684,-0.4464836354561017,0.8,0.0,0.2,0.0,0.2,0.0,0.0,0.0,0.0,0.6,0.2,0.4,0.0,0.0,0.0,0.0,0.2,0.0,0.8,0.0,0.0,0.1980684525879374,-0.030264656211104246,-0.044724664223165164,-0.045435246789254105,-0.05832933925317847,-0.04724387383867218,0.029755794473771514,0.05823823005643758,0.03180972297619873,-0.020610634738861384,-0.0020637524710768965,-0.02978373317597207,0.021145654929125363,0.018848781896475267,0.041671674879834406,0.026013897538721277,-0.022693363019320782,0.007429548231671627,0.006594287365134432,-0.012440264741664283,-0.009649968864663927,0.007556642193404475,-0.04338828388310525,0.012333507451570762,0.018698055459965716,0.006055821950996043,0.01988754619592649,-0.011810527107652402,0.005927061532015382,0.019033852491293975,-5.4399999999999995,-7.2,-3.053490928091218,5
2022-12-28,5,0.00958,-0.4404,0.3746310745253255,0.4,0.028986917740909463,0.0054444444444444445,0.00543670072617441,0.0044457964993151276,-0.5761988304093567,0.4,0.0,0.0,0.0,0.0,0.0,0.2,0.2,0.0,0.4,0.2,0.2,0.0,0.0,0.0,0.2,0.2,0.0,0.4,0.2,0.0,0.13802015191712902,-0.017213845200976012,0.021579483115374807,-0.027608822184129734,0.011007652274303874,0.03917234770020421,0.030709461236522427,0.008700385895951587,-0.018755051180073912,0.034057414315946305,-0.019253231627711316,0.015802872453701433,0.01192875672731822,0.002111934817626451,-0.029320462899245652,0.05415495258541462,-0.004400448492108864,0.0018734814823244753,-0.014355805633730146,0.013534847739746184,0.01948723018144119,0.01028427323682876,-0.000594390696324515,-0.018205594465983424,0.00816270554690172,0.008157951188172464,0.02840719802452051,0.004578801018610339,-0.03214425613791509,-0.026431262439350643,-6.74,-10.0,-4.282997241991664,5
2022-12-29,10,-0.02026,-0.7184,0.5599744303686256,0.5,0.035953660641517504,0.0036858348083929444,0.007239088611784248,0.017944603762980873,-0.7016929575138195,0.3,0.0,0.1,0.0,0.2,0.2,0.0,0.0,0.1,0.4,0.0,0.0,0.0,0.0,0.0,0.1,0.0,0.1,0.6,0.2,0.0,0.193755621769781,-0.01219694615962699,0.010323743654787072,-0.00933053983372965,-0.015428643085909289,-0.028828503628339868,-0.025613182758400455,-0.022091909621578972,-0.002473991472937802,0.010244548390039021,0.005351493506703503,-0.015453840905896899,-0.0018137305360191886,0.0137175863039946,0.01344852530038016,0.001264591031603598,-0.012176632508364775,0.009932128279891043,-0.0063045999557617,0.0030991354952213334,0.006742588524732804,-0.0027009214032427584,-0.009378649060159587,-0.002350156651689276,0.008892568428530374,-0.010952705169763943,-0.034975957332404856,-0.006302552598665275,-0.005675836340351988,0.005765068902714619,-5.9,-9.5,-4.9251670786332316,10
2022-12-30,7,-0.23954285714285714,-0.8519,0.4881660675669803,0.5714285714285714,0.024027106773384523,0.00557700271435566,0.0058566754491889365,0.011943593577493127,-0.516530910609858,0.7142857142857143,0.0,0.14285714285714285,0.0,0.42857142857142855,0.14285714285714285,0.0,0.0,0.14285714285714285,0.2857142857142857,0.0,0.14285714285714285,0.0,0.14285714285714285,0.14285714285714285,0.0,0.0,0.0,0.5714285714285714,0.14285714285714285,0.0,0.21325233191718831,-0.0027653424295863743,0.020198072295923724,-0.007503023770515899,-0.002980059038217676,-0.01928766652016666,-0.00723755664064901,0.011842021173959891,0.014391712501690834,-0.02675271043736793,0.024997115233859037,-0.022771355185389325,-0.05102176599979442,-0.028455804123708555,-0.0046752627669851094,0.01865935740421051,0.022308309766531025,-0.029377713440119087,0.009189235947255335,0.001477846988586869,0.012279124240644998,-0.013749229705782929,0.007061178981062816,0.005222815958209309,-0.0259397569661168,0.0755932183400022,-0.01275372009993815,-0.0488711367176285,-0.02675693521681388,-0.021471950021093072,-6.0,-10.0,-3.233529857378067,7
2022-12-31,14,-0.19283571428571428,-0.9538,0.4810917209960997,0.42857142857142855,0.03326133039840898,0.006369304796803956,0.006357648084458725,0.025872037188818316,-0.539777017951851,0.6428571428571429,0.0,0.14285714285714285,0.0,0.21428571428571427,0.07142857142857142,0.0,0.14285714285714285,0.0,0.21428571428571427,0.42857142857142855,0.0,0.07142857142857142,0.07142857142857142,0.07142857142857142,0.07142857142857142,0.0,0.0,0.7142857142857143,0.07142857142857142,0.0,0.19079710542322498,-0.024671207672909184,-0.004771893078259444,0.028673458266299183,0.011138266645876116,0.004606081779836134,-0.014342888135431026,-0.0016241160650032457,0.005137322218640791,-5.989587340731947e-05,-0.002940987671670312,-0.0018574818679715954,-0.011865658145756587,-0.012816052439563573,-0.011543018497251164,-0.009770845103160949,-0.0006908489406906904,-0.014818032054888195,0.009325655813245097,-0.0014087849509613012,0.008229270675073234,-0.033008778121377015,-0.0018042828903511367,-0.00657910614363815,-0.005259540367509017,0.011571147985727706,-0.008740768311034961,0.0204835407805305,-0.00843095327643047,-0.018430408158689397,-5.535714285714286,-9.0,-5.5692023450782395,14
2023-01-01,5,-0.00908,-0.6529,0.4892109739161623,0.4,0.02821500777495718,0.010197982251959066,0.007955104457554714,0.006583622602995625,-0.4834974533106961,0.8,0.0,0.2,0.0,0.4,0.4,0.0,0.4,0.0,0.6,0.6,0.2,0.0,0.2,0.2,0.0,0.0,0.0,0.6,0.0,0.0,0.25008504402131826,0.03163733314982038,-0.012559306584600093,0.014622167606969416,-0.023055185666004695,-0.02581074213138538,0.007593424548442253,0.0507205645362784,0.029473155729218353,-0.016284013844558444,0.0017510570218821479,0.03845918276127315,-0.0140110928292936,0.011688462455889236,-0.011104036731562319,-0.020821862555184718,0.011691668524645257,-0.022660940698205755,0.011651607379423692,-0.005766441842607333,-0.01920802600944187,0.015684019603559255,0.032323442240293376,0.009107501650628876,0.031150268310734707,-0.0016288871069013277,-0.002906517271137907,-0.00796205353690675,0.0019200297748978323,-0.008301875327612934,-5.4,-7.0,-3.7515614545777902,5
2023-01-30,6,-0.4874833333333333,-0.836,0.3618687243554859,0.8333333333333334,0.022339478546650818,0.007600446109481553,0.0077175051100855235,0.005981555848256249,-0.38210861267583957,0.3333333333333333,0.0,0.3333333333333333,0.0,0.16666666666666666,0.16666666666666666,0.0,0.0,0.0,0.3333333333333333,0.16666666666666666,0.0,0.0,0.3333333333333333,0.16666666666666666,0.16666666666666666,0.0,0.0,0.3333333333333333,0.0,0.0,0.1753932385072812,0.0023261466957845097,-0.009908232315284681,-0.013132248659544156,-0.007480234810859622,0.01980284144671833,0.004188404686218864,0.02993844865128051,0.01275244651735726,-0.011442636296939453,0.011105930284372732,-0.00013048278554000578,-0.03021835550627362,0.0048620288197133545,-0.023224430356776068,-0.005882129556141172,-0.012737965887740274,0.005331276688631414,0.010385385670385447,-0.006410554845778897,-0.00469076088002483,0.001337843587282501,0.02301443578524968,-0.021840775067663066,-0.01915158785898982,0.018984092007167868,0.004798729551870302,-0.006500171074646672,-0.0019454220695855548,0.005159149265163477,-5.1499999999999995,-6.5,-1.9232755804735717,6
2023-01-31,2,-0.56225,-0.7845,0.3143089642374204,1.0,0.049996863827385066,0.002803738317757009,0.0,0.03674339835664555,-0.7638888888888888,0.0,0.0,0.0,0.0,0.0,0.0,0.0,0.0,0.0,0.0,0.5,0.0,0.0,0.0,0.0,0.5,0.0,0.0,0.0,0.5,0.0,0.1377637202651838,-0.04521880344228611,-0.018374452697145785,0.011533965590437678,0.011191324088464672,-0.028473951888183198,-0.007244910963778067,-0.023639868871332667,-0.00928073757512104,0.04373996054234673,-0.015687210431357068,0.00675419493570561,0.03568402675743204,-0.028987351201233424,-0.03828270407365172,-0.008442243686659398,-0.032294112947426526,0.034767341191946244,-0.01968884597559542,0.031525155972303584,-0.030920336799787826,0.029689421166455864,-0.010647898600076214,-0.002612443965117131,-0.01657269126784555,0.004280116314085489,0.0025699036963108,0.004077658833214702,-0.036225418588013265,0.011288689361494908,-7.75,-9.0,-8.37663750181272,2
2023-02-01,7,0.2885714285714286,-0.0031,0.314473309488981,0.0,0.026547073471768826,0.007271122464110198,0.005658927907838425,0.00731474017198906,-0.25577806696227745,0.8571428571428571,0.0,0.14285714285714285,0.0,0.0,0.0,0.0,0.14285714285714285,0.0,0.2857142857142857,0.14285714285714285,0.14285714285714285,0.0,0.0,0.2857142857142857,0.14285714285714285,0.0,0.14285714285714285,0.42857142857142855,0.0,0.0,0.16770244624231548,-0.005888996439363533,-0.03605631774410704,-0.021522808565533007,0.011998869018741259,-0.016177412181488927,-0.015095561470320986,0.015764854189578688,-0.004807730197511964,-0.01644155743868624,-0.027349668570296044,-0.044565056410685235,0.021247360972810287,-0.005794483700791329,0.004469490570800995,0.032690680967588384,-0.0158715780615487,-0.004911868185146955,0.05173049374047921,0.10357837158854447,-0.03792129958425115,-2.716728835164384e-05,0.01626844675222359,-0.015574531820716175,0.004714317591633702,-0.019952144538426957,-0.017273117112954796,-0.017922497090816763,0.02276491965890314,0.0049495798138513075,-5.128571428571428,-6.5,-3.7051169677114166,9
2023-02-02,8,-0.048975000000000005,-0.891,0.6392311157051995,0.375,0.04319995378573324,0.006497362710693951,0.002312501731338143,0.009013271437083465,-0.5367352431847112,0.5,0.0,0.125,0.0,0.0,0.0,0.0,0.0,0.0,0.125,0.0,0.0,0.0,0.125,0.25,0.0,0.0,0.0,0.5,0.125,0.0,0.1672642533025573,-0.050296978409955256,-0.002773322615867193,-0.026935037441123532,0.01865849965607679,0.0031810255358633716,-0.00847179374795369,0.019797080020876434,-0.0017258153800851616,-0.0076022658992888625,0.005828128676650091,0.0015906507013306124,-0.020176342087630746,-0.002890918225249,0.008613086280875452,-0.0003581232334904463,-0.012219786306006234,0.0008698635750411941,0.010356938710872995,0.001962873031227586,-0.0018954767557190604,0.015423507321017112,0.0012665408256476987,0.004213572767079043,0.01671386523151267,-0.01899943040496935,0.011926229263189269,-0.0004392899064182519,0.003974645281574541,0.018735546391402444,-5.525,-9.0,-4.858136561974769,8
2023-02-03,9,-0.3975,-0.7351,0.29924746866097296,0.8888888888888888,0.03868514595839512,0.0034595227771751147,0.005260764461295431,0.012816458808431876,-0.7730805769288452,0.4444444444444444,0.0,0.1111111111111111,0.0,0.1111111111111111,0.0,0.1111111111111111,0.0,0.0,0.4444444444444444,0.2222222222222222,0.0,0.0,0.0,0.1111111111111111,0.0,0.0,0.1111111111111111,0.6666666666666666,0.1111111111111111,0.0,0.21310182525787075,-0.043489433846488464,0.0019611210372252625,-0.028111243151634862,0.014975755411975948,0.011354634118802562,0.02190958111691249,-0.014724727951233814,0.009252964584824767,-0.001598239713102057,0.013993870986475187,-0.022323811094143258,-0.015951425942151872,-0.02537972531401975,0.0010527806311650728,0.008943704100759238,0.009923046453660454,-0.007342036002226788,-0.00489578229888154,-0.005170140091498897,0.010848823203440904,0.0031723467975815992,-0.008976942986141646,-0.006164437402113072,-0.015508393158229487,0.02926984601699633,0.0030976329587390893,-0.01829779456582201,0.006275947836034105,-0.013011207412611761,-5.322222222222222,-9.5,-4.944991858933236,9
2023-02-04,4,-0.422875,-0.8555,0.48835888016225665,0.5,0.04157573459552148,0.004620769381950089,0.0072333795660462835,0.021241369169920834,-0.7666940534000425,0.5,0.0,0.25,0.0,0.0,0.0,0.0,0.0,0.0,0.5,0.25,0.0,0.0,0.0,0.0,0.0,0.0,0.25,0.25,0.5,0.0,0.26283409519008916,-0.06495309182047793,-0.011579087667517139,0.029184939254904008,0.03289209588668277,0.0002024422237441384,-0.016126624601246926,-0.03894691910999401,0.023750513019656305,-0.002896344116493029,0.06075250490439223,0.01735032648766684,0.05384597627568362,0.009817072638969257,0.009044922252971155,0.006859903968523462,0.014219237802699233,0.04013381021536898,-0.019758852446482546,-0.008950291591162519,0.005280771666246631,0.05734366835702069,-0.024872231431888544,-0.043792074991896676,0.0020301146727999715,-0.005830158949683493,0.022515663355349626,-0.01861686150284924,-0.0065133819848184876,-0.012840426229937944,-6.75,-9.0,-5.1637079503778,4
2023-02-05,2,0.0,0.0,0.0,0.0,0.02166996758538821,0.002257336343115124,0.007706927623769075,0.000564334085778781,-0.8032051282051282,0.5,0.0,0.0,0.0,0.0,0.0,0.0,0.0,0.0,0.5,0.0,0.0,0.0,0.0,0.5,0.5,0.0,0.0,0.0,0.0,0.0,0.22542700518870046,-0.05694127239198633,-0.01013352401235574,-0.11658922429192538,-0.07487579101034433,-0.017207912744401983,0.00946661594377654,0.04403292452999848,-0.038972951382090976,0.007735139694272782,0.037194000961236984,0.00571148829742075,-0.023101050539715052,-0.015753692188915216,0.0020396247139981075,-0.032585667203610114,-0.04116333605002842,-0.043812922985869585,-0.021765266755437933,0.023319997264284225,-0.038167117311462884,0.06952527478175917,-0.018993845698884432,0.02262690216842609,-0.027956765427340415,0.02182515025891759,-0.0026095092807414022,0.004403173642497621,0.04063607217511589,0.006803486059258807,-5.45,-6.5,-5.29967860744008,2
2023-02-27,9,-0.2064888888888889,-0.6908,0.3703160860820268,0.5555555555555556,0.023848916184458904,0.0036533656477174556,0.005794736304042708,0.01084495304671773,-0.6491072696287813,0.4444444444444444,0.0,0.2222222222222222,0.0,0.3333333333333333,0.3333333333333333,0.1111111111111111,0.1111111111111111,0.0,0.4444444444444444,0.1111111111111111,0.1111111111111111,0.0,0.0,0.1111111111111111,0.0,0.2222222222222222,0.0,0.4444444444444444,0.2222222222222222,0.0,0.19190467675646306,0.011782469012094298,0.020346570726144292,-0.03650240354178685,-0.02219494767691456,-0.022410266717792716,-0.03005383636838875,0.024963310011289666,-0.0162718414157443,-0.024505761032514044,-0.020682822494864812,0.033342419959892095,0.005929434534476143,-0.00045632613474690727,-0.02326232457368651,-0.012132908620336204,0.022705135970353448,-0.002783601570524965,0.010003844000925789,-0.006359460468323751,-0.002340865565201288,-0.009295625153916498,-0.015586790194768215,6.307520505907428e-05,-0.008021857892258503,-0.0005604076435830704,0.0011562294557034844,-0.01528092286076211,-0.020322668166845283,0.024941934593653646,-6.311111111111111,-9.0,-4.068139167445557,9
2023-02-28,7,-0.3472,-0.7003,0.364316062414675,0.8571428571428571,0.05163389036203874,0.0068286452718331675,0.005499660332616694,0.03613966160056089,-0.7454076339790625,0.42857142857142855,0.0,0.14285714285714285,0.0,0.14285714285714285,0.14285714285714285,0.0,0.0,0.0,0.2857142857142857,0.14285714285714285,0.14285714285714285,0.0,0.14285714285714285,0.0,0.14285714285714285,0.14285714285714285,0.0,0.5714285714285714,0.0,0.0,0.17413215226546827,-0.015417881618862582,-0.006760413587737657,0.030967138761623096,0.05212205934382226,0.010135351451497262,-0.05618179365929381,-0.043285728408093034,0.015703778197106083,0.0010577297108023847,-0.026881200701770476,0.0009205394023761349,0.010039367240580657,-0.025697716372686287,0.029167874445614382,0.010500626827026691,-0.022732386701037926,-0.023424985190689827,-0.0025883263126031558,-0.0168263945210514,0.019753378647363318,0.008902341387566489,-0.004760627967200694,-0.012502380859439477,-0.00718932667945531,-0.0046755662967239014,-0.003325605010111377,-0.011303852689299577,0.002628437254492248,-0.001702337343901576,-5.528571428571429,-7.2,-6.1395794969569595,7
2023-03-01,8,-0.16995,-0.6908,0.37979731060508726,0.5,0.026126896634213685,0.004914208003832421,0.006100183431705016,0.0041954102140986035,-0.5847268581106709,0.75,0.0,0.5,0.0,0.625,0.5,0.5,0.5,0.25,0.625,0.25,0.375,0.0,0.125,0.0,0.375,0.0,0.25,0.25,0.0,0.0,0.2601530541049338,0.13536785952661526,0.027575170732219365,0.013232228515951922,0.002096238565725686,0.009544933163809052,0.007585963395748203,0.020732399161642625,0.010033395482135471,-0.0003587895466499887,0.0071178664338247604,0.0009673936648643949,0.0019630383011485395,0.00036940528251470407,-0.0036679472611134767,0.025844624477200637,0.0009756137581529998,0.01603816257109173,0.007156941161769724,0.0013227211896371628,0.009051359425929538,-0.006434703217289265,0.0031778762700005927,0.008486415807196581,-0.007038905123045056,-0.008931710539440613,0.005694749968630858,0.008113713824125863,0.02626905858701144,-0.00887972774003283,-6.3125,-8.0,-4.166830397574447,8
2023-03-02,6,-0.25906666666666667,-0.7717,0.49113128048075566,0.5,0.01763338617090267,0.008963074253471252,0.0054522185967930984,0.006173855564142616,-0.2973225019943596,0.6666666666666666,0.0,0.3333333333333333,0.0,0.5,0.16666666666666666,0.0,0.0,0.0,0.16666666666666666,0.0,0.0,0.0,0.0,0.0,0.16666666666666666,0.16666666666666666,0.0,0.6666666666666666,0.0,0.0,0.17806354205352923,0.03649509470354922,0.00702120812423999,-0.03189127744467205,0.03701342548198973,-0.012427142751447504,-0.03797548295363517,0.022743286279028385,0.00952168818072456,-0.025203867746518716,0.006589119424453995,0.006041359877435623,-0.04491338708983109,-0.02125425459122621,0.0035116958029337265,0.021103250696549586,0.005286386150715027,0.0013481506237611948,0.012976119211243227,-0.0017296101973935895,0.012069312134778255,-0.011198039673008616,-0.012271036718380438,0.009547757335884179,-0.02569772635468313,0.04774012700855746,-0.014577385977980929,-0.03159063149911712,-0.03626300361514383,0.012309141594213016,-6.316666666666666,-9.2,-1.8094445541996667,6
2023-03-03,4,-0.011674999999999998,-0.2263,0.15243908892844163,0.25,0.03584172491918358,0.0037190149244109207,0.003999753510197374,0.029916298002677463,-0.7194480508672059,0.5,0.0,0.0,0.0,0.0,0.0,0.0,0.0,0.0,0.5,0.5,0.0,0.0,0.25,0.0,0.0,0.0,0.0,0.5,0.25,0.0,0.18563909721398678,-0.08106908603568752,-0.022658728906047896,0.07062605320183152,-0.008067473334037397,0.009375271715756493,-0.009732979674374777,0.01206230589001198,-0.02378231889826862,-0.014073885034255837,0.028062660173029164,0.0038084226238947853,-0.04963785411670016,-0.02574790368308156,-0.010327886213490997,0.005439093090746479,0.016879650764936797,-2.0249544340524006e-05,0.044230784522449086,-0.009292026240732096,0.014152922357548607,0.024867111235082087,0.011784070939165373,0.01595715674378156,-0.035900662502354366,-0.04617914164445478,0.012484621944684731,-0.0037951229815518022,0.006303466563530822,0.001648737724076906,-6.0,-9.0,-5.571009576337893,4
2023-03-04,3,-0.34243333333333337,-0.5994,0.2254406869518751,1.0,0.029375694456066952,0.003259369717115704,0.008585886264408761,0.007339352095392708,-0.709799861973775,0.6666666666666666,0.0,0.3333333333333333,0.0,0.3333333333333333,0.3333333333333333,0.0,0.0,0.0,0.3333333333333333,0.0,0.0,0.0,0.3333333333333333,0.0,0.0,0.0,0.0,0.3333333333333333,0.3333333333333333,0.0,0.21097418207485777,0.007672943571638123,0.09087486680184005,-0.0380451734765841,-0.05241722037692359,0.016057857356514778,0.006381530753898031,0.010480418632418059,0.038851333505849184,0.015072824025296245,0.022989780873658033,0.012249316554527134,0.030457071758519305,0.009506106825849113,-0.026927925836950944,-0.017709936852506398,-0.00925879487918578,0.004425854468638053,-0.007702319356460514,-0.002190990921799231,-0.009938343791290008,-0.014820025946837343,-0.011065761310411579,-0.02830567983455251,0.007566958920874772,0.006275298812651505,-0.01059433312581845,-0.0009771296890311765,-0.016141900445471164,-0.02482259946094155,-6.333333333333333,-9.0,-4.762476871350713,3
2023-03-05,3,0.21906666666666666,0.0,0.19249782682756017,0.0,0.023624177581012113,0.0037613549180766,0.004831911243252759,0.007532435589989547,-0.26825396825396824,0.3333333333333333,0.0,0.6666666666666666,0.0,0.0,0.3333333333333333,0.0,0.0,0.0,0.3333333333333333,0.6666666666666666,0.0,0.0,0.0,1.0,0.0,0.0,0.0,0.0,0.0,0.0,0.17533169471451626,0.03672176866131441,-0.07815463340922174,0.024902203154459828,-0.003086303902151269,0.01518573070961751,0.046591358133725315,0.08245480392034021,0.054495960631993946,0.02246897413946088,-0.0036975354010247027,-0.03971089959849806,0.04331033792656539,-0.00545064223829168,-0.01433142496065448,-0.007763212784580833,0.013881879126210675,-0.005550015967531279,-0.008861923228236136,-0.008751489201783494,-0.007696161502526454,-0.00039368523178575157,-0.004745465717671866,-0.020091565711556666,0.0216045329953779,0.013195893314448884,-0.013162221102421183,-0.0026654689737323697,0.01884392400559693,-0.0014779334588740575,-5.266666666666667,-7.0,-1.4585030778056367,3
2023-03-06,9,-0.1958333333333333,-0.7269,0.43607132157480843,0.5555555555555556,0.02742692758679751,0.0043385421472705845,0.010967785942997663,0.008333025848318873,-0.6419522607022607,0.3333333333333333,0.0,0.1111111111111111,0.0,0.3333333333333333,0.1111111111111111,0.0,0.0,0.0,0.2222222222222222,0.1111111111111111,0.1111111111111111,0.0,0.1111111111111111,0.3333333333333333,0.0,0.0,0.0,0.4444444444444444,0.1111111111111111,0.0,0.19648318437734977,0.01680576990533137,-0.02474279389752222,-0.027583623249476955,-0.0031376649476557834,-0.01934433557995604,-0.0030037531307373264,-0.005748716103400161,0.007610570618046412,0.03281151275891581,-0.029766445086094842,-0.005949531286581495,-0.0189257538179695,0.002187557355911974,0.008033247580062733,-0.016795409288973186,0.0162472006460294,0.001867036709634314,-0.014371145239982126,0.012418446471422977,0.006289477412292934,-0.005944512804690718,-0.017807414901386574,0.0021249001603359774,-0.0226292378648444,0.007072262187791152,-0.012252258918523936,0.0045097919353891255,-0.00037969974449988123,0.033353425228277285,-5.533333333333333,-9.0,-4.756483558828224,10
2023-03-07,11,0.04331818181818181,-0.5994,0.47969095012973056,0.45454545454545453,0.02830253087990767,0.004721624769645031,0.006398397444938614,0.011337026638703842,-0.6156380855654237,0.6363636363636364,0.0,0.45454545454545453,0.0,0.36363636363636365,0.36363636363636365,0.09090909090909091,0.18181818181818182,0.09090909090909091,0.36363636363636365,0.18181818181818182,0.09090909090909091,0.0,0.18181818181818182,0.09090909090909091,0.0,0.0,0.2727272727272727,0.45454545454545453,0.0,0.0,0.22509221927663256,0.051036191841269125,0.019669162840685175,-0.020408815090103553,0.031987598346965324,-0.006076767582250178,-0.0017123044174313777,0.01799887617811619,0.006285272235396355,0.005981764705028752,-0.0021425701572868414,0.01855465016692244,-0.004403001485209337,-0.002313508709801924,-0.0020238080673822202,0.0009537106305362069,-0.00864735798620671,0.012036411008959807,0.014471600001903088,-0.015263591043303871,3.2685117644156514e-06,-0.0003010609570301439,-0.00703935013552063,-0.034022773270427395,-0.001933423756790937,0.002029644405444532,-0.011286611169410892,-0.030620798352935595,0.0062522397618504175,0.0034027403328609814,-5.418181818181818,-9.2,-3.295889652015359,11
2023-03-08,7,0.015642857142857142,-0.4588,0.4118952004945872,0.5714285714285714,0.020167044598136116,0.007005654536445616,0.00834833620542186,0.005971458145233059,-0.3146413416112714,0.2857142857142857,0.0,0.14285714285714285,0.0,0.14285714285714285,0.14285714285714285,0.14285714285714285,0.0,0.14285714285714285,0.2857142857142857,0.0,0.0,0.0,0.0,0.14285714285714285,0.14285714285714285,0.0,0.14285714285714285,0.2857142857142857,0.2857142857142857,0.0,0.18712985414344052,0.0228048446657817,-0.026971521724658245,-0.043984243460086565,0.016826140869157565,-0.008554885265955296,0.017731163738157023,-0.0208681021848208,0.04415212956404561,0.02470909061044529,-0.0018753002150117667,-0.02227396428555693,-0.009650135723023387,-0.002761010832159793,0.025008880758314395,0.0031830285595040417,0.010897735663207894,0.007280763149484044,-0.008451048964113875,0.003097106929036252,0.008096589116693845,-0.016302798363071747,-0.02545173191079015,-0.008683158624552682,-0.026129891760714737,-0.01811681408598222,-0.009496917161469063,-0.012738604717134065,-0.015035717431337995,0.0036213250849597865,-6.557142857142857,-9.0,-2.2826683712730715,7
2023-03-09,10,-0.09924,-0.4767,0.2811238564523948,0.3,0.02717586603906666,0.00595147154086448,0.004917713945169229,0.012637210451910349,-0.43975284999332187,0.8,0.0,0.2,0.1,0.2,0.2,0.1,0.1,0.0,0.4,0.2,0.1,0.0,0.1,0.1,0.0,0.0,0.1,0.6,0.1,0.0,0.2056999607023962,-0.019836985695453155,0.0031515481181715503,-0.01606684689512136,-0.024116334386760092,-0.03401684221930853,-0.0057839975546616846,0.008594659671733482,0.005617724229574769,-0.022291897155350578,-0.011868339370081792,-0.014429847587269428,0.0001990886295479312,0.000278599879970344,-0.005721326609891245,0.0013440335477878465,-0.017925598134671025,0.0038960137124159715,0.004046927788509793,4.5418454590392955e-05,0.011632782152977288,-0.02403145900364792,-0.000965509277097263,0.014734929331901713,0.0021000776928251394,0.00029073547234609196,-0.019303659256810605,-0.017518084066362665,0.013894914007361097,-0.03142181110876581,-5.54,-9.0,-2.4654039889588413,10
2023-03-10,2,-0.2202,-0.4404,0.31140982643455556,0.5,0.02788585327761597,0.009016609683001983,0.006081159512050989,0.004822242623781183,-0.4375,0.5,0.0,0.0,0.0,0.0,0.0,0.5,0.0,0.0,0.5,0.0,0.5,0.0,0.0,0.5,0.0,0.0,0.0,0.5,0.0,0.0,0.23226621426330368,0.04169251618717265,-0.09314420958879119,-0.05902244537452846,-0.042061411227204006,-0.05259721809290824,0.05600908450409405,0.017666861636344705,-0.030008944564856477,-0.03407700371756264,-0.03697053184029337,0.05436860616850807,-0.04614567647381702,-0.015891862494056767,-0.0007179000599597338,0.04776320354122303,-0.013437230955562849,0.023907236513924988,-0.016954230489400444,0.027477246984442837,-0.002660458550119863,0.03788210709461908,-0.051505546367896705,0.0242691501000728,-0.002505198380294081,-0.005726661938285594,-0.035429476305617214,-0.00791885422037155,-0.009030507839395562,0.0036770205338430544,-4.7,-5.0,-2.59249749265353,2
2023-03-11,3,-0.0937,-0.1531,0.08211132686785667,0.6666666666666666,0.020033811184410655,0.004902770356697592,0.01206215138033656,0.01448530712164791,-0.5668188736681887,0.6666666666666666,0.0,0.3333333333333333,0.0,0.0,0.0,0.0,0.0,0.0,0.0,1.0,0.0,0.0,0.3333333333333333,0.0,0.0,0.0,0.3333333333333333,0.3333333333333333,0.0,0.0,0.2246234815230307,-0.011214807872190286,-0.07964121139186729,0.01954470065931789,-0.005941790739412564,-0.011695465945831256,-0.024674338099572615,-0.02827740981766766,0.0042402888147870695,0.034415888442150176,0.014012692475474299,-0.02694126730628092,-0.00326094707878914,-0.004811270871445251,0.010745960746816982,0.04105703616371647,0.049730721545673616,0.00561953948498313,0.04485621313473431,-0.039118540739552274,-0.006210028936844687,0.006153319963451353,-0.006250483089615497,0.025602255348058257,-0.0199327315962069,-0.015507764677841152,0.02639630869574672,0.001948991113508669,-0.0012530556329395386,-0.03343018112825218,-4.666666666666667,-5.0,-2.15330294456916,4
2023-03-12,2,0.0129,0.0,0.018243354954612927,0.0,0.033067399919961785,0.00415682325755522,0.00415682325755522,0.023191717336018484,-0.6637931034482758,0.5,0.0,0.0,0.0,0.0,0.0,0.0,0.0,0.0,0.5,0.5,0.0,0.0,0.5,0.0,0.0,0.0,0.0,0.5,0.0,0.0,0.19717774179688308,-0.039754117281721034,-0.050958193232513604,-0.002421955820546339,-0.029716002312959906,0.002160534689502655,-0.04562425742431497,-0.06344460440143185,0.04040883854909737,0.004218813332688793,0.016121565574980012,0.026525440657222822,0.01219023249064354,-0.020267126424363537,-0.0010370571371891533,0.011844605215789785,-0.029786047437532236,0.01015874863247689,0.004814462029527868,0.0024119269073601176,0.048635011279223886,0.016788185877548965,-0.004927523131975476,0.014778707441851288,-0.016567193877920522,-0.0524020799500574,-0.01814432639594281,-0.004412382256416424,-0.040726055704478015,0.018916656178193225,-5.0,-5.0,-2.6819736199316,2
2023-03-27,4,-0.5173,-0.8885,0.4336636868972699,0.75,0.04754359443055771,0.0015755226192630226,0.00898101660885831,0.03354126175061033,-0.8890511569872959,0.5,0.0,0.25,0.0,0.0,0.0,0.0,0.0,0.0,0.25,0.25,0.0,0.0,0.0,0.0,0.0,0.25,0.0,0.5,0.25,0.0,0.19717882429213623,-0.05173877569867304,-0.02223824052619439,0.038347964329863635,0.014730264024697324,-0.031238369060705932,0.03318181776688066,-0.015811815781207175,0.03257083475954169,0.01555379119296289,0.01805759019189211,-0.0054677741972537705,0.013689224944995701,-0.01578263893600644,-0.030291634626826238,-0.009808649574751103,0.0032700310911211927,0.001605933597980674,0.004154047355564344,-0.007546011182670926,-0.0015098051275091754,0.017934331750025116,-0.010042394914710965,-0.00769395223765942,0.01679224643292583,0.0096410439199023,0.006050577121722521,0.016410945393453526,0.003666787036205167,-0.0024768308868804035,-6.55,-9.0,-6.680206881269007,4
2023-03-28,5,0.021960000000000014,-0.5719,0.5465184196346908,0.4,0.052424037019848636,0.003538276006711409,0.006971022091722595,0.011022651006711409,-0.8107758183845141,0.2,0.0,0.0,0.0,0.0,0.0,0.0,0.0,0.0,0.4,0.4,0.0,0.0,0.0,0.0,0.2,0.0,0.2,0.4,0.2,0.0,0.18449401196281537,-0.05805730252916315,-0.008812659121567989,-0.025544853446346827,-0.016187146107453178,0.012762356561531265,0.013554816356598309,-0.02562168697634217,0.038271034616513065,0.0003043572255174654,-0.010396199453823423,0.0007003087477772299,0.003931907469670884,-0.013202222040345551,-0.02274836961345894,-0.017052499451603493,-0.004878240471964869,0.00027229972317614553,-0.016006263946711646,0.011453625019521654,0.008371513224628884,0.0012440070221890886,0.009204686340592579,0.0035403007156668935,0.0031424102917104275,0.0027537752342410003,0.0016952548402819235,0.010346510442137496,0.02286537746137996,-0.007254693002512298,-6.5,-9.0,-6.840616585072498,5
2023-03-29,7,-0.1695142857142857,-0.7351,0.38709618283044944,0.42857142857142855,0.03618743660497868,0.006495399785709801,0.006133034830138224,0.01791018397508282,-0.48573975044563283,0.42857142857142855,0.0,0.42857142857142855,0.0,0.2857142857142857,0.0,0.14285714285714285,0.2857142857142857,0.14285714285714285,0.2857142857142857,0.14285714285714285,0.0,0.0,0.0,0.0,0.14285714285714285,0.0,0.14285714285714285,0.5714285714285714,0.14285714285714285,0.0,0.19585545537784205,-0.03325666496454242,-0.02603515042379744,0.026109718841273753,0.060936892388027505,-0.016598245364052376,-0.015072567060533284,0.022891342397091608,0.016402535474596323,-0.015455070601348661,-0.0021261353396860383,-0.02587600052443318,0.0014822692563831055,-0.004210982358197805,-0.0018894850115081206,0.04260183930439972,-0.006235170573699037,0.02814207621033584,0.024675540198680155,-0.008453154657143332,0.014062273412474327,0.020398983516056617,-0.053011328809859946,0.03928490290649143,0.017745100349332785,-0.011790609806600169,-0.00573053982455734,0.015496598353171206,0.005940775911542196,0.0035790845163620674,-6.214285714285714,-9.0,-5.8284138933940595,7
2023-03-30,12,-0.17243333333333336,-0.9313,0.5886454780153151,0.5833333333333334,0.03862353629624448,0.004676957346654816,0.006384865667632633,0.014694297681780051,-0.670889637558023,0.4166666666666667,0.0,0.08333333333333333,0.0,0.3333333333333333,0.16666666666666666,0.0,0.08333333333333333,0.0,0.5,0.25,0.0,0.0,0.0,0.16666666666666666,0.25,0.0,0.0,0.4166666666666667,0.16666666666666666,0.0,0.1766919067946819,-0.006307278352634767,0.0001469037411916905,0.006967684501081696,-0.015318476946039715,-0.01245237984307831,-0.0020138994570657077,-0.009369305824842545,0.028310973322024407,0.002958386003122588,-0.005836699171010043,-0.014626256224000156,0.008832400158921427,0.0011643854418353188,0.006709054317504049,0.01633492438902505,-0.032753452376279364,-0.026365204779979525,-0.01121543573215536,-0.0059024006514700605,-0.0028334239645002915,0.018489363229553007,-0.00681677231901312,0.0069659349206674355,0.0030432498377732735,-0.006727290435755744,0.024706298954454458,-6.376228522424604e-05,0.0012171120553381442,0.007403091121757578,-5.941666666666666,-9.0,-5.296806500179518,12
2023-03-31,7,0.08497142857142857,-0.5812,0.35940178869099376,0.14285714285714285,0.05101845407471487,0.002859556767791589,0.004905805347010647,0.02968633397134459,-0.8394241005231741,1.0,0.14285714285714285,0.0,0.0,0.14285714285714285,0.0,0.14285714285714285,0.14285714285714285,0.0,0.2857142857142857,0.42857142857142855,0.0,0.0,0.0,0.0,0.0,0.0,0.0,1.0,0.0,0.0,0.20163873835718488,-0.03558572479977667,-0.04300789345630269,0.08302215169009221,-0.0014667926024683733,0.09274119110783442,0.01734773220464523,0.059205541327031465,-0.024589907457389957,0.003570410887243049,-0.012443763585109315,-0.040571627653071936,0.0014505023601595166,-0.009740789622117007,0.0027324164511938476,0.007491864152900005,-0.010015776531854589,0.021177020708803708,-0.030963457056908384,0.009018857354328585,-0.014205837547914645,0.0049303589694799435,0.003714934026997332,-0.031388978438167514,-0.010402722883252493,-0.014829041944834453,0.015707597476635544,0.035592371520434256,0.009144616153486348,-0.02272828775655768,-5.0,-5.0,-5.446079879586509,7
2023-04-01,2,-0.3062,-0.6124,0.43303219279864175,0.5,0.03698967509709197,0.004357298474945534,0.012963639562105035,0.004194914680848184,-0.7404306220095693,0.5,0.0,0.0,0.0,0.5,0.5,0.0,0.0,0.0,1.0,0.0,0.0,0.0,0.0,0.5,0.0,0.0,0.0,0.5,0.0,0.0,0.19781982759439476,0.04954604091457275,0.047408649893107606,-0.030836486939213235,-0.09817675183370025,0.003163453313265136,-0.03599327988983928,0.02753989732485496,-0.011986481447006953,0.04840648531604647,0.02742343971115975,-0.015349230478218857,-0.0009006778431375415,0.011160289978607064,-0.005130325391355595,-0.02306670699305236,-0.02924174863260777,-0.03040515964037893,-0.03231919994571848,-0.01992918426733434,-0.06540947569049409,0.052567911911896886,0.011940788304463434,0.020254604053731827,-0.01758952480401043,0.042741335379561596,0.016620838756611384,0.044513867417155115,0.027772030827990173,0.03131140105508326,-4.7,-5.0,-6.07125307125307,2
2023-04-02,6,-0.3602666666666667,-0.9186,0.5056697960790882,0.5,0.03128166552158251,0.003192041840229761,0.0034146560731357837,0.010187241600038342,-0.7675221781635885,0.6666666666666666,0.0,0.16666666666666666,0.0,0.16666666666666666,0.16666666666666666,0.0,0.0,0.0,0.5,0.0,0.0,0.0,0.0,0.0,0.0,0.0,0.0,0.6666666666666666,0.3333333333333333,0.0,0.2284581250327188,-0.046724632763723135,0.03614428877033337,-0.02584543930486154,-0.041224701789029046,-0.014060206411665286,0.009594736153157169,0.015129912775748775,0.0028968617854171694,0.028093944477353628,0.03391867637655696,-0.009857379573398746,0.0063408512486012045,0.0015372547657212566,0.009696336304095802,0.002270692284623526,-0.015355623583079956,-0.021434411402266634,0.0013719220297658586,-0.011337266460481712,-0.019652099040189646,0.02227241801000468,-0.01850058024787951,0.02521927388438242,-0.014753407148843692,0.009711234003382483,0.02051689637233442,0.0262530427607478,0.013745022282494149,0.009144710958954373,-7.783333333333334,-9.5,-6.077210807539892,6
2023-05-01,10,-0.21520999999999998,-0.6808,0.4317007488475733,0.6,0.02854166986911159,0.0036574446465989724,0.005251780244195843,0.007381672984060994,-0.5949971673262157,0.4,0.0,0.1,0.0,0.2,0.3,0.2,0.0,0.0,0.4,0.0,0.0,0.0,0.0,0.3,0.0,0.0,0.1,0.6,0.0,0.0,0.18015986425056002,-0.013203749325845976,0.021546658922880386,-0.04845675873084258,-0.010440181369246484,0.0035639825350595967,-0.02394858901437567,0.002831041233394776,0.000596667712539619,0.013341884805795307,0.010118129777331564,-0.022486771928813536,0.02143551062733323,0.0014983958350269478,0.001733888639948672,0.0058819979403789925,-0.01849927084746004,-0.0005486240872327981,0.007198112415755295,-0.0029475714206744397,0.011122000592232688,-0.02743976710567505,-0.014196581626478074,0.003949522476879705,0.020029912407452596,-0.0019439906906221903,-0.020701013446757753,0.0048680186212171446,0.01455175618030991,-0.012102493210293585,-5.7,-9.2,-3.2298756042791488,10
2023-05-02,6,-0.2628333333333333,-0.7579,0.3777912262965707,0.5,0.021149228574858115,0.006670794141468969,0.002627881814835989,0.015921851164805132,-0.33529541446208116,0.3333333333333333,0.0,0.0,0.0,0.3333333333333333,0.0,0.0,0.0,0.0,0.16666666666666666,0.3333333333333333,0.0,0.0,0.16666666666666666,0.0,0.0,0.0,0.3333333333333333,0.5,0.0,0.0,0.17784950181856773,0.004181452214879631,0.02163920714159435,0.009258078443637774,-0.021100003543597517,0.017120480216837458,-0.018802758828592153,-0.01639092577734538,0.030326041860929392,0.009299509180989589,0.0038224971279830554,0.001453574027712147,0.0047545431676369885,0.0040404431879993265,-0.0049619692995209845,-0.022146235623560034,0.003711760230724337,-0.004136330362828023,0.008423778291433565,0.03048231868260383,0.0325954776425731,-0.027729640679805535,-0.015779674815733318,0.003877433495440065,0.017276630066225762,-0.018337754995378396,0.006241584214193197,-0.021780154921821393,-0.007278306977175138,-0.006148670486825003,-4.666666666666667,-5.0,-1.8558111451470316,6
2023-05-03,4,0.015225000000000002,-0.4588,0.38909000137071975,0.25,0.026085374971389436,0.006058556662557301,0.00665006331849227,0.008740416574709184,-0.5442415461251078,0.5,0.0,0.0,0.0,0.25,0.25,0.0,0.0,0.0,0.25,0.0,0.25,0.0,0.0,0.0,0.0,0.0,0.0,0.75,0.25,0.0,0.21456632924323799,0.013369627451320039,0.019604945125048658,-0.03246556536575474,-0.05436841317965519,-0.01155963786510873,-0.014136068565555375,-0.024689758515156097,-0.008267587173745126,-0.0299627119954519,0.007258272148397661,-0.035669644084235876,0.011667055322630225,-0.014124547278270009,0.003299769636424556,-0.030844003047656915,-0.0027247521719520173,0.03607733611895811,-0.0019172257701989617,0.0025820034837591606,0.02744360762282829,-0.022584895403971714,0.011092306105840687,-0.03102221024182958,0.004065362708880485,-0.002948541512909359,0.00854143969618191,-0.02112884479282754,0.02208121647367368,0.005971071917419572,-7.05,-9.2,-1.613686588184835,4
2023-05-04,3,-0.37856666666666666,-0.5574,0.2835771911373221,1.0,0.03115151422851931,0.0025082027409592173,0.004873113454187332,0.02068256619303135,-0.7333333333333334,1.0,0.0,0.0,0.0,0.0,0.0,0.0,0.0,0.0,0.0,0.3333333333333333,0.0,0.0,0.0,0.3333333333333333,0.0,0.0,0.0,0.6666666666666666,0.0,0.0,0.21721912076102942,-0.05095044304146268,-0.04917022289956274,0.0360539177255684,-0.009232404720039167,0.07012185005195314,-0.026300778332893807,0.009612195769157061,0.021878305196220388,-0.009678515358174893,0.0289201708777159,-0.011560894256666199,-0.011682415035592175,0.00742315185224308,0.052719097886579906,-0.018421823716852262,0.0077598128209943945,0.0013748727706381126,0.001596490057129853,0.03263180285289742,0.031386315412450475,0.008638866809806328,-0.05812040991978682,0.015544249096249615,-0.018718811915799716,-0.031176681560301022,-0.031024625502773604,-0.030398655827045165,-0.032574347540450646,-0.0021143824908194746,-4.8,-5.0,-4.199262742882866,3
2023-05-05,11,-0.13346363636363634,-0.8834,0.525997074654845,0.36363636363636365,0.02468231056036737,0.0032674382905705595,0.005828226833927063,0.028737580652135566,-0.5725457682052829,0.45454545454545453,0.0,0.18181818181818182,0.0,0.0,0.0,0.0,0.0,0.0,0.09090909090909091,0.09090909090909091,0.0,0.0,0.18181818181818182,0.0,0.0,0.0,0.09090909090909091,0.6363636363636364,0.09090909090909091,0.0,0.18353530377059843,-0.06692285402669533,-0.014076797569287798,-0.017437543379336014,-0.0024476354149562027,-0.01857180768704188,-0.01532532764671104,0.003034055541279659,0.0016110967726874889,-0.01180708547954638,0.006174660125641718,-0.0008318174847751769,-0.0013675395961202186,-0.016245325489138943,0.01952876494375561,0.016642360291274617,0.004207689849682456,-0.024089788626499523,-0.0003221951419857842,-0.003133825791312646,-0.004171355683246338,-0.024947420901417026,-0.014784634951112667,-0.015253453153468426,0.02521992536102412,-0.015591776244976473,-0.002780815364200669,0.00354639054069625,-0.020369860540071043,-0.002781007927837513,-5.2727272727272725,-9.0,-4.022292638171437,11
2023-05-06,2,0.10389999999999999,-0.5106,0.869034234078267,0.5,0.0301040481445433,0.004893964110929853,0.00396292285266472,0.011904761904761904,-0.4864864864864865,0.5,0.0,0.0,0.0,0.0,0.0,0.0,0.0,0.0,0.5,0.0,0.0,0.0,0.0,0.0,0.0,0.0,0.0,0.5,0.5,0.0,0.18607338954764596,-0.08061514630924158,-0.007317854824583411,0.018687949700923877,-0.04177759975479319,-0.03566784319409646,0.06104512684700701,0.05887013370965941,-0.009900995460625475,-0.0018022105611789066,0.01584552532327975,0.0007484886589672005,-0.011408519460214293,0.006030822332593939,0.011054074985409355,-0.01743317283529002,-0.014170624199207726,-0.004648869857196467,0.0026193972435118937,-0.006806298095352149,-0.014285792271644943,0.013780646663482509,0.019374588270771213,-0.03807211479277372,-0.01707489263134481,-0.03756032923046883,0.018482286937427744,-0.02023520894493172,0.01971613435478836,-0.004696341170615303,-7.0,-9.0,-1.040531076179585,2
2023-05-07,3,-0.255,-0.765,0.4416729559300637,0.3333333333333333,0.04287221451493626,0.003776128271299474,0.004654091396848202,0.01805943544310533,-0.790945165945166,0.3333333333333333,0.0,0.3333333333333333,0.0,0.0,0.0,0.0,0.0,0.0,0.0,0.0,0.0,0.0,0.0,0.3333333333333333,0.3333333333333333,0.0,0.0,0.3333333333333333,0.0,0.0,0.17596154329357286,0.004727661483892073,-0.016725236324394734,-0.016747110879473934,0.06182004746113165,-0.006205996165819326,0.013442701268680845,-0.027187934569060452,0.02456278726293899,0.0009123682761472037,0.001202195194712808,-0.039580650545192275,0.03752669094038284,-0.026309474465061138,-0.027698010059239303,0.0031512272044297595,0.001100908452623086,-0.011071328384089965,0.04542035605144127,0.033111381946004916,-0.03700390924151088,0.0009819155931965761,0.0009846405940538334,-0.036891706326167284,0.014981670353672427,0.018244597921432047,-0.01480413599624962,-0.015669846105611163,-0.00870568560199126,-0.0007850774026529148,-5.766666666666667,-6.5,-7.770459180317057,3
2023-05-09,1,-0.8658,-0.8658,0.0,1.0,0.04606060606060606,0.0,0.0,0.04363636363636364,-0.9743589743589743,0.0,0.0,0.0,0.0,0.0,0.0,0.0,0.0,0.0,1.0,0.0,0.0,0.0,0.0,0.0,0.0,0.0,0.0,1.0,0.0,0.0,0.2630210803246562,-0.19349894649131963,0.0780577737716263,0.056193421111175264,0.04119906923978364,0.03481571063302825,-0.022549308818189524,-0.03883562344044797,-0.01718996831474381,0.015403280904579575,0.007705550727471174,-0.042943036672190835,-0.036052503635175336,-0.10212669229674512,0.01345011251072172,-0.003664084778864737,0.021901757670091313,0.006521530956271192,-0.0259060044325709,0.004354009283659946,-0.0442537773383664,0.006890151326506943,0.022837203549886227,-0.06734410400319114,0.013915855495398729,-0.06849350606580076,0.039217760401472436,-0.03591744084771591,-0.005148424554653591,-0.015724292914998377,-5.0,-5.0,-6.29820051413882,1
2023-05-29,2,-0.11035,-0.4939,0.5424216118482006,0.5,0.033453560714827656,0.0009746588693957114,0.005917988584235039,0.02120028947952049,-0.8931818181818182,0.0,0.0,0.0,0.0,0.0,0.0,0.0,0.0,0.0,0.0,0.5,0.0,0.0,0.0,0.0,0.0,0.0,0.0,1.0,0.0,0.0,0.172373261446265,-0.025941841218003064,-0.08833917584785489,0.037076000403349,-0.03292178514757578,0.005392040526231365,-0.04711834982801409,-0.021941765097428307,0.017356988846331457,-0.00736470551782335,0.018965868340893192,0.017686693216738138,-0.0079598337730389,-0.02613746408348194,0.00880919990223367,-0.006493086616397194,-0.001299497260020363,-0.006523156775123011,0.0035418894724072187,-0.001973223111927879,-0.0033898137024977633,-0.001402984217218276,-0.01954442511343453,0.004115791775768001,0.010273231228471708,-0.030002762563404894,0.007375287800320791,-0.011814672276173799,-0.029485233064163383,-0.018882180194027924,-5.0,-5.0,-6.2980163375488605,2
2023-05-30,8,-0.374925,-0.8807,0.5127128791327281,0.625,0.03314241920177928,0.004626344261532989,0.0048829889477980115,0.010432561091278388,-0.5588933737830797,0.5,0.0,0.125,0.0,0.25,0.125,0.25,0.125,0.0,0.375,0.0,0.125,0.0,0.125,0.25,0.0,0.0,0.125,0.25,0.25,0.0,0.1715755389253421,-0.019229956792089553,0.0547464512564802,-0.022650024263312193,0.029952446348315207,0.01692843616007421,0.013110367984424795,0.011839822244861225,0.005265224638745259,-0.011674079113037299,-0.014564800827586906,0.02634258840458933,-0.004959058228365147,-0.007470127714228337,-0.008051464986402999,0.012417393366886803,-0.012716703207582506,0.015352440443982193,0.0061999369245771775,-0.003886131610248457,0.005144292928642475,-0.008976240265598366,-0.0008276348951081957,-0.01496207052726313,-0.0023707427021606624,-0.006448727344291603,-0.009479474383590772,0.0038175867797206535,-0.013824791181542331,0.005220219947426075,-5.725,-9.0,-4.802384925206226,8
2023-05-31,5,-0.34791999999999995,-0.8126,0.434761459883463,0.6,0.04373393158225477,0.004675888601447671,0.0019852197673681815,0.017311373226585828,-0.7389535507347569,0.4,0.0,0.2,0.0,0.2,0.2,0.0,0.0,0.0,0.2,0.0,0.2,0.0,0.0,0.0,0.0,0.0,0.0,1.0,0.0,0.0,0.20049042714868953,-0.014226979311539989,0.05714362407059548,0.016465954632807818,0.015750876261460132,-0.01849793172583221,-0.005008838404962419,-0.0025129979083482615,-0.016201273590186232,0.007071596845272544,0.0029113841872587046,-0.0014416279583054554,-0.0005188594318307818,-0.0068264592533988505,-0.00706322332269155,-0.01252846468559311,0.0057511700669088195,0.02678241646044214,0.015503480389839707,-0.004125017172496789,0.016005384021027236,0.010969864615252144,0.0008179667868788668,-0.016827183113906352,0.011853804977576973,-0.008827330285675391,-0.006477948769703377,-0.0003600962538157393,0.007188501498681904,-0.0002716656634411896,-5.84,-9.2,-4.280913159673706,5
2023-06-01,7,-0.15164285714285716,-0.6124,0.33676029485447984,0.5714285714285714,0.027890061670061,0.0036969157126150744,0.0033619065732787825,0.016413723884270433,-0.522452613524042,0.14285714285714285,0.0,0.14285714285714285,0.0,0.14285714285714285,0.14285714285714285,0.0,0.0,0.0,0.2857142857142857,0.0,0.0,0.0,0.0,0.0,0.14285714285714285,0.0,0.14285714285714285,0.5714285714285714,0.0,0.14285714285714285,0.1964718690714721,-0.06782532637385279,0.0414195923425919,-0.011689161025320602,-0.041468352374706925,0.002024846413470649,-0.0019464391713768018,-0.005851450809559114,0.022810573286617956,-0.030463994771841585,0.00718198508936517,0.007481950624623602,-0.05892702939224733,-0.02934484657692516,0.010150124934845248,0.019648351800479486,0.015149023417067618,-0.008660385888912376,0.013133646464533065,-0.007325516179356553,0.009750770942821202,-0.0029814363887046276,-0.011163480111083115,-0.017751103080860628,-0.012605356797449757,-0.016720787187198577,-0.017317592790670924,0.022962138881059548,-0.0053414115440530985,0.004665514927907595,-6.214285714285714,-10.0,-5.706750200354739,7
2023-06-02,7,-0.16121428571428573,-0.7783,0.37743155860178335,0.42857142857142855,0.029338473959093742,0.005293661867611039,0.004078476534374917,0.017614841281426465,-0.6102055375500076,1.0,0.0,0.2857142857142857,0.0,0.2857142857142857,0.2857142857142857,0.14285714285714285,0.14285714285714285,0.0,0.7142857142857143,0.0,0.0,0.0,0.2857142857142857,0.0,0.0,0.14285714285714285,0.0,0.42857142857142855,0.14285714285714285,0.0,0.22060036395763483,0.026956230784690022,0.010845580895306794,-0.005173098987074948,0.01839640845821449,0.012036742149167176,-0.04172601441856204,-0.011245475726338855,0.00044382645653411143,-0.0352547109450026,-0.0036788450606965064,-0.006759148282422652,-0.008462883250212152,-0.01847232126667626,0.013788999254592703,-0.015160638918445758,-0.01946970059664099,-0.003194632321850755,-0.006409054274791433,-0.0018370223397402346,-0.0074429476156502505,-0.007633952507061417,-0.01367057255337464,0.0007663818371193024,0.01434751894698324,0.0026729428472505473,-0.009486511334454535,0.02101435763411735,-0.012622535156108691,0.015323199136020609,-6.028571428571429,-10.0,-3.975620413735792,7
2023-06-03,8,-0.13221249999999998,-0.6808,0.4200694345241374,0.375,0.023752671242659302,0.003511254976382011,0.003424422056414686,0.005490100774781943,-0.5492424242424243,0.375,0.0,0.0,0.0,0.25,0.25,0.0,0.0,0.0,0.25,0.25,0.0,0.0,0.125,0.0,0.25,0.125,0.0,0.25,0.25,0.0,0.1554020882047119,0.040488354280767885,0.044131127320257625,-0.02047471606713564,-0.026693722094441714,0.013578939550392863,-0.03421107570040309,0.008099600390614206,-0.020926337607070213,-0.009567714325763985,0.000311357700531521,0.008914143623690566,0.010932270145245584,-0.011583027752256407,0.007059584433214609,-0.010271895062064463,0.013030156470076054,0.0005237561397942036,0.00015573495039527185,-0.012427281069535676,-0.00692345345960154,0.0074373480968877165,0.019038243077845077,-0.00969490567425731,-0.007235596868417102,-0.006848234497510817,0.00034421783222493476,-0.007420537060253699,-0.0020398896773809617,-0.010895130471059696,-7.8,-10.0,-2.8865473662889674,8
2023-06-04,4,0.2819,0.0,0.3921326816270228,0.0,0.019310133975072002,0.009318516818200336,0.006682986504325509,0.006362499310753874,-0.2948005698005698,0.5,0.0,0.25,0.0,0.5,0.5,0.25,0.25,0.0,0.5,0.75,0.25,0.0,0.25,0.0,0.5,0.0,0.0,0.25,0.0,0.0,0.23114638409633317,0.08403638136008353,-0.027060402694902466,0.01843031636885456,-0.02223589607245233,0.015362656282255954,0.024077544180149013,0.030551888983315168,0.05716423725573001,0.09224094465899486,-0.05918776590298164,0.0198839679132137,0.017529385795633463,-0.02834756790737335,-0.020112787787756645,-0.04081325931783577,0.04503653644385673,-0.006383440551533282,0.015291128734951275,0.0067499173546219605,0.005930424071023434,-0.01145213474942209,-0.006192932394416862,-0.006656523770006492,0.001612543815137056,-0.010650267882717834,-0.012014040153288323,0.0061798032334575426,-0.02344921220275749,-0.0037434409516051434,-5.75,-6.5,-1.8987331618813474,4
2023-06-05,1,-0.7783,-0.7783,0.0,1.0,0.00865051903114187,0.00865051903114187,0.006920415224913495,0.006920415224913495,0.0,1.0,0.0,0.0,0.0,1.0,0.0,0.0,0.0,0.0,0.0,0.0,0.0,0.0,0.0,0.0,0.0,0.0,0.0,0.0,1.0,0.0,0.19451037534447274,-0.1075009383109118,-0.011479196569671994,-0.041386565464969154,-0.10599908495692179,-0.053110529665758605,0.06822776218317045,0.00024674835495291724,0.054255257289223494,-0.07696167459226198,0.0619432873798435,-0.07365576827406946,-0.13307603392885584,0.01154004874534245,-0.020625900321702566,0.06503274715975935,0.09371482306480328,-0.04235591325273667,0.06830107225234974,0.04051280211315356,0.09523993590597692,-0.060930693325726565,-0.031902874740423914,0.028138472106884017,-0.10404928015111126,0.20607964849713625,-0.03348891324551484,-0.11739480449539612,-0.04630569279686243,-0.009863527923488343,-10.0,-10.0,-0.17921146953405,1
2023-06-26,7,-0.005257142857142857,-0.4019,0.25443771901418794,0.2857142857142857,0.02540828730611297,0.004862894952039317,0.004819273698063914,0.010784330633081571,-0.5273210627187966,0.42857142857142855,0.14285714285714285,0.2857142857142857,0.0,0.14285714285714285,0.14285714285714285,0.14285714285714285,0.0,0.0,0.14285714285714285,0.2857142857142857,0.2857142857142857,0.0,0.14285714285714285,0.0,0.0,0.0,0.0,0.8571428571428571,0.0,0.0,0.2168558429013793,-0.004934358193861207,-0.0673730167140027,-0.042128751638322304,0.004788443942196687,-0.02710103210081166,-0.02641872509914762,0.050561371617352115,-0.006896483713990998,0.0030275654958257,-0.02475854719101923,0.006377839439635662,-0.02076884802917111,-0.020532007124697493,-0.02057667743773914,-0.0056145112133431235,-0.0129275180420397,-0.006454929858153151,0.009063762490427951,0.004741679366592743,0.0013113355602462687,-0.001094673949549906,-0.006544408612395671,0.012526934315936425,0.018429651593125485,-0.011378618995451324,0.0034232703061563975,-0.018344309426655662,0.002673223481896866,-0.005080529200944393,-5.0,-5.0,-2.641831780358907,7
2023-06-27,4,0.18685,-0.2732,0.3900156620786743,0.25,0.03921755938340975,0.0025614954258543323,0.0015060036479006469,0.023769139532527458,-0.7313822751322752,0.75,0.0,0.0,0.0,0.25,0.25,0.0,0.25,0.0,0.25,0.5,0.0,0.0,0.25,0.0,0.25,0.0,0.0,0.5,0.0,0.0,0.2114693034343805,-0.021692428077611334,0.041902565582278284,-0.0019460818910427254,-0.028338143035207198,0.0521772761087787,-0.03788167521015326,-0.0253780298459986,0.030555664364764788,0.037659586919749105,0.009516089397777787,-0.03165512423512682,0.01147744191569649,-0.019819402325581974,-0.015740306261903203,-0.01897543899189986,0.0028456090593520253,0.006904511326851865,0.0023163901071016732,0.001041639528242045,-0.00468121410016093,-0.0004151785586884397,0.03333575374272105,-0.0072549228113085815,0.006968837201544407,-0.011567629917352799,0.011044929102376994,-0.026438945392269632,0.015053952736525962,-0.007445459966884181,-5.375,-6.5,-4.220889563689525,4
2023-06-28,7,-0.24294285714285715,-0.7579,0.3145385077492784,0.5714285714285714,0.04282705595493152,0.0032225094761858288,0.003965182415542464,0.02339492964517004,-0.5815181979016149,0.42857142857142855,0.0,0.2857142857142857,0.0,0.14285714285714285,0.14285714285714285,0.0,0.14285714285714285,0.0,0.2857142857142857,0.0,0.0,0.0,0.0,0.0,0.0,0.14285714285714285,0.0,0.8571428571428571,0.0,0.0,0.19042700437420787,-0.013431993181436916,0.004230168124785894,-0.0007142686566641755,0.028022580128550353,-0.02097876169537557,-0.04139964251590002,-0.0018903515037470861,0.008106119086855136,-0.017020745991633394,0.005538538268181215,-0.00039931444893653856,0.0012339801474050363,0.013765054562970263,-0.0028388349202927393,0.011523092113146805,-0.0006057747428978488,-0.0037282073329839315,-0.01429801195817624,-0.0043022917276320325,-0.00030604172032408804,-0.004058632663854739,-0.011059082566790144,-0.02037200284843805,0.02551460286448361,-0.022472656903035855,0.006673388827603726,-0.009123863330417651,-0.022527295753185485,-0.01968093137396318,-5.314285714285715,-7.2,-5.29131212536552,7
2023-06-29,10,-0.19485000000000002,-0.7184,0.32832859302838674,0.3,0.04200710863649441,0.004293816363353043,0.0053134305007161604,0.020827230974913034,-0.6805467741323005,0.5,0.0,0.1,0.0,0.1,0.1,0.2,0.1,0.0,0.4,0.0,0.1,0.0,0.1,0.0,0.1,0.0,0.0,0.6,0.2,0.0,0.22609381256925273,-0.04491911478218721,-0.013030176668384689,0.011456427946587541,-0.008702836712440012,-0.03563427711117546,0.03292543768138348,-0.009823353915907615,0.007042736062682288,-0.006377762405127977,-0.04156999717477209,0.0428732902258339,-0.00920686289144889,0.02069819893843563,0.010456351374101289,-0.012719368166979439,-0.015881473867867132,-0.007467870050561934,-0.0027804048845505775,-0.010462912450289066,-0.009888598942255387,-0.006415048597454631,-0.008075477700091505,-0.011190527830295444,0.0016406716760798998,0.013664442669274166,-0.024806636659712757,0.019399962721328434,0.004708749074150137,-0.008954225644046476,-6.05,-10.0,-5.305298326950916,10
2023-06-30,11,-0.1176090909090909,-0.7951,0.4534909094007188,0.45454545454545453,0.03570214071297138,0.004463831714771726,0.005508343748757234,0.011156809019623687,-0.6840426123430369,0.6363636363636364,0.0,0.18181818181818182,0.0,0.18181818181818182,0.18181818181818182,0.18181818181818182,0.0,0.0,0.36363636363636365,0.0,0.18181818181818182,0.0,0.18181818181818182,0.18181818181818182,0.18181818181818182,0.09090909090909091,0.09090909090909091,0.2727272727272727,0.0,0.0,0.20785122764079633,0.03220339766194123,-0.016192274055738018,-0.007195561926969233,-0.0049452367011554865,-0.00618299128978459,0.008369874164197329,-0.0405923318159772,0.011073938838147172,-0.0009532822671097886,0.005438392465827984,0.011553106980302123,-0.006514975122048802,-0.0054578094222805466,-0.00556180947381486,-0.028337321680640647,0.010195126052682437,0.001439795310788186,-0.008361471181537704,0.017334669942025222,0.00441937773347728,-0.005422150180746271,0.0003741180700661186,-0.015629486786017995,-0.029905986278073737,-0.010970502970941522,-0.0020797780388226513,0.005060275067826207,-0.004537938339948322,-0.003829022600384272,-5.690909090909091,-7.5,-4.652148021529564,11
2023-07-01,6,-0.13505,-0.743,0.374017335159749,0.5,0.0225356313044789,0.0065846540414855395,0.006446638544171644,0.011737792255305904,-0.5219129318394023,0.6666666666666666,0.0,0.0,0.0,0.3333333333333333,0.3333333333333333,0.0,0.0,0.0,0.5,0.16666666666666666,0.0,0.0,0.3333333333333333,0.0,0.0,0.0,0.0,0.6666666666666666,0.0,0.0,0.1807134454537428,0.028397530559751364,-0.030571061276422024,0.00041778522000699797,-0.048931095438170195,0.017395790740152742,-0.04339363305684867,-0.0489219344848759,0.020820501313009703,-0.03947542113648376,0.0036984748361078425,-0.0004853037433481679,-0.0023821477378121896,-0.022447271085142616,-0.00573230473128694,-0.026344108683664078,-0.0133328093321578,0.010778619261283593,0.012565091370673881,0.00025968829744926785,0.012973128667701976,-0.01173360106341051,-0.0016524401084929026,-0.005439982322633956,-0.018220086570206306,0.009880871092880139,0.009493736357383821,-0.0063731542348874,-0.013410456019832389,0.004442576804705768,-6.3999999999999995,-9.2,-2.6047658550564514,6
2023-07-02,3,0.12040000000000001,0.0,0.20853891723129284,0.0,0.01635582720681807,0.0058116636271066295,0.0036621439677103954,0.0034103619708545766,-0.4719887955182072,0.3333333333333333,0.0,0.0,0.0,0.0,0.0,0.0,0.0,0.0,0.3333333333333333,0.0,0.0,0.0,0.0,0.0,0.3333333333333333,0.0,0.3333333333333333,0.3333333333333333,0.0,0.0,0.20493199611115617,-0.030770218785307935,-0.033123011642602014,-0.026770962304981955,-0.05574229904441114,-0.044090012900821755,0.04514100315800468,0.06241639461980641,-0.001320438456891164,0.008681676342146297,0.014591742920171036,0.011608061275856799,0.001441523714578526,-0.01573445356780232,0.018434674132767285,-0.03100343503297141,-0.003439471987484642,-0.012207134061336623,0.022316430637422696,-0.002654771658283843,0.012946235251727443,0.00042794500009236974,0.0023003705474628658,-0.0024398574780299023,-0.012239301248257957,0.006253613345167085,0.0063729359156855315,-0.05270813535196398,0.0038396289308468626,-0.009538680998593502,-5.166666666666667,-6.5,-2.301557227665603,3
2023-07-31,8,-0.246675,-0.9524,0.5268997919095108,0.375,0.029933676944350632,0.006517164691585517,0.005876302619342932,0.012847887451405549,-0.5027754567736186,0.375,0.0,0.25,0.0,0.25,0.125,0.0,0.125,0.125,0.25,0.0,0.0,0.0,0.0,0.25,0.125,0.0,0.0,0.5,0.125,0.0,0.1946029748421128,-0.004859986537545506,0.014460655219912282,-0.02300620285732772,0.0620305682046839,0.002583445776931651,-0.016546090773024477,0.019826757706683483,-0.006646662513815072,-0.006654463023790986,0.0005586607481979782,0.03221567687511061,0.012030926210430306,0.004525667209080075,-0.004967324480752809,-0.014689170000499695,-0.011625651051738382,-0.009956522507895544,0.005050273476660162,-0.005713662715935987,-0.0033352425638776976,-0.007570210099932411,0.009540989781106507,0.0009747676676306353,0.009744962411077938,0.0010550199207234546,0.010836035053576918,-0.00038773756115262695,0.012454769552600593,-0.017773575250207098,-5.5375,-9.0,-3.490018966883708,8
2023-08-01,5,-0.25248,-0.5423,0.24399456346402476,0.6,0.03089398924568329,0.010295671622988068,0.004445691682411902,0.009074962042097678,-0.43033874727423116,0.4,0.0,0.4,0.0,0.2,0.2,0.2,0.2,0.0,0.4,0.0,0.0,0.0,0.0,0.0,0.2,0.0,0.6,0.2,0.0,0.0,0.16095928272331864,0.03914515195237893,-0.009916528705690751,-0.015745920540100607,0.053626016941653275,-0.030623658620949235,0.010019951838209733,0.0006340974870077725,-0.016117138741443226,0.01655333632177411,0.009756980270751612,-0.028580498276064837,0.006173301602633118,-0.007241655246867337,-0.02000475736371417,0.008953853035814169,-0.0069091271094231434,0.02486380329569034,0.014422897122127196,-0.012162001903350561,0.021693048369190757,-0.02082853558854767,-0.016650815402945145,-0.007799348242001775,-0.014937788904482344,-0.03315960918308819,-0.01146945004596564,-0.01998952308716225,0.012023331465413317,0.058607948380072196,-5.3,-7.0,-3.60333131239328,5
2023-08-02,12,-0.413225,-0.9118,0.41906259485796504,0.5833333333333334,0.043309525036791786,0.003533263570153666,0.006583995330912207,0.02599028611795616,-0.7579248968288823,0.3333333333333333,0.0,0.0,0.0,0.16666666666666666,0.16666666666666666,0.08333333333333333,0.08333333333333333,0.0,0.4166666666666667,0.16666666666666666,0.0,0.0,0.0,0.08333333333333333,0.0,0.0,0.16666666666666666,0.5,0.25,0.0,0.2109865689106393,-0.07932602554066642,0.046623266856859885,0.04480007564109448,0.004786353636455804,0.008845979939222542,-0.020328967340787974,0.019697234935204592,-0.010824484789915179,-0.0019429849853716704,0.0026040018686932843,-0.023312247821024017,-0.016836953050258837,-0.0178441492593962,-0.0067911586342469825,0.003527985636035963,-0.0089886442114014,-0.0019436387213412523,-0.0005446397971588199,0.011048632501198035,0.005085090937348561,-0.007144808926177766,0.021077791902843774,0.008435699003462084,0.0143620313306139,-0.020242666095218607,0.010004318599346175,0.03903847748253515,-0.01403274109963062,-0.011997011258181678,-6.075,-9.5,-6.370294855092617,12
2023-08-03,7,-0.196,-0.7717,0.41201313490389274,0.5714285714285714,0.03641850619068256,0.005097466857540965,0.007837648828566215,0.01600385899583023,-0.6219612911360484,0.8571428571428571,0.2857142857142857,0.2857142857142857,0.0,0.2857142857142857,0.2857142857142857,0.2857142857142857,0.0,0.0,0.5714285714285714,0.2857142857142857,0.14285714285714285,0.14285714285714285,0.0,0.14285714285714285,0.14285714285714285,0.0,0.0,0.5714285714285714,0.14285714285714285,0.0,0.1949107591168144,0.04869489086488062,-0.003411743227532534,0.021150223578458638,0.05301219766752913,0.0005542985231408478,-0.03580557865648087,0.03262725159971817,-0.025548711141718822,-0.014468012417563477,0.0007987696708629839,-0.05208210894380407,-0.0017335296763439588,-0.020551168188128046,-0.011786180236503704,0.03251136958333883,-0.01571757885779365,0.035149097738134905,-0.020577207018720546,-0.023490780534851714,-0.006889201265917061,0.0029064431881095456,0.003012442990104462,-0.002346295925296097,0.004031982501976937,-0.010158084588995505,-0.01029024692499684,0.0051605827228735955,0.010148454014274028,0.0046294820401438464,-6.071428571428571,-9.0,-6.180257544864321,9
2023-08-04,5,-0.39188,-0.9633,0.49214024119147176,0.6,0.041911744329355495,0.004947822618750723,0.006339975634238812,0.014488564747009835,-0.5407051282051282,0.6,0.0,0.2,0.0,0.0,0.0,0.0,0.0,0.0,0.0,0.2,0.0,0.0,0.2,0.0,0.0,0.0,0.2,0.6,0.0,0.0,0.1674536618365497,-0.03585916828146052,-0.013028322088466876,0.005225232792861705,0.02894602956806574,0.013420863565896585,0.019259224924308323,0.007660039700144737,0.037285974504789335,0.008628059416583542,0.022935064581489313,-0.017157835183775692,0.021675408058691358,0.0028739358617038873,0.008386165721392638,0.010174549787793297,0.011828303328891057,0.01211533187168413,-0.019758142072680042,0.007500413427391278,-0.019628716655331207,0.010053147428218032,0.0037366686475936183,0.005889566698019355,0.007694500389734191,0.005561967432526186,0.01880080606667109,0.010598215269802602,-0.008988110484120062,0.006334832437319615,-4.8,-5.0,-5.219626506286969,5
2023-08-05,4,0.116275,-0.0772,0.2863387431580528,0.25,0.019320666312457282,0.006080632433021179,0.006509145379839435,0.0016183374833838539,-0.39030388471177946,1.0,0.0,0.75,0.0,0.5,0.0,0.25,0.0,0.0,0.5,0.0,0.0,0.0,0.0,0.5,0.0,0.0,0.0,0.5,0.0,0.0,0.20682183921290664,0.07629592483421305,-0.042157501446031725,-0.05014150340957744,0.11508476337901957,-0.013572369686245988,-0.01927657367649562,0.006762707453211144,0.0045856368935659406,-0.04920245665468275,0.05509480593022198,-0.0271403421500428,8.582883182016617e-05,0.024661862078335373,-0.03298006891958052,-0.006987315197499579,-0.0024173370575313064,0.019747263759864846,0.03270344425130241,-0.017214497225980854,0.019245619849809537,-0.011609958491745561,0.008666261445656135,-0.02002013225397612,0.01411586151549975,0.014418592909141,0.018158196778071626,-0.014711390092305068,0.008038172838024616,-0.02342927824693787,-4.7,-5.0,-1.075319241635065,4
2023-08-06,3,-0.48373333333333335,-0.8126,0.3430898618923814,1.0,0.0338606947344342,0.003093580819798917,0.0024154589371980675,0.004957200738080599,-0.8256410256410257,0.6666666666666666,0.0,0.0,0.0,0.0,0.0,0.0,0.0,0.0,0.6666666666666666,0.0,0.0,0.0,0.0,0.0,0.0,0.0,0.3333333333333333,0.3333333333333333,0.3333333333333333,0.0,0.16503224590526064,-0.05193560182394496,0.024820586698534985,-0.030057646539007832,0.010846621819879687,0.06251060803237053,-0.003464270678203138,0.04722256921617099,0.0025575252478359234,-0.05515423443628887,-0.029613477491823376,0.01303077116453349,0.07891842460443409,0.04232319148144601,-0.04172672555712634,0.015379968393311965,0.0723416293481067,-0.051844000708435624,-0.08638888158845626,0.003996831530098232,-0.05594000299990795,-0.011499452307080006,0.012224056378064722,0.06948231023749063,-0.05324827671443274,-0.07040431766573353,0.00782053018441922,-0.05670890297408466,0.009744117550920596,-0.014003034710360227,-6.333333333333333,-10.0,-4.90650675544681,3
2023-08-07,1,-0.4939,-0.4939,0.0,1.0,0.03829787234042553,0.006382978723404255,0.010638297872340425,0.0,-0.6818181818181818,0.0,0.0,1.0,0.0,0.0,0.0,0.0,0.0,0.0,0.0,0.0,0.0,0.0,0.0,0.0,0.0,0.0,0.0,1.0,0.0,0.0,0.15052923609841923,0.009624135004193322,0.013617405161214466,-0.12865258937158255,-0.0005821477189224936,-0.00045859683909594987,-0.042841919703270656,0.0291260861472735,-0.09675571822363642,0.04075752104146482,0.021315580764140484,-0.05660376495108869,-0.008885650775883255,-0.02200055341492794,-0.04874713065738117,-0.0814800501699936,-0.061531913904066794,-0.03013456911338942,-0.029007405044107145,0.022587352947655584,-0.04131205805597644,0.06041791381196629,-0.056551837757167656,0.046737914994269984,-0.04631817754091003,0.07463352306322699,-0.03317930959256758,0.05017390248828792,0.011805845968057923,0.0223378120931581,-9.2,-9.2,-7.3482428115016,1
2023-08-08,1,-0.6908,-0.6908,0.0,1.0,0.01646090534979424,0.006172839506172839,0.00411522633744856,0.0,-0.4166666666666667,0.0,0.0,0.0,0.0,0.0,0.0,0.0,0.0,0.0,1.0,0.0,0.0,0.0,0.0,0.0,0.0,0.0,0.0,1.0,0.0,0.0,0.16440158948065536,-0.05410688257059776,0.029839006527740998,-0.0850029755888289,-0.04513518181928647,0.004562069142555393,0.006463483450219859,0.03466445317198833,-0.025751663462226175,0.012675573160840062,0.05357149603155995,0.005400996220511415,-0.038418406118625986,-0.038344571622430844,0.009964829737997031,0.01842910310832434,-0.023786721888061715,-0.016308800270786832,0.0062569321658756324,0.018356589180166402,0.023467448487703334,0.004001104257429897,-0.024454358854029076,-0.008467700639202469,-0.010932545190694204,0.02676136131921722,0.009053938105311176,-0.04797273610053834,-0.07357482017052029,0.005632815969332485,-9.2,-9.2,-2.53164556962025,1
2023-08-28,7,-0.1822,-0.8957,0.5025628750050419,0.42857142857142855,0.026086748293968766,0.005137121244327719,0.006433590478906769,0.009336659285959174,-0.45430285935512416,0.42857142857142855,0.0,0.14285714285714285,0.0,0.14285714285714285,0.14285714285714285,0.0,0.0,0.14285714285714285,0.14285714285714285,0.14285714285714285,0.0,0.0,0.2857142857142857,0.14285714285714285,0.0,0.0,0.2857142857142857,0.0,0.2857142857142857,0.0,0.19785123969770343,-0.020304114373212976,-0.015087899018048617,-0.010911797611929511,0.017679313587696716,-0.016865217789719587,-0.01828092544398091,0.02137951303718567,0.03299372670211376,0.015073847187275233,-0.013182631955070037,-0.030469999631503025,-0.00708470368366587,0.00206184990864984,-0.03222891706093004,0.012846741634022737,-0.007042566325453568,0.03429970779635157,-0.00547901008709276,0.004497458386553202,0.010114263160678047,0.013754207025462315,-0.006665223502788707,0.012070276472064382,0.017125511134812584,0.0027315126959974686,0.0016670126016140785,-0.016482885581261562,-0.008095840759313548,-0.006177095051453125,-5.771428571428571,-9.0,-2.2707792322017086,7
2023-08-29,6,-0.4291833333333333,-0.8176,0.3533219688423955,0.6666666666666666,0.043904324828207164,0.001760372384729073,0.005312697238645771,0.02220442562747568,-0.8563820438820439,0.6666666666666666,0.0,0.16666666666666666,0.0,0.16666666666666666,0.16666666666666666,0.0,0.0,0.0,0.5,0.16666666666666666,0.0,0.0,0.0,0.16666666666666666,0.0,0.0,0.0,0.6666666666666666,0.16666666666666666,0.0,0.21572881649809295,-0.12473600976363104,0.060995752389160496,0.036066965497990724,0.010249919623534151,0.028388123883144583,-0.009415534384377268,0.05471677349192783,-0.0031822295950743908,-0.003353397604429754,0.00491802015835719,0.05932032102269779,-0.026984118791973266,0.02256227385146933,0.0003469886585544234,0.02065982168215843,-0.02055260925556587,0.004336922852633643,0.05339606991663599,-0.025280207395633136,-0.014475020017392426,-0.007269378783730767,0.0021929831818967454,-0.010632202771727101,-0.032710264619154245,-0.042595256754704235,0.006181514628348493,-0.0026939158762240255,-0.03484119088784817,0.02390366052862214,-5.566666666666666,-9.0,-7.56870735757174,6
2023-08-30,10,-0.20638,-0.8555,0.5218193467730635,0.6,0.02960379544570274,0.006098957717064898,0.006961526073009526,0.007923504750081961,-0.4604036159918513,0.7,0.0,0.1,0.1,0.2,0.2,0.0,0.0,0.0,0.2,0.0,0.0,0.1,0.0,0.2,0.0,0.0,0.3,0.4,0.1,0.0,0.18474266206158171,-0.003676726518230489,0.054267388486417364,-0.04176349043420472,-0.0032567268394705336,-0.009782854441002535,-0.03168562085023032,0.018371300738597586,-0.027916345723668533,0.0013687191158124167,0.010053830035442825,-0.014097978554881336,0.011795167461755646,0.007747839021835412,0.0008040006879761862,-0.02317760298734713,-0.020089202066989106,0.006828851257108151,-0.007949115164140727,-0.0014248886146842354,-0.002301595014176431,-0.007987284665422723,-0.00800081357286388,-0.009577383093561532,-0.002750519510814755,0.007000769963719682,-0.018118636647325135,-0.013441692023707322,0.02065573177688588,0.019340038107045338,-5.5,-9.0,-4.59650437747576,10
2023-08-31,12,-0.2749333333333333,-0.8271,0.4617036994226991,0.5833333333333334,0.04393442017816484,0.005903027382326401,0.004285193863226738,0.01674096545814426,-0.7074166552718348,0.5833333333333334,0.0,0.25,0.0,0.08333333333333333,0.16666666666666666,0.0,0.16666666666666666,0.0,0.4166666666666667,0.16666666666666666,0.0,0.0,0.3333333333333333,0.25,0.0,0.0,0.0,0.4166666666666667,0.0,0.0,0.19103003183734155,-0.019659350151669343,0.016120979738749704,0.017926200310400906,0.04435260242701044,0.02689056510915844,-0.0033093007702971584,-0.0008672486184461203,0.014219412923745208,0.003142263484715306,0.004000877127677007,0.031938875191701625,0.0030713481567683377,0.008311764476182744,-0.010377580183360234,-0.01353343092934923,0.013104694561085305,-0.0066655355231963935,-0.007413164953112829,0.00303047681127434,-0.008908124655307537,-0.003621373774991421,0.001787346301433796,-0.003555205757543322,0.013767072614707667,0.006232422449591567,0.011775480352202286,-0.004544691747797745,0.014552917781917023,-0.0054049508416095194,-5.416666666666667,-9.2,-5.7111846680232725,12
2023-09-01,10,-0.45903,-0.8555,0.34985986416786297,0.7,0.030998243986265217,0.005328893799653187,0.007802631169905577,0.012119640100523117,-0.5804000720311053,0.5,0.1,0.2,0.0,0.3,0.3,0.0,0.3,0.0,0.5,0.3,0.1,0.0,0.3,0.2,0.1,0.0,0.1,0.2,0.1,0.0,0.2606749306248469,0.011303118428999082,0.029929216428265026,0.02608625299755767,-0.015875463276599503,-0.03939672605063855,-0.003127307850865413,0.026450960701106786,0.005543445934112774,-0.0010439540162921694,0.020002410910514322,-0.01523067123558286,0.004442748526627611,-0.009780994295240986,0.010912569761693598,0.008779912506657725,0.0030758489102253777,-0.0032261376096574,0.006211832880940026,-0.016883454912854052,-0.00912073918902084,0.012301344064011954,-0.01366112010617932,-0.01893738233048687,-0.004861240495795329,-0.0032829032744725642,0.007712610580422599,-0.0018750508034395153,-0.012849994797740363,0.0122183391426998,-6.04,-9.5,-3.9314590885175447,10
2023-09-02,7,-0.48031428571428575,-0.9136,0.4212523646959205,0.7142857142857143,0.027444989839250138,0.014237621679448286,0.005455326250267891,0.01758188439431423,-0.4403568444921828,0.42857142857142855,0.0,0.0,0.0,0.0,0.0,0.0,0.0,0.0,0.2857142857142857,0.0,0.0,0.0,0.0,0.14285714285714285,0.14285714285714285,0.0,0.14285714285714285,0.42857142857142855,0.14285714285714285,0.0,0.16465983361294947,-0.06414196095162887,-0.004224669722994572,-0.017963194076214432,0.007139046293987519,-0.016705417200972527,-0.021902961809327735,-0.01504959008865154,-0.019110715606402286,-0.006897510591706749,0.00933542936864726,-0.015033060520907715,-0.006610575786347362,0.02641435871444258,0.004425973753405873,0.00617516548972939,0.020981711883958615,-0.03562979664645299,-0.004110801125071009,-0.005810536923140937,0.013163319503189235,0.027990095823221612,0.0354598395933753,0.0030076147422969054,0.010249403122937562,0.01270877854940997,-0.018120327260241407,0.016690364351385156,-0.014929208968659282,0.006755720872790382,-5.557142857142857,-9.0,-6.102245040730464,7
2023-09-03,2,-0.4688,-0.7845,0.4464672216411861,1.0,0.05273497688751926,0.0015408320493066256,0.003852080123266564,0.013097072419106317,-0.7692307692307692,0.5,0.0,0.0,0.0,0.0,0.0,0.0,0.0,0.0,0.5,0.0,0.0,0.0,0.0,0.0,0.0,0.0,0.0,1.0,0.0,0.0,0.13811801549845387,-0.0700529914220438,-0.008185641612473676,0.05131714998805489,-0.029205182767028666,-0.04938195939741928,0.04350654999188898,0.03015330680996018,-0.02622877352848995,-0.01584689309312981,-0.016674700520150573,-0.015773782937360304,0.012398457917420813,0.06849217080766304,-0.002844765483648669,-0.003271258265124391,-0.04716673792144313,-0.0007508176211737834,0.0435733776984638,-0.049529528773633036,-0.002383458720576468,0.07002745202567892,0.027135345398904345,0.00402468115924525,-0.068731164759501,-0.048075672859372455,0.03540728510055693,0.006420929336495964,0.00740601041038365,0.028589527296808914,-5.0,-5.0,-8.425910340571185,2
2023-09-25,8,-0.0797625,-0.8176,0.4093607976816679,0.25,0.039004996598698896,0.004101046455680162,0.00819258786873122,0.012592869684482453,-0.6451679816105178,0.25,0.0,0.0,0.0,0.0,0.0,0.0,0.0,0.0,0.375,0.125,0.0,0.0,0.125,0.25,0.0,0.0,0.125,0.375,0.125,0.0,0.18454569302134827,0.00939555458961198,-0.007860475886823854,-0.019680998218784378,0.02040239288482512,-0.02998552456999161,0.02985081423326981,-0.0015914073320592,0.0019120217744825335,0.018648835940859063,-0.014911984032440168,-0.012596286791736633,0.015354122401759353,-0.05060948837928002,0.025761341933231145,-0.006505051593478895,0.002121580426648249,-0.00925322655250903,-0.011727252248927688,0.022031963878370284,0.01652155897411721,-0.012437143092913827,0.0034286704775698005,0.021455864458081345,-0.002236409300617543,0.002353575922489768,0.014752760257158189,-0.013930078366641143,0.02361598085586949,-0.014643156495935988,-5.35,-10.0,-3.841627032054741,8
2023-09-26,11,-0.3206545454545454,-0.8779,0.35829141871844034,0.5454545454545454,0.030404716027592246,0.005252875452899714,0.004233151443603696,0.019667562169184,-0.5780110240636556,0.6363636363636364,0.0,0.18181818181818182,0.0,0.09090909090909091,0.0,0.0,0.0,0.0,0.2727272727272727,0.18181818181818182,0.0,0.0,0.0,0.09090909090909091,0.0,0.0,0.0,0.6363636363636364,0.2727272727272727,0.0,0.19887584310263426,-0.05519521039325648,-0.030120940893956116,0.0006404916120737521,-0.010365626327908993,-0.03142006802805683,0.02177390910734585,-0.008811354168553888,0.017245904092616674,-0.006335262276362089,0.0020556031124002133,-0.023524608802215952,-0.004516218316295106,0.0021709596124062035,-0.01581683435665097,-0.016186670256420257,0.000599667199155885,0.012722271733744895,0.005659657926789667,0.00639560960611221,0.0245828634939167,-0.011242333391094043,0.0034013587558567094,0.004910023790625792,-0.004948060385413077,-0.0043848379213309524,0.008052697060909638,0.00641587930077905,-1.3104839330272317e-05,-0.003270487798337059,-6.172727272727273,-10.0,-3.85070100808641,11
2023-09-27,11,-0.21875454545454545,-0.6841,0.4270059656811281,0.5454545454545454,0.02864218668094315,0.005206620565165584,0.0058214259078662066,0.008075734574770232,-0.5575657369682817,0.6363636363636364,0.09090909090909091,0.2727272727272727,0.0,0.09090909090909091,0.09090909090909091,0.09090909090909091,0.18181818181818182,0.0,0.6363636363636364,0.09090909090909091,0.0,0.0,0.0,0.09090909090909091,0.0,0.09090909090909091,0.18181818181818182,0.2727272727272727,0.36363636363636365,0.0,0.20126401668370955,-0.01666694019521385,0.005532129393615165,-0.008039832109929547,-0.016194432604362353,-0.00465679094128975,0.01221815288760026,0.009752600636607923,0.002354231277440298,0.00019308696083705779,0.028603211394335113,0.007764858206737982,0.03973897553179483,0.022753033599318476,0.01501106281682512,-0.009066556143669025,0.0034643274543175533,-0.012225169240675265,-0.005967252357743669,0.005544551641140627,0.016308936329652083,-0.01696072682304383,0.010582617676657085,-0.005202058732194254,0.00677124237553255,0.011611888921272144,-0.011311263868455131,-0.013995907256848074,0.014811204242267556,-0.003268505487470444,-6.418181818181818,-9.0,-4.673662406783804,11
2023-09-28,8,-0.23955,-0.6369,0.361951760795354,0.625,0.02968523602857711,0.0018973733036226274,0.004047969838901955,0.0168755836806934,-0.7944187894091232,0.625,0.0,0.375,0.0,0.375,0.25,0.125,0.0,0.0,0.625,0.125,0.0,0.0,0.25,0.125,0.125,0.125,0.0,0.375,0.0,0.0,0.2248340199366091,-0.009520574836501412,-0.010845053797787016,0.04363269188170453,0.022445801061119593,-0.003471906350723794,0.029652563738142228,0.02524318376656517,0.005417262078292844,-0.04823683549112,0.020230625986353373,-0.022230150279157583,0.012667714858313753,-0.008113633528709911,-0.0028319272617862556,-0.012972982187228359,0.012513428330338496,-0.024932782727728614,-0.014244483486653829,-0.0014529536276009435,-0.018040509062562625,-0.016619218185016365,0.004216470250581363,0.02698209299232383,-0.00864836489488148,0.016712033045395393,-0.007957854388846556,-0.008898260735336118,-0.01619570385266721,-0.010801405467434088,-5.3875,-7.2,-5.445888924163018,8
2023-09-29,7,-0.24554285714285712,-0.765,0.470249755828903,0.7142857142857143,0.03692908341878787,0.0067202874815443245,0.003953183002660424,0.018890020907540234,-0.3490246314685684,0.42857142857142855,0.0,0.2857142857142857,0.0,0.14285714285714285,0.14285714285714285,0.0,0.0,0.0,0.2857142857142857,0.2857142857142857,0.14285714285714285,0.0,0.0,0.0,0.14285714285714285,0.0,0.0,0.8571428571428571,0.0,0.0,0.22631582369210115,-0.030743938591012005,-0.06020251282043628,-0.006706091063349311,0.00020584631911593963,-0.028782226405107907,-0.022891745283583505,-0.010063469998584635,-0.006973770493318407,-0.01918635034672969,-0.02625596311272106,0.0017516658555667998,-0.007544059890040741,-0.0011955570314729873,0.009213685046445052,-0.029553491438172423,-0.008549196638459461,0.002573143606212056,0.03947605310336202,0.0032332748646999444,-0.0185585788691154,0.013407142122682283,0.04466400083870488,0.01402961753154206,0.014954617511305496,-0.008637458545117941,0.024628029678380372,-0.005902074381516517,0.005516636650863016,-0.00394080003043916,-5.214285714285714,-6.5,-3.9792499642429062,8
2023-09-30,3,-0.1531,-0.7717,0.6064397002175896,0.6666666666666666,0.05585198406174898,0.005376680783552392,0.005683677383496551,0.013106393305308314,-0.7030864197530864,0.0,0.0,0.0,0.0,0.0,0.0,0.0,0.0,0.0,0.6666666666666666,0.3333333333333333,0.0,0.0,0.3333333333333333,0.0,0.0,0.0,0.0,0.6666666666666666,0.0,0.0,0.19597747026771725,-0.03949701736920868,0.01771577544643992,-0.03647839050838867,0.039002725580979225,0.042604359635040806,0.04818464900902903,-0.008300313473350236,0.07315778543462292,0.07497590422001675,-0.05324160151102857,-0.002085959758469596,0.005982907191994111,-0.061215005529901056,-0.00889575405273695,-0.007310421068389478,0.012120379893364423,0.015120734603880739,-0.017013893510747342,-0.011184984123968624,0.005764084502552173,-0.008657875555671447,0.023514927766577542,0.022484065390819933,-0.002305228306752055,-0.00517230339257553,0.016505104935599264,0.0022096916308024074,-0.004170728033054992,0.021984651275756707,-6.3999999999999995,-9.2,-6.696381100506977,3
2023-10-01,4,-0.54805,-0.886,0.4191748203315653,0.75,0.03637724826384012,0.0032599487535683574,0.005703596997676498,0.029791010455400214,-0.8032529730805593,0.5,0.0,0.25,0.0,0.0,0.0,0.0,0.0,0.0,0.5,0.0,0.0,0.0,0.0,0.0,0.0,0.0,0.0,0.25,0.75,0.0,0.20802263485990455,-0.1672208562555853,0.082998633393224,0.007766505746178751,0.01374483903458439,-0.030084744929678747,0.01936507519438592,0.02662573080691415,0.01561227255548187,0.02232239270297874,0.0036953941256273317,0.031144535054460326,0.01907256057659535,0.009432917305983324,-0.02764367399785921,0.01905903811672654,0.0010385572858655039,0.05265812808193655,-0.010785468782027588,-0.003910353699586002,-0.005132282513744962,0.011387331263519894,0.012357944484981852,0.009014767343863906,-0.018899116005041395,0.038608274275907795,0.004656614746987401,0.010629050090958554,-0.02747502396656132,-0.012525681215435881,-8.0,-9.0,-8.069146883339137,4
2023-10-02,4,-0.103575,-0.5859,0.5565969899008318,0.5,0.039870143259033486,0.004769552222929752,0.006460824426248546,0.019431251146885844,-0.7208723427264863,0.5,0.0,0.0,0.0,0.25,0.25,0.0,0.0,0.0,0.25,0.0,0.0,0.0,0.0,0.25,0.0,0.0,0.0,0.25,0.5,0.0,0.2317331193697283,0.0014335327239086114,0.033010386850191566,0.01656123778664554,-0.0190778576414061,-0.04212661442287699,-0.0074560046259296246,0.006714687349661784,0.0026938914631078024,0.0070313023606276,0.014149066735500513,0.0002023893030633911,-7.577969228217754e-05,-0.04090031325126156,-0.0037370396725202384,0.00936317095055898,0.011245454345246837,0.03105353318329102,-0.0029725242602097676,0.009969348708987007,0.019889957217497554,0.0007256848140250108,0.008770979575688011,0.010292315989565391,0.012946927374268166,-0.008619214389670444,-0.015206766252027125,0.0006002367685663621,0.0031394429678355557,-0.019303275830348045,-6.85,-9.0,-4.567492912231062,4
2023-10-03,6,-0.14805,-0.4588,0.25619568887863825,0.5,0.031872901504695836,0.0019115052215057972,0.004179034129810913,0.01782026607078736,-0.8021246818350125,0.8333333333333334,0.0,0.0,0.0,0.0,0.0,0.0,0.0,0.0,0.16666666666666666,0.16666666666666666,0.0,0.0,0.0,0.0,0.0,0.0,0.0,1.0,0.0,0.0,0.20335822253851824,-0.0675363309579234,-0.04660836767140358,0.02909412014914026,-0.03034918362578387,-0.027243587036551765,0.004393119026865886,-0.008804820794638202,0.007993530404085356,-0.03631506930035779,0.0081790240981391,-0.03519608630404692,-0.013919093950946947,0.00487742480368958,-0.0042299386318578325,0.0037673499450163136,0.030294692948173555,-0.008005122247909785,0.008532608695524628,-0.00032169585785647134,0.004383333665292664,-0.04325226089697994,-0.04717018032120265,-0.01141000048539137,0.001178100241113366,-0.026481567336777766,0.017795813894066405,0.020785399643348062,0.011491204303480676,0.026617619474801017,-5.666666666666667,-9.0,-5.807660187281628,6
2023-10-04,6,-0.3084,-0.959,0.4646248594296263,0.6666666666666666,0.036383010587210156,0.003568138872008527,0.0054611070685897664,0.03362670581143971,-0.7152477175441425,0.5,0.0,0.0,0.0,0.0,0.0,0.16666666666666666,0.16666666666666666,0.0,0.3333333333333333,0.5,0.0,0.0,0.16666666666666666,0.16666666666666666,0.16666666666666666,0.0,0.16666666666666666,0.3333333333333333,0.0,0.0,0.17970381933944682,-0.023105849080981993,-0.040686291715849886,0.07267600297748807,0.020491254352985808,-0.010632588328372211,0.02738230776219712,0.007587873172473847,-0.039420178677773456,0.01887303890491698,-0.043687551507347065,-0.008307294487290845,-0.010666230210711105,-0.047104144155326155,-0.011107254393197338,-0.009920420218176488,-0.0036792934171438773,-0.006112751498524621,-0.01874628444557765,0.0030463789470560657,-0.00876772628821127,-0.0024707349224869887,0.008943479593090362,-0.01850336158151329,0.02362987479579053,0.009179866537630326,-0.007287814709760855,0.018129041780586535,-0.014397121827782544,-0.005771230231939293,-5.583333333333333,-7.5,-3.497100596407575,6
2023-10-05,8,-0.26039999999999996,-0.6908,0.4537604339611062,0.625,0.04111843321732701,0.004069864685614807,0.004712715101853882,0.011854900451611862,-0.7049411421370098,0.375,0.0,0.0,0.0,0.25,0.125,0.0,0.0,0.0,0.375,0.0,0.0,0.0,0.0,0.125,0.125,0.125,0.0,0.375,0.25,0.0,0.2034157232026485,-0.029971859070570133,0.012457283059984562,-0.013259984650653017,-0.0057431875611210215,0.00295271930767646,-0.0049630076056914815,0.009553951399111235,-0.007834467988607693,0.021726330264762058,-0.0003870297682009678,-0.001639831518149937,-0.002826796275450126,0.001237018312126136,0.03397223518710005,-0.003924986131057416,-0.01683851559004644,0.008986211565814025,-0.01619066709195811,0.006148749977654588,-0.01411597087103053,-0.0016803685779784375,-0.002909210884510568,-0.011244407853510588,0.01196006968430342,-0.016050821112782523,-0.013769254149332838,-0.0037973957183981143,-0.015584510761718203,0.006805764403528224,-6.3875,-9.0,-5.522613563734472,8
2023-10-06,8,-0.057975,-0.3818,0.2019131478772848,0.375,0.02059364126783495,0.004614768555121388,0.003243182585827372,0.0037897812494826484,-0.5499505810796134,0.75,0.0,0.25,0.0,0.25,0.25,0.25,0.0,0.0,0.375,0.0,0.0,0.0,0.0,0.25,0.0,0.0,0.0,0.5,0.25,0.0,0.2158123547335767,0.06828990906990254,0.02270968928846872,-0.024180394716556756,0.0049106553092418785,-0.022250593964961627,-0.00443086017250321,-0.005666607835241153,-0.01662579739538936,-0.014981035432692242,0.009655774411806378,-0.031345469361280034,0.052026925929157315,-0.006729544675520709,0.031011186710484386,0.017827010959718226,0.005084251305507516,-7.753728271556182e-05,0.01890667876136437,-0.009252140894781392,0.027928322288906272,0.0036227251872952117,-0.0010485032315766239,0.004786951253388116,-0.001673060967652576,-0.010221812967212543,-0.004117227585318239,-0.0004448593464804508,-0.015034987784965469,-0.002312491983076976,-6.3,-10.0,-2.9989537619638162,8
2023-10-07,2,0.13795,-0.296,0.6136979753918046,0.5,0.024470938897168407,0.010432190760059613,0.0014903129657228018,0.01,-0.14285714285714285,0.0,0.0,0.0,0.0,0.0,0.0,0.0,0.0,0.0,0.0,0.0,0.0,0.0,0.5,0.0,0.0,0.0,0.0,0.0,0.5,0.0,0.1089738621006068,0.001798601321034099,-0.03332596529630501,-0.02655443595743528,0.07911722085350012,-0.005299844931774683,-0.05477187246454013,-0.0022331394786313154,0.02945156414936969,-0.07182433840167624,-0.08859776200200017,0.02299632856846105,0.07224588311093989,0.016216840203133583,-0.011384101222686068,0.06555342716319809,0.029448502460406353,-0.12592011851982635,-0.06815888942892295,-0.012496846760364819,0.2138321272474753,0.14392114084141527,0.11202030724086681,-0.05143698073665032,0.03853772021161819,0.02801260071205973,-0.0987990484570115,0.06072884043898344,0.024865274132849623,0.0445087065005933,-7.0,-9.0,-1.8968968968968998,2
2023-10-08,6,0.06778333333333335,-0.3818,0.3429626009737311,0.3333333333333333,0.029481092865399443,0.003981549446847586,0.006226792094920104,0.00855460581766023,-0.6173066448801743,0.8333333333333334,0.0,0.16666666666666666,0.0,0.16666666666666666,0.16666666666666666,0.16666666666666666,0.16666666666666666,0.0,0.6666666666666666,0.5,0.0,0.0,0.0,0.3333333333333333,0.0,0.0,0.3333333333333333,0.3333333333333333,0.0,0.0,0.2171687462198426,0.027943515908653044,-0.058048372018728374,-0.028469235136108256,0.02442675094135432,-0.03065046673061833,0.01891665859834568,0.020552112952196156,0.019538591721214037,-0.010460500407810908,-0.018439598276151502,-0.009799967343871173,0.009509892685816467,-0.037692574979985384,-0.013031339412632884,-0.017528731623178757,0.019682575512982695,0.010597054733341821,0.016966083569407667,-0.015249753818770384,0.012223847313776348,0.011017789163709943,-0.010771284958058883,-0.019579908777095107,0.012054569824701093,0.005938272811629823,0.010587483194669048,-0.005180565067413981,-0.013114697205123024,0.015216077385142737,-5.8,-8.0,-2.6664995110640617,6
2023-10-30,6,-0.06585,-0.93,0.4490197133757047,0.16666666666666666,0.028883896084836404,0.009829386785762553,0.003967177689530247,0.012789634888844784,-0.3209731240981241,0.8333333333333334,0.0,0.16666666666666666,0.0,0.16666666666666666,0.16666666666666666,0.16666666666666666,0.0,0.0,0.5,0.16666666666666666,0.0,0.0,0.0,0.0,0.0,0.16666666666666666,0.0,0.6666666666666666,0.16666666666666666,0.0,0.18336537384223153,0.04533433089680896,0.0014841314754676788,0.007899489085689188,0.01061859435285295,0.0038278821476383736,0.01009970686359768,0.03626161946752623,-0.019917211119941686,-0.02417469036574744,-0.024973850360465014,0.02410313664474777,0.005383249377644689,0.012319241087912417,-0.06276741561015846,0.012337998553273262,0.0020814228983240747,-0.006463290167384352,0.023623057465708888,-0.01278187281603909,-0.0008585720672554588,-0.01158959793312308,0.01590428892474529,0.031154531296245017,-0.0211498622891772,-0.014237804231964654,-0.013780307962619961,-0.03515707897029906,-0.02819157150382637,-0.0011539439032970497,-6.733333333333333,-9.2,-1.7484142464755201,6
2023-10-31,11,-0.02230909090909091,-0.8316,0.41744387516059084,0.36363636363636365,0.03245745336871344,0.005994737782208878,0.006343335691775921,0.00690007266284668,-0.5692481380618473,0.5454545454545454,0.0,0.09090909090909091,0.0,0.0,0.0,0.36363636363636365,0.0,0.09090909090909091,0.5454545454545454,0.18181818181818182,0.0,0.0,0.0,0.18181818181818182,0.18181818181818182,0.0,0.0,0.45454545454545453,0.09090909090909091,0.09090909090909091,0.18206663242532903,0.0022309395482276815,-0.01905345115386997,-0.05056863723309251,-0.00036995873659776616,0.018549925525969565,0.05114329667777759,0.00016709086181725433,-0.02078587870061094,0.006285931710253686,-0.033628855789905356,0.007861452990855554,0.0026666747361402264,0.00942883786638971,-0.019910154716133468,-0.0026744899468984025,-0.0220534535151263,0.00042789369313550596,0.002767540922907705,0.0007729166123907339,0.0014873220377325943,-0.01782116472111869,-0.005588988491150984,-0.003908594304075159,0.01506882337114689,0.005200415235644921,-0.022129073400237915,0.00963451541736039,-0.011119740125002968,0.0020536173930628026,-6.454545454545454,-10.0,-4.614323591504834,11
2023-11-01,6,-0.28965,-0.8225,0.34488345132812626,0.5,0.03852147334421145,0.0032582585819695194,0.0033316536787826507,0.008389744106255018,-0.6687220187220188,0.6666666666666666,0.0,0.5,0.0,0.0,0.0,0.3333333333333333,0.0,0.0,0.5,0.0,0.16666666666666666,0.0,0.3333333333333333,0.0,0.0,0.0,0.0,0.3333333333333333,0.3333333333333333,0.0,0.20445794524185232,-0.05208982549073785,0.014233831741903765,-0.04166819152551752,0.05007354865399067,0.007461873308191036,-0.01610414526311899,0.0027975258434843296,-0.022240809734588505,-0.015101426109423702,-0.007134357754901678,-0.011745948604170399,-0.006252056359613407,-0.004348017247967521,0.006334872256583364,0.003030586278239447,-0.016726202850115546,0.015088590513110782,-0.008024587335410378,-0.007947132300768702,-0.016068292109260317,-0.011407369239448939,-0.013305144092700878,-0.00655401701169647,0.05171737124901934,-0.004634779779165534,-0.0004661720607346499,-0.0036414023112626196,0.028123215476034902,0.00412887495413181,-6.333333333333333,-9.0,-5.20997926979489,6
2023-11-02,6,-0.32111666666666666,-0.7783,0.3341518362461393,0.6666666666666666,0.03888584865461803,0.0009476046388016578,0.006474676786519377,0.01974096978323146,-0.9013706909401269,0.5,0.0,0.0,0.0,0.16666666666666666,0.16666666666666666,0.3333333333333333,0.0,0.0,0.6666666666666666,0.0,0.0,0.0,0.0,0.16666666666666666,0.0,0.0,0.0,0.8333333333333334,0.0,0.0,0.21897508232386373,-0.036149300645303147,0.031419924162165574,0.011160167858126957,-0.010231783663820562,0.027838981847474437,0.057559018090983516,-0.03440088353586137,-0.005282210947949823,-0.00391197126600977,-0.023348954006693404,-0.019295166620432045,-0.004170039459225393,-0.02299448111743441,0.029217907968609957,0.025662643499758594,-0.002386624305225484,-0.01017312639300223,-0.007169475709149044,0.0006741298827356267,-0.0039014699910009526,0.020698538242232917,-0.01803275934963822,-0.02354684187679028,0.0025191971241063913,-0.013492829379607087,-0.021245202761995183,-0.005216039199014759,-0.02260182307650808,0.0061786512797774315,-4.8999999999999995,-5.0,-6.283772203778696,6
2023-11-03,3,-0.25153333333333333,-0.9325,0.5964048988173499,0.3333333333333333,0.02545269770879527,0.008847622567134762,0.0033382606553338263,0.009392707563439271,-0.41547958214624875,0.6666666666666666,0.0,0.3333333333333333,0.0,0.3333333333333333,0.0,0.3333333333333333,0.0,0.0,0.0,0.0,0.0,0.0,0.0,0.3333333333333333,0.3333333333333333,0.0,0.0,0.3333333333333333,0.0,0.0,0.1613383979442242,0.03763307206882846,-0.014924118952543038,-0.02745497171759759,0.04960263947194501,0.04040981670205867,0.028034339796304986,-0.02573847164415187,-0.038270294922214364,0.03057424165100606,-0.013678741593172797,0.018002104415667766,-0.029674457097581926,0.00983355106717731,-0.02386543944111207,0.03748143940341956,0.030900700931547526,-0.019354466038809068,0.013164268159859084,0.02865738477548954,0.01109116492375295,0.028938990654065855,-0.015221468703243118,0.011182985946694859,0.02490902996710549,-0.0055610423574750855,0.0053403342461916135,-0.008629792631261077,0.01277334837807314,-0.007894264942188171,-5.3,-6.5,-1.50360475437875,3
2023-11-04,5,-0.06470000000000002,-0.5994,0.4338880961722735,0.4,0.0347508338091955,0.007893581262185456,0.006948445899735031,0.026420619425322818,-0.5611833638149427,0.8,0.0,0.2,0.0,0.0,0.0,0.2,0.2,0.2,0.4,0.2,0.0,0.0,0.0,0.0,0.0,0.0,0.2,0.6,0.2,0.0,0.2294583913526833,0.0006032218656530641,-0.0324219093696621,0.04233775050497528,0.012982561962630038,0.0403574560907264,0.031153428110222946,-0.03470205104610178,-0.040841514570808105,0.031746390012286595,0.002333572336558512,0.012641156405867831,-0.007403205358962496,-0.020540806270737493,-0.02559851778919579,0.008872055432609788,0.014715649390096138,-0.01596165293905724,0.016261774429611433,-0.018840791597884533,-0.018466603299841705,0.0012830974191130218,-0.03443941571184483,-0.04778552472363656,0.02769321154289227,-0.024379487981871846,-0.01054673616038191,0.0024618515407595853,-0.03230022968868793,-0.016773497492418882,-5.6,-9.0,-4.112687738870924,5
2023-11-05,4,-0.28552500000000003,-0.7003,0.33031914239615806,0.75,0.04042371775979536,0.0010258497796262146,0.003985699160071944,0.005328242389823393,-0.8263655462184873,0.75,0.0,0.25,0.0,0.0,0.0,0.5,0.0,0.0,0.25,0.25,0.0,0.0,0.0,0.25,0.25,0.0,0.25,0.25,0.0,0.0,0.19354622448102493,0.026052062408725107,0.016721087812864584,-0.055523479707488624,-0.0006204305734356461,0.11035880429569575,0.11075094236456788,-0.039747270145098094,-0.06443189954068083,-0.003209956143264258,-0.002474841312075513,0.016172656167389693,0.009003440731420051,0.014240931427036366,-0.03436574125559094,0.03847066733971904,-0.006371347892323135,-0.0014017253338762723,0.03911754536117186,-0.02891121110121222,-0.033627744117516026,0.02170342228667836,-0.05707799285788433,-0.03198214669566166,0.07150504503084625,0.01111816913257871,-0.01991616242017359,0.0017877404274267358,-0.01737008865875423,-0.012175758038270586,-5.375,-6.5,-3.6810540049646026,4
2023-11-27,4,-0.5384249999999999,-0.9628,0.40089448632609886,0.75,0.04322329252210046,0.0017815442212172881,0.004554196060886792,0.007975940774190747,-0.8435659448105007,0.5,0.0,0.0,0.0,0.25,0.0,0.0,0.0,0.0,0.25,0.0,0.0,0.0,0.25,0.0,0.0,0.0,0.0,0.75,0.0,0.0,0.2485546192453891,-0.126595074651247,0.049152175056780836,-0.0666552092672823,0.0072214773834557485,0.06865563176912655,0.005513094183910612,0.027238511187997333,0.048151840013401996,-0.03387136065138515,-0.03426318236725759,0.055093652123035707,0.011621384278235964,-0.019247979187791725,0.010310639188226965,-0.006685567083726951,-0.02327868642827722,0.009362259870341212,-0.02315548279965863,0.005724060884508339,-0.019569389962524445,-0.04059045863437077,0.006965421378765432,-0.009607687792873484,0.025466902926968633,0.022934178146935297,0.038664281356813816,0.03577405421371137,-0.017100858272101314,0.011667592636511438,-5.0,-5.0,-7.9296519917468755,4
2023-11-28,8,-0.3809875,-0.9042,0.36509475262301033,0.625,0.03575728978391421,0.0027486104413485014,0.005674203215432378,0.01750598515953368,-0.8119335031476627,0.75,0.0,0.0,0.0,0.125,0.0,0.25,0.0,0.0,0.25,0.125,0.0,0.0,0.25,0.0,0.125,0.0,0.125,0.375,0.125,0.0,0.24058670213638075,-0.048251952628377,-0.008146865803411278,0.012114217095278438,0.009738248372132685,0.013080566076287745,0.026821351536536066,-0.038383087231263005,-0.05780989402385751,0.017268120598967873,-0.0385132271377561,0.01424684589555892,-0.012619416581668222,-0.0033213869330208576,0.039752691608239035,0.003808969689136627,0.006107670322904487,0.004287090587456783,0.019476778746256,-0.014146093057661107,-0.003143601786506096,-0.004568585918837075,-0.0247664583288665,-0.013483311896437075,0.014448967062176158,0.009704914340772747,-0.03151826090829552,0.005194432263626947,-0.00023370296535301684,-0.03668315540748393,-5.5625,-9.0,-5.004498606053974,8
2023-11-29,7,-0.09977142857142855,-0.743,0.3712353463518155,0.5714285714285714,0.034147041619105374,0.0031785694956908486,0.0029350334286109025,0.007684368333336049,-0.7029473596185187,0.5714285714285714,0.0,0.14285714285714285,0.0,0.2857142857142857,0.0,0.14285714285714285,0.0,0.0,0.2857142857142857,0.2857142857142857,0.0,0.2857142857142857,0.0,0.2857142857142857,0.0,0.14285714285714285,0.0,0.42857142857142855,0.14285714285714285,0.0,0.2016390875143661,-0.0037536506739415517,-0.008597069289712366,0.0014883252485438053,0.024943117149048587,-0.019997507088525,0.012077904693248669,-0.011718555185120636,-0.007607235530316369,-0.015643988613056433,-0.03244898914527213,-0.021461594324377647,-0.0016150431600182491,-0.0006460751159905465,0.020772204971097424,0.0022371140892136696,-0.005341977171829107,-0.002928614715130975,0.0142006492867177,-0.010849547214527825,0.007134097357981727,0.02547090556789981,-0.007968145112927708,0.027004034910880433,0.031302655108025663,-0.002117459896546045,0.037923324136272106,-0.006227613676350169,0.009595045970986637,0.002613093785462111,-6.085714285714286,-9.0,-3.9998316303372574,7
2023-11-30,14,-0.22947142857142858,-0.7906,0.42584270015432374,0.5714285714285714,0.03188948497400028,0.006254593728472979,0.003918754062612074,0.012189810765614335,-0.4692447757758665,0.7142857142857143,0.0,0.07142857142857142,0.0,0.21428571428571427,0.14285714285714285,0.21428571428571427,0.14285714285714285,0.0,0.5714285714285714,0.35714285714285715,0.0,0.0,0.14285714285714285,0.0,0.14285714285714285,0.0,0.07142857142857142,0.5,0.14285714285714285,0.0,0.23553963481053267,0.003232663851954981,0.0003544639316252239,0.013768647316502005,0.0015724760872284835,-0.008412540359236624,0.022163088246503766,0.005686143931297127,-0.009702525134457313,-0.0005462704980657855,-0.018829038583218886,-0.004560607600673218,0.004655307532108799,0.015790738354454645,0.007661559826380276,-0.006147052254950559,-0.013864168949196148,-0.0073518412490845364,0.009642703140843019,0.010000391349071245,0.020227084716723003,-9.49560278558696e-05,-0.007674180454999396,0.017723608677178128,0.01240244521926827,-0.0008923819556082175,0.010184424069464973,-0.020810291841481265,-0.007518618495918303,-0.018254966662507706,-5.714285714285714,-9.0,-4.328286801572889,14
2023-12-01,6,-0.22399999999999998,-0.8979,0.7012128293178898,0.5,0.03868641191217395,0.005848061898828911,0.0028702070729338535,0.01142428932131434,-0.590418181200005,0.8333333333333334,0.0,0.16666666666666666,0.0,0.3333333333333333,0.16666666666666666,0.3333333333333333,0.0,0.0,0.5,0.0,0.16666666666666666,0.0,0.16666666666666666,0.0,0.0,0.0,0.16666666666666666,0.5,0.16666666666666666,0.0,0.17661761579350754,0.027787274663253203,0.03681457372725449,-0.008281027383531038,0.02984738196705454,-0.000717633181917756,0.04707750755961474,-0.0215831858342096,0.025806221909785942,-0.018968585881743473,-0.008870527666377054,-0.025543396836638314,0.008013113243874943,0.0045555920260463316,0.00833107991080876,-0.04289516419792925,-0.025803958997861965,-0.004999587049098049,-0.005696909141853717,0.01871774526438033,0.015424247882841616,-0.016042197138651248,0.0030645078875626533,0.007910995299754536,-0.0019077721150605013,0.011185990232158804,0.005195948182222658,-0.017587114468275804,-0.024884343019376868,0.03247044124718321,-5.5,-9.0,-1.9631883514636186,6
2023-12-02,6,-0.24885000000000002,-0.8807,0.3947425274783552,0.3333333333333333,0.0407460425350736,0.0033715208035942404,0.0045509052184176555,0.012109450376021626,-0.756234335839599,0.16666666666666666,0.0,0.16666666666666666,0.0,0.0,0.0,0.16666666666666666,0.0,0.0,0.5,0.0,0.16666666666666666,0.0,0.0,0.5,0.0,0.0,0.0,0.5,0.0,0.0,0.20035297552358625,-0.04100957177930395,0.043232629180551506,-0.0497055634891553,-0.019666819173857097,0.017210004201222758,0.05052118087420416,-0.006821596001044607,-0.07085455680083118,0.004595332269629242,-0.0049791461010889595,0.0020358210944587305,-0.0007611844759767925,0.002887828331744844,-0.03051830065660323,0.019056653232547033,-0.0009523611605967865,-0.012895857670777161,0.014436453744839761,0.00044075281998908036,-0.001817866701639564,-0.005528098506403011,-0.013346866534323931,0.023750335932517793,0.031903050054027944,0.019321391580826672,-0.009895243067194347,0.008631223923025311,-0.00953076261261268,0.014104380022328368,-5.566666666666666,-7.0,-7.233276893856703,6
2023-12-03,2,-0.4477,-0.5994,0.21453619741199859,1.0,0.0321397756686799,0.009398496240601503,0.00117096018735363,0.01124738074694934,-0.5976190476190476,0.0,0.0,0.0,0.0,0.5,0.5,0.0,0.0,0.0,0.5,0.0,0.0,0.0,0.5,0.0,0.0,0.0,0.0,0.0,0.5,0.0,0.210568246540447,0.025193250984686347,0.13396997379447656,0.016348916731470597,-0.03458457924141978,0.014364854973763132,-0.06187117571271209,0.013001388799497731,0.03238859878808055,-0.013125369810051479,-0.007506792888789692,0.0007392047945262523,-0.01993581358782231,-0.017059859943148913,0.013590535141423554,0.025061410551563128,0.03582545075816277,-0.00902096517614538,-0.0014618473934277874,-0.01190830214357478,0.012571614092558879,0.004809779488649038,-0.01392726593053629,0.007082295948028172,0.023214716184754375,0.04761044701681429,-0.04885320087173163,-0.0068555435504675825,0.014737363963934026,0.0058376082873347465,-7.0,-9.0,-3.736587054344065,2
2023-12-04,1,-0.2732,-0.2732,0.0,1.0,0.028616852146263912,0.0047694753577106515,0.011128775834658187,0.030206677265500796,-0.6818181818181818,1.0,0.0,1.0,0.0,1.0,0.0,1.0,0.0,0.0,1.0,0.0,0.0,0.0,0.0,0.0,0.0,0.0,0.0,0.0,1.0,0.0,0.23342312197268034,-0.01923906638174219,-0.003907306458101444,0.1171731000856485,0.10204219171958298,0.026071218756438086,0.030886040114743277,-0.016348810756477344,-0.03720881412615497,-0.020982316652461936,0.031045871093113048,-0.045270780730549645,-0.019505502858905333,-0.0019223178692597501,0.08250290561570114,-0.034467063851876374,0.012406379429772064,-0.03296552265279859,-0.07451027466672601,0.08078256676935831,0.01902325450316274,-0.027277088865423134,-0.004388202794531594,-0.02147304784538785,0.022696141273451813,-0.001621725413515362,0.021177223867963585,-0.02609135192292955,-0.01945196905784842,-0.000584400531619924,-8.0,-8.0,-4.85436893203883,1
2024-01-01,7,-0.12882857142857143,-0.6705,0.4852387031633184,0.42857142857142855,0.029702389538256997,0.003283409319740803,0.006086454856712345,0.005072343949231224,-0.735955710955711,0.5714285714285714,0.0,0.2857142857142857,0.0,0.14285714285714285,0.14285714285714285,0.5714285714285714,0.0,0.0,0.5714285714285714,0.14285714285714285,0.0,0.0,0.2857142857142857,0.14285714285714285,0.14285714285714285,0.0,0.0,0.42857142857142855,0.0,0.0,0.20118031364927846,0.043387022786684014,0.04493350685426604,-0.029611264991995394,-0.001208883374422162,0.045723949942565775,0.07593653942566737,-0.03266246734200363,-0.018316061432701862,0.011634199157284591,-0.016253288669581957,-0.006834119063518752,0.01815370953301235,-0.013665536154587071,-0.018353699432232584,0.006793614709492387,8.610727954845774e-05,0.003380990291404857,0.029095181736064873,-0.02389611548731654,0.004877050448919944,-0.0025670903264819094,-0.005265746295453793,0.03282836926815618,0.02961789203322764,0.0022674303072132253,-0.01981346943507622,-0.009767699283602717,0.008632683520388722,-0.00817713643749514,-5.5,-7.0,-4.797472496671759,7
2024-01-02,2,-0.17,-0.34,0.2404163056034262,0.5,0.02591248362815799,0.001012555690562981,0.005837580807204137,0.001012555690562981,-0.8650472334682862,0.5,0.0,0.0,0.0,0.5,0.5,0.0,0.0,0.0,0.5,0.0,0.0,0.0,0.0,0.0,0.0,0.0,0.5,0.0,0.5,0.0,0.24060481461562067,0.11719677511219447,0.13988314602384558,-0.0724573202324194,-0.04999734348568158,0.0033797521319221605,-0.029502826238936533,0.01904598763392812,-0.11022995006666661,0.012101771898896031,0.047830324534099966,-0.044578424015216424,0.0782784708092028,-0.06148926000211172,0.0077438530829490055,-0.02057420114316634,-0.01263359044433366,0.019993014699498855,0.007699685334536058,-0.024887385436524335,0.0254892896847577,-0.06586109833048934,0.023542055914896987,0.010788601057298865,-0.027249362580075657,-0.04477762895858547,-0.01525564960752258,-0.019593107130974424,0.048086062529931625,0.1332074716097835,-6.75,-9.5,-2.9676256354745147,2
2024-01-03,6,-0.20243333333333333,-0.5574,0.23786579129136384,0.5,0.03514811026691227,0.004112335192569863,0.005966909302692248,0.024418500639774725,-0.5590443912812334,0.16666666666666666,0.0,0.16666666666666666,0.0,0.0,0.16666666666666666,0.0,0.0,0.0,0.16666666666666666,0.16666666666666666,0.16666666666666666,0.0,0.0,0.0,0.0,0.0,0.0,1.0,0.0,0.0,0.17007268005236,-0.046808316306527535,-0.011020178925968288,0.04091580554833813,0.03308737914252296,-0.021605557792316196,-0.009700036150142801,0.011499847296934105,-0.021924085672400895,0.033987592826459634,-0.04346622880569534,0.0034346608424601307,0.027975220713758627,0.005501475487434554,0.01969570276202748,-0.009458662993232893,0.01688892464968703,-0.049137635733584185,-0.011523515794350028,-0.030250371664458778,0.060080801164071856,0.03364106454547464,-0.0021065967474912834,-0.0556313012662257,-0.004366836389904441,0.0228742182984439,-0.0860383381201678,0.018956264651013414,0.00923799533683103,0.0015756212331627245,-5.7,-9.2,-6.053701977596063,6
2024-01-04,12,-0.2916083333333333,-0.6705,0.3147521722311737,0.5,0.029522968163751943,0.004095361389728965,0.006250000020938285,0.014112827030623101,-0.6106631983711683,0.5833333333333334,0.0,0.0,0.0,0.08333333333333333,0.0,0.16666666666666666,0.0,0.0,0.4166666666666667,0.08333333333333333,0.0,0.0,0.16666666666666666,0.08333333333333333,0.08333333333333333,0.08333333333333333,0.08333333333333333,0.3333333333333333,0.16666666666666666,0.0,0.20234226640839006,-0.0501798037778109,-0.008984603622306494,-0.00182273975428206,0.00576190765976952,-0.011829793013637598,0.03087622382697021,-0.014758955461869625,-0.017016244458008093,-0.0028013492797537946,-0.020915622751472223,-0.037858668910196396,0.017654110688836946,-0.00807305787809371,-0.006332803163739585,0.025434850703421902,-0.002401434559246967,0.016080390976608485,-0.02643362035504269,0.002919938554830954,0.004719650419019982,-0.015393203516330611,-0.002109814344408102,0.008140966851642865,0.018728385932566097,0.012041813517217828,0.0074591033239859396,0.005110240843470518,0.009687174435724434,-0.01625536340170147,-6.1000000000000005,-9.5,-4.182114886682809,12
2024-01-05,11,-0.21636363636363634,-0.6597,0.28373407716637516,0.45454545454545453,0.04040680327635267,0.006898506624003178,0.0067693489848734195,0.02772663534337407,-0.5548621132668488,0.45454545454545453,0.0,0.09090909090909091,0.0,0.09090909090909091,0.09090909090909091,0.18181818181818182,0.0,0.0,0.09090909090909091,0.09090909090909091,0.0,0.0,0.0,0.18181818181818182,0.0,0.0,0.0,0.7272727272727273,0.09090909090909091,0.0,0.20745302811436855,-0.09100467646245024,0.036524178447163894,0.015335066301464351,-0.0076594748120532375,-0.034843849133821214,-0.013057505018364389,0.020008845974045033,-0.04371446009970739,-0.0023624861574238617,0.0065587717339317675,-0.0010472749862302485,0.008728982399877698,0.0025238194916738033,-0.0016385366724060476,0.02284721534340464,-0.005381150656351959,-0.0053187348119717835,0.0704156795138471,0.0432158285754728,-0.040883267701008696,0.046788234706853456,0.016538678894475526,-0.005256520713449162,-0.02178139741458921,-0.004283673775445218,-0.001722583287932627,0.003365519550851175,0.00010118645189033192,0.022222599756462055,-5.872727272727272,-9.2,-3.8588863168718017,18
2024-01-06,7,-0.12085714285714287,-0.7579,0.46351560871648056,0.42857142857142855,0.02140319147550494,0.0032131251316822066,0.005337206090635878,0.0034634438506804337,-0.6933426977691866,0.42857142857142855,0.0,0.14285714285714285,0.0,0.2857142857142857,0.14285714285714285,0.2857142857142857,0.0,0.0,0.5714285714285714,0.2857142857142857,0.14285714285714285,0.0,0.2857142857142857,0.2857142857142857,0.0,0.0,0.0,0.42857142857142855,0.0,0.0,0.21673657582709582,0.02871427504061144,0.012165678528585735,-0.03863478738055198,-0.022356906575427462,0.009771233781328045,0.04728578282172039,-0.017491952282906148,-0.03844985585190514,0.028354629537808547,-0.022854744744487232,-0.00458505270930261,0.005941432084166206,-0.026800403444349495,-0.005141813544106542,-0.013650422087124728,0.02049371601275036,-0.0035256875091073383,0.018800464822045282,0.008957140026343364,0.03018739105429768,-0.02375890943875517,-0.004409288309120762,0.019343478091787904,0.003449757925809854,-0.03396491175609371,-0.004953274931886878,0.034341732914696166,0.005160386976621948,0.01788986986490223,-4.828571428571428,-5.0,-3.650481083478733,7
2024-01-07,6,-0.44575000000000004,-0.802,0.36655745388683614,0.6666666666666666,0.03265057763988037,0.004134532420857643,0.0035972675729905048,0.007365854375098593,-0.6218586968586969,0.3333333333333333,0.0,0.0,0.0,0.16666666666666666,0.16666666666666666,0.0,0.0,0.0,0.5,0.0,0.0,0.0,0.0,0.16666666666666666,0.0,0.0,0.0,0.5,0.3333333333333333,0.0,0.1873454649412988,-0.032594962144513885,0.051557587832165803,-0.03390439199518324,-0.03116502003558619,0.013486003456664591,-0.03000280655911203,-0.011085992402528347,-0.011886289178241883,-0.022486175960821562,-0.005051779679771662,-0.012031647461722505,0.015351973632732864,0.008748167135153041,-0.020014209322023285,-0.023616352160353956,-0.009614629060307031,0.013428365161610676,0.004531340315303338,0.008335545956637111,0.017191908098920607,0.001306014974197122,0.00726212381915944,0.007419708217888531,0.01019178557676107,-0.020742880085851834,0.029296181533658285,-0.0039473025125065855,-0.00554230359659072,0.0004643407341512826,-6.75,-9.5,-4.861694598183335,6
2024-01-29,7,0.08285714285714285,-0.4588,0.3487132339384462,0.14285714285714285,0.0220772434482073,0.0073819335591218125,0.009318758170871078,0.004852741135313985,-0.2721090877235715,0.14285714285714285,0.0,0.42857142857142855,0.0,0.14285714285714285,0.14285714285714285,0.0,0.2857142857142857,0.0,0.2857142857142857,0.14285714285714285,0.0,0.0,0.14285714285714285,0.14285714285714285,0.0,0.0,0.2857142857142857,0.2857142857142857,0.14285714285714285,0.0,0.19562270882773447,0.010097148844969242,-0.020669004958230843,-0.042451460167115575,0.014314454073385607,-0.013479208272783991,0.0072814714684303694,0.006641877279593577,0.046745208947476136,-0.0070542013726328295,-0.01080865700503061,0.004479371687827069,-0.005650208108705048,-0.012985561942699253,0.001304983914040982,0.03016479606227477,0.011478926277696842,0.021178126030427298,-0.004279216533564953,-0.0037488286221435785,0.01048228835005846,0.001980167530572319,-0.007695104021822928,0.005249957325958641,-0.01074569531339284,-0.0046090287235597245,0.007689017728954818,0.009656358924438915,0.011668288926528552,0.007800085683640644,-5.628571428571428,-9.0,-3.075039957780016,7
2024-01-30,6,-0.4438166666666667,-0.7814,0.29948253649698287,0.8333333333333334,0.04034133951960645,0.0030533311429246485,0.0032652395519722297,0.022859568973969274,-0.6287393162393162,0.6666666666666666,0.0,0.16666666666666666,0.0,0.0,0.0,0.0,0.16666666666666666,0.0,0.16666666666666666,0.16666666666666666,0.0,0.0,0.0,0.16666666666666666,0.16666666666666666,0.0,0.16666666666666666,0.5,0.0,0.0,0.17789906601957517,-0.033124504813981694,-0.042794855408941734,0.03096311370151579,0.029816721354748135,0.028296700615713304,-0.05013488217136041,-0.0012784700989522237,-0.013435044088150655,0.007546779953622815,0.009246522547865945,-0.0030233499444133655,0.0036004368591194148,0.002765691768237088,0.008446415152501103,-0.015179990791103881,-0.009832842652074701,-0.0038516407311381903,-0.0017553935036314482,-0.0030940559197699872,-0.009558209412419765,-0.01549714119682674,-0.0233578116906334,-0.008308977202408715,-0.0025542720743388166,-0.013972169170409998,-0.013351648075823223,0.009572045919513394,-5.3089494736001386e-05,-0.02280977649157773,-4.983333333333333,-6.5,-4.279277159966705,6
2024-01-31,13,-0.4327615384615384,-0.9313,0.3566377446337332,0.8461538461538461,0.046234168320617205,0.0024376222517606505,0.004307629850118502,0.031365299882053506,-0.7799513583450235,0.46153846153846156,0.0,0.0,0.0,0.07692307692307693,0.0,0.07692307692307693,0.07692307692307693,0.0,0.23076923076923078,0.07692307692307693,0.0,0.0,0.07692307692307693,0.07692307692307693,0.07692307692307693,0.0,0.15384615384615385,0.38461538461538464,0.23076923076923078,0.0,0.17152008856904952,-0.07885506967863745,0.00456501208219231,0.021617341425853195,0.0072775690582655515,-0.004362331312339074,-0.016410295189283334,-0.005412281882258035,-0.01665679854589257,-0.003024534263033066,-0.005286985344786194,0.0031217241988657474,0.011299792434829268,-0.007050529780248222,0.006089697809730238,-0.0011743732747245346,-0.006841553987421505,0.009344134268406759,-0.002341033401224451,-0.017021356697303442,-0.009713377949009401,0.004278279847690854,0.0008595813279595637,-0.02395722624808376,-0.002429329849071568,-0.012591082715088844,0.0128380842421368,0.01360350254033941,0.005953892746405707,0.015769749240916682,-5.915384615384616,-10.0,-6.663344161240679,13
2024-02-01,15,-0.25526,-0.7906,0.3949010505358092,0.4666666666666667,0.04181688562359674,0.0029946108231635837,0.004461357996555254,0.01995591892004528,-0.7401249398749399,0.6,0.0,0.13333333333333333,0.0,0.06666666666666667,0.06666666666666667,0.26666666666666666,0.13333333333333333,0.0,0.3333333333333333,0.13333333333333333,0.0,0.0,0.06666666666666667,0.06666666666666667,0.0,0.0,0.2,0.5333333333333333,0.13333333333333333,0.0,0.20048782058981746,-0.03366392244358356,-0.0065876527705172,0.03535898974254907,0.01945596497076089,0.021643352410350182,0.027151221957537452,-0.030361369106760547,0.006635493601220399,-0.005517111393976774,0.0010247304416507238,-0.022894468044149185,-1.4951321139399417e-05,0.01782808620795102,-0.02699794551539749,-0.016060727320667285,-0.0067851709251661495,0.02846571688018166,-0.008138607932963166,0.011938086912491366,0.005159690928715673,0.015534368044881704,-0.012291208456001025,0.0018958812716129126,0.0036546747267993656,-0.006488885211771033,-0.018705540115900577,-0.0059352124508920134,-0.003899292810913233,0.017161855106758047,-5.760000000000001,-9.0,-6.100060919506399,15
2024-02-02,8,-0.080225,-0.6249,0.34463576114086425,0.5,0.022735513002978207,0.009781021987633061,0.0024669041177801153,0.009053710976867042,-0.333095664928292,0.5,0.0,0.0,0.0,0.375,0.375,0.125,0.125,0.0,0.375,0.375,0.0,0.0,0.125,0.125,0.125,0.0,0.0,0.25,0.25,0.125,0.19076856220005267,0.01564506538832881,-0.0012332936141585954,-0.0059635948244133544,-0.03516946869395669,0.00984266411880129,-0.0023373209590187086,-0.032820414960690936,0.0037595364741515344,-0.009329682591232312,-0.01903481737059718,0.0002460918813896422,-0.01380337275478528,0.023946919828152037,0.005961715065003192,-0.02072482497623926,0.008873169682339834,0.023654659176073227,0.001435499101810551,0.010665072895292477,0.007596307743671494,0.010045010856157428,0.025682228129989687,-0.008782200058596343,0.01764906165492771,-0.0076578400306087785,0.00372029599858923,-0.01716799504600331,0.012903249635035467,-0.010432621116505966,-7.1875,-10.0,-3.10256093921905,8
2024-02-03,4,-0.699975,-0.9118,0.23670853209520493,1.0,0.060399761595199115,0.0034753241481878866,0.005517298839080205,0.01806817954156485,-0.8103766360345308,0.5,0.0,0.0,0.0,0.0,0.0,0.0,0.25,0.0,1.0,0.0,0.0,0.0,0.0,0.0,0.25,0.0,0.0,0.5,0.25,0.0,0.20451738312770879,-0.06115514820604382,0.0012387797467151313,0.014512613692962162,0.016913341588892475,-0.0005196672545688674,0.011248779560871312,-0.04371611104560295,0.014986959720724426,0.016180485953443756,-0.012240253716426374,-0.009555916399323173,0.010869408633170752,0.012181412779227041,0.010135187939553734,-0.04386554831447401,-0.0026887804032271582,0.041512163005816,-0.04305504352649971,0.037660000587474415,0.0003194773399343067,0.0003651026956441126,0.012986718620463434,0.002923616428722124,0.003134402098293163,-0.023858345691388807,-0.04044063265122327,0.012237555418510331,-0.0224348995561147,-0.009326510793916332,-6.625,-9.0,-6.485210393781965,4
2024-02-04,3,-0.20346666666666666,-0.6705,0.4055774936227765,0.3333333333333333,0.03494317917482572,0.005961126233948611,0.005019018339544636,0.021303461711370413,-0.6602535751142562,0.6666666666666666,0.0,0.0,0.0,0.0,0.0,0.3333333333333333,0.0,0.0,0.6666666666666666,0.3333333333333333,0.0,0.0,0.0,0.0,0.3333333333333333,0.0,0.3333333333333333,0.3333333333333333,0.0,0.0,0.23620532904954447,-0.03703695561504379,-0.03383482276564827,0.04678107699537359,-0.038687924159260846,-0.0076203352390920255,0.09431286281293709,-0.011094397564674124,-0.046927999416861745,0.024685038530649257,-0.021630194831892754,0.007275080142682672,-0.006578002703872438,-0.02842080888617796,-0.006559742265129724,0.05442314053994982,0.038457252020883084,0.009014630658176453,0.008705480782032227,-0.014432280827904563,-0.004918202539321068,0.02567970238539652,-0.04414679580312114,-0.017407145656036807,0.04950706605190305,0.004613062225172067,-0.014659078414732385,0.0017503952808402047,0.006920480607449907,-0.0072502125904773985,-5.166666666666667,-6.5,-4.29507057375196,3
2024-02-26,11,-0.2593818181818182,-0.8625,0.37570147941732096,0.6363636363636364,0.049180266078531744,0.004530922122616639,0.004658482024165498,0.012906236171804912,-0.7113264510192256,0.36363636363636365,0.0,0.0,0.0,0.09090909090909091,0.18181818181818182,0.09090909090909091,0.18181818181818182,0.0,0.36363636363636365,0.2727272727272727,0.0,0.0,0.0,0.18181818181818182,0.2727272727272727,0.0,0.18181818181818182,0.2727272727272727,0.09090909090909091,0.0,0.18893309504409886,-0.022054063041828286,-0.0051191659939093335,0.008448466990900665,0.016113281155934002,0.03457188918344157,-0.016586669837854447,-0.019568961730220477,0.007861785075550624,-0.016024618284519877,-0.01973097880853567,0.0035874357418711864,-0.016723349913018506,0.013503463141694089,0.009931440257123747,-0.024619489520474422,-0.0022236326102839095,0.010327351255343882,-0.0014808984100363799,0.017798067790752117,0.014482728743956312,-0.001459021764846702,0.001057142302088393,0.0029531795928448385,-0.011734820536254189,0.009393673592609982,0.004395853154128282,0.009880140185743113,0.018480854018241247,0.01043432932915536,-6.109090909090909,-9.5,-5.37316278475148,11
2024-02-27,9,-0.09612222222222222,-0.6808,0.49111585898283144,0.4444444444444444,0.03969423497909913,0.009278023573157513,0.00749012625882213,0.013242387413386864,-0.46615888677532513,0.5555555555555556,0.0,0.2222222222222222,0.0,0.2222222222222222,0.1111111111111111,0.0,0.2222222222222222,0.0,0.2222222222222222,0.3333333333333333,0.1111111111111111,0.0,0.1111111111111111,0.3333333333333333,0.1111111111111111,0.1111111111111111,0.0,0.3333333333333333,0.0,0.0,0.16949948728492925,0.0072547123106542445,-0.017567244865059332,0.014376803077924903,0.015230236294300833,0.021174879377678552,-0.035485334637262146,0.006825999419707919,0.022129527029157874,-0.0037764482249441314,-8.670242050295182e-05,0.0073523683987309334,0.025995090735680414,-0.005665040565467516,-0.020138925081778065,0.025130361363879247,-0.0014213085333840492,0.01608659169440952,0.019701371951474946,0.017577398026816737,-0.002519777271206574,-0.02410092727185831,-0.005635214057658418,-0.011313226516376925,-0.005822071295842264,0.020711888575019332,0.0077793833477185865,-0.02171869705522129,0.0033596589065269405,0.00701085910535423,-5.611111111111111,-7.5,-4.67859152630603,9
2024-02-28,14,-0.21843571428571426,-0.6908,0.34797005973578743,0.5714285714285714,0.02464265619176583,0.007818702527339867,0.005255144511108546,0.005620297044338217,-0.4474553637244371,0.6428571428571429,0.0,0.21428571428571427,0.0,0.35714285714285715,0.2857142857142857,0.14285714285714285,0.07142857142857142,0.0,0.5,0.35714285714285715,0.0,0.0,0.07142857142857142,0.07142857142857142,0.0,0.14285714285714285,0.21428571428571427,0.42857142857142855,0.07142857142857142,0.0,0.20835239460974017,0.0725952151016376,-0.005318202736184535,0.011673034611009183,-0.004815542952044451,-0.005086247911923301,-0.010475771881508677,0.030636373346195154,0.02640538174502189,0.016154757659444196,-0.0058117489604523,0.0007282046854279794,-0.0010718324967867701,0.008858398848705007,-0.006399137718627439,0.004258657007169682,-0.0010799261728897758,0.00595252633250084,0.010825566922330051,-0.0021355403695506254,0.009692201844058003,0.007611003208516075,-0.006885356745531917,-0.01194139821377627,-0.0008210675107229959,0.002321184204208136,-0.009063515412650802,-0.009225817078063846,-0.007452223849048816,-0.013204131070607594,-5.757142857142857,-9.2,-2.6198036729066794,14
2024-02-29,3,-0.32463333333333333,-0.6705,0.5386586148325611,0.6666666666666666,0.04027392904193842,0.005744518555022632,0.005238701660738363,0.01810990323142367,-0.6578483245149912,0.6666666666666666,0.0,0.0,0.0,0.3333333333333333,0.3333333333333333,0.3333333333333333,0.0,0.0,0.6666666666666666,0.0,0.0,0.0,0.0,0.3333333333333333,0.0,0.0,0.0,0.6666666666666666,0.0,0.0,0.190319134844102,0.04807324162890184,-0.0016091833980387642,0.034674138328562525,-0.03421060496484216,0.043680491584325694,0.0091948129873784,-0.05341745742671745,0.009207024576232814,-0.04768871028584259,-0.01104638375133382,0.004760396075015982,-0.04401093255040469,-0.026035607126201104,-0.01697134013772531,0.05353249765016871,-0.021178897246955652,-0.015965910424854818,-0.015492954255522698,-0.019935761735176596,-0.017030808840088136,-0.023563083309808264,-0.020353918084503205,-0.034511076193703735,-0.04574953136981779,-0.0034570960194169036,-0.024490435392459094,0.009339214460095792,-0.019122222204896358,0.011348699576648823,-4.8,-5.0,-4.36412168166786,3
2024-03-01,15,-0.08540666666666666,-0.8126,0.44790218394304837,0.4666666666666667,0.03527056447645457,0.006319090146825085,0.006179860210123698,0.016998298869389507,-0.5752281015156145,0.6666666666666666,0.0,0.2,0.0,0.4,0.3333333333333333,0.26666666666666666,0.13333333333333333,0.0,0.6,0.3333333333333333,0.13333333333333333,0.0,0.06666666666666667,0.3333333333333333,0.13333333333333333,0.0,0.0,0.2,0.26666666666666666,0.0,0.21061135362713054,0.03655140490945099,-0.002733191394218577,0.025294227682450092,-0.012767448243019364,0.011453865472471687,0.0014679490665090722,-0.0138555983128691,0.008005594869924781,-0.008530547349623828,-0.025098728524239743,0.0010054406791556766,0.011056981243470333,-0.016460316251527732,-0.02450549691711263,0.007995882363679877,0.01444734388827439,-0.022596794977596698,-0.011115600685385054,0.0003891849041284534,0.0077240568442948155,0.007814953378617448,0.0035130538193311484,0.0034051266680788918,-0.012012983163613563,0.00093974950875364,0.012715377057244813,-0.009688039654174339,-0.016019587879147066,-0.002627629182820853,-6.1,-9.5,-3.367459340710579,15
2024-03-02,1,-0.7096,-0.7096,0.0,1.0,0.014947683109118086,0.0029895366218236174,0.0014947683109118087,0.0014947683109118087,-0.6153846153846154,1.0,0.0,0.0,0.0,0.0,0.0,0.0,0.0,0.0,0.0,0.0,0.0,0.0,0.0,0.0,0.0,0.0,0.0,1.0,0.0,0.0,0.21802705175537615,-0.014208512774166982,-0.07509817646295351,-0.10803893778773031,-0.08488446108073197,-0.04624388292626137,-0.03829332137203596,0.017848483713203914,0.0023001618978396436,0.008145223031329401,-0.005695358734543641,0.01215908215280305,-0.041979239721957044,0.032420489497354876,0.017473327182805806,-0.008341068794326327,-0.0041467254515301045,-0.026927579545391857,-0.015114771634813477,0.00010660820804725012,-0.009592770752172438,0.0632933474271647,-0.044102935939167656,-0.08105740069414413,0.05590457598637632,-0.03443827021057853,-0.020025286477171438,-0.02643295299572077,-0.020661957671864833,-0.041360465427421535,-5.0,-5.0,-1.82926829268293,1
2024-03-03,1,-0.743,-0.743,0.0,1.0,0.023510971786833857,0.001567398119122257,0.007836990595611285,0.001567398119122257,-0.8235294117647058,0.0,0.0,0.0,0.0,1.0,1.0,0.0,0.0,0.0,1.0,0.0,0.0,0.0,1.0,0.0,0.0,0.0,0.0,0.0,0.0,0.0,0.21255791067481974,0.16800948079630554,0.15496084589766887,0.025891560135349094,-0.04960840865558027,-0.01513946947786707,-0.009114383900339938,-0.009474891235348707,0.04525779045519146,0.044118878384235644,-0.03367041846379687,-0.03958262824969852,0.047391590402698185,-0.05500229646791171,-0.003921080902169687,-0.007845870381487926,0.0308413023181141,0.0044618734786001785,0.0002974265043346015,-0.012194816840971689,0.01796853817873807,-0.0034914245662322177,-0.013804248669505205,0.021028573845223688,-0.034689597862836666,-0.006179301997371365,-0.00012565997839099786,-0.023862134707104576,0.013657543696799841,-0.007107251292289025,-5.0,-5.0,-3.75,1
2024-03-04,1,-0.802,-0.802,0.0,1.0,0.028469750889679714,0.005338078291814947,0.008896797153024912,0.0026690391459074734,-0.6666666666666666,1.0,0.0,1.0,0.0,1.0,1.0,0.0,0.0,0.0,1.0,0.0,0.0,0.0,0.0,0.0,0.0,0.0,0.0,0.0,1.0,0.0,0.2548518072297754,0.16474548226613592,0.13423879828820454,0.050349069784197086,-0.0124033989103583,-0.014183021247442132,0.004042868573577224,0.0014735958192307872,0.05171473389545515,-0.027809311262438238,-0.012510865211938572,-0.012662365732053139,0.016547652357322175,-0.017046408629170673,0.03978369350650816,0.02603576705754706,0.00509546796794757,-0.0056026711351759555,-0.04428506246584921,0.01440542327147272,-0.017387125674029592,-0.0001935449172422726,-0.0009489539371709153,0.044093121439138856,-0.025784119647219,0.0060549171796163755,0.0357888180660518,-3.859157409447935e-05,0.014815754787941561,-0.016083787676071836,-9.0,-9.0,-4.59272097053726,1
2024-03-28,1,-0.4404,-0.4404,0.0,1.0,0.0340080971659919,0.0024291497975708503,0.006477732793522267,0.010526315789473684,-0.8478260869565217,1.0,0.0,1.0,0.0,1.0,1.0,0.0,0.0,0.0,1.0,1.0,0.0,0.0,0.0,0.0,0.0,1.0,0.0,0.0,0.0,0.0,0.2654664634916354,0.1847563191921031,0.07172972982649321,0.040363888093005715,0.09874252545725083,-0.0015152160322949959,0.04405626019863562,0.0030582245027994275,0.024976917731072197,-0.0401679584488625,0.09904213964164371,0.027567693867041373,0.04729532635413739,-0.013184877466537974,-0.056021257842245535,-0.024702565562501833,0.028453642827765052,-0.04817036062734791,-0.016751681272139426,0.014061097341122712,0.0057287391475428625,-0.004793118542471941,-0.0031535146950773,-0.04577699919128542,-0.024399135860678024,-0.010622507771367046,-0.0085745945924387,0.0029142998585695735,-0.01836679036425048,-0.04445976124595122,-7.2,-7.2,-4.8834628190899,1
2024-04-01,5,-0.24121999999999993,-0.6597,0.49417161189206327,0.8,0.026345880741539922,0.0028679680930631807,0.0050150734873042144,0.004982029107366314,-0.7307692307692307,0.4,0.2,0.0,0.0,0.4,0.4,0.2,0.2,0.0,0.8,0.2,0.0,0.0,0.2,0.0,0.0,0.2,0.2,0.2,0.2,0.0,0.22627039361181273,0.07560419920494602,0.06769799866789501,-0.010856439237781396,-0.031576969760003064,0.028482755390438146,0.011325728907448266,-0.024776616698024247,-0.05941638762854662,-0.004666524665838626,-0.019518501167373064,0.028882448273895505,0.02030302741311848,-0.04044146971350377,-0.0085893754635963,0.02376474130727061,0.00363760721597482,0.017611440543967592,0.013224304140533202,-0.008053791443599845,-0.0015359535780831643,0.00023772263557713806,0.04182606378082101,0.0343989025747166,0.04030658169197948,0.011624302818436604,-0.005246612763082251,-0.03013740530682473,0.009758507796574698,-0.025426094274980743,-6.14,-9.5,-4.4897113356425455,5
2024-04-02,6,0.051300000000000005,-0.4404,0.49241560495175213,0.3333333333333333,0.023328400354920894,0.011004684323958722,0.0027167271290145845,0.012858461410553535,-0.13977203439030725,0.5,0.16666666666666666,0.16666666666666666,0.0,0.16666666666666666,0.16666666666666666,0.0,0.0,0.0,0.5,0.3333333333333333,0.0,0.0,0.0,0.16666666666666666,0.16666666666666666,0.0,0.0,0.6666666666666666,0.0,0.0,0.1832722637157702,0.02053618493462273,-0.049533867036638236,-0.004207821378226652,0.023357257302808968,0.0114600689110441,-0.026782620578054514,-0.0010560700501817792,0.0431583381065152,-0.008069705439891649,-0.013976461825792139,0.05537905706356206,0.00626945151269507,0.011098219150185273,-0.01910905496669085,0.0073029148902756845,-0.03179241073278191,0.0005478544613570074,0.007021814466115134,-0.002849775166576716,-0.004159665839817232,-0.025886842995590947,0.008186332432546978,0.006912298973068713,0.0220069678119289,0.02233801791156891,-0.0033661999121029607,0.028312974082528752,0.012127973861016326,0.013715665577866716,-5.583333333333333,-7.0,-2.44212760817246,6
2024-04-03,13,-0.44874615384615385,-0.8225,0.30827429781333976,0.7692307692307693,0.03748451686102465,0.0032164481566231795,0.006080801715047512,0.014370204714117001,-0.668718287856704,0.38461538461538464,0.0,0.07692307692307693,0.0,0.23076923076923078,0.15384615384615385,0.15384615384615385,0.07692307692307693,0.0,0.23076923076923078,0.07692307692307693,0.07692307692307693,0.0,0.07692307692307693,0.0,0.0,0.07692307692307693,0.23076923076923078,0.3076923076923077,0.3076923076923077,0.0,0.18573548177321803,-0.012103609760610713,0.03465080629955674,0.013795451109048083,0.01496375135843853,0.026520173913832122,-0.011909458695432935,0.00045882606399026373,-0.0007963000212551123,0.005748506343002779,-0.005467637169758333,0.01218272404635866,-0.0007406036383387018,0.021864819669516915,-0.025750034043832578,-0.003067665715727112,0.013311848644082296,0.024246431277330855,-0.003411172186479366,0.008841809444463345,-0.006674539163299528,0.0016938789131564478,-0.011644049703271254,0.002593793737139412,0.018476553746632072,-0.0026407737407476667,0.013713602767871909,0.00792831644957557,-0.004923874159911653,0.008768233582206231,-6.1692307692307695,-9.0,-5.759656337138746,13
2024-04-04,9,-0.06833333333333333,-0.7579,0.28360249910746554,0.2222222222222222,0.031247526347211778,0.003980128778637472,0.007618560116401696,0.01855888681473441,-0.6523799635868601,0.6666666666666666,0.0,0.2222222222222222,0.1111111111111111,0.1111111111111111,0.0,0.1111111111111111,0.1111111111111111,0.0,0.5555555555555556,0.3333333333333333,0.0,0.0,0.1111111111111111,0.3333333333333333,0.1111111111111111,0.0,0.0,0.3333333333333333,0.1111111111111111,0.0,0.2096036284051906,-0.01381919200566228,-0.026709629635191787,0.017002697720554908,0.020753592395427428,0.021261738402895646,-0.026000847078744765,0.016329426629962313,-0.0027083319508950324,-0.004857946172845865,-0.009590477264369462,0.02418897459698403,-0.014871930242161427,-0.007239528840449903,0.00519947972775016,-0.022799248315579123,0.019566220861217617,0.010091511801292747,0.01809874897974651,-0.0014927341248675656,0.009661678107101708,0.010332104796109198,-0.00037380589924872236,-0.016033529640790287,0.01977234993372747,-0.014231617618704347,-0.027368748075533262,-0.026435477401257075,-0.006374394542419563,-0.0246488660710354,-5.522222222222222,-9.0,-3.684785781004628,9
2024-04-05,8,-0.2674875,-0.9648,0.5564553747670543,0.75,0.027177316042583263,0.003624457188525412,0.0065439681032861425,0.006231217054716687,-0.6854640151515151,0.625,0.0,0.25,0.0,0.0,0.125,0.25,0.0,0.0,0.375,0.25,0.0,0.0,0.0,0.125,0.0,0.0,0.125,0.625,0.125,0.0,0.20099609666143753,-0.02301051579924613,0.0010606666473030133,-0.04267121340841721,0.0020410515451069478,0.016413175856560554,0.008498034434593037,0.02409647466722121,-0.033583753326119466,0.0008334344203859987,0.014718221162400024,0.022031914599428326,-0.0014486455170236463,0.006780302858707886,0.026943419276027978,0.01281387085153665,-0.01597739787955423,-0.00438453586223256,0.008833908996447837,-0.007757726490650065,0.0006376562684733587,0.017980427446418708,-0.017009854953517905,-0.0019036264876347527,-0.0063964340368540705,0.011542181244222252,-0.01058301149839847,-0.025923266151042262,-0.0020705826335605387,-0.019344331099045046,-5.3625,-9.5,-3.911514303709895,8
2024-04-06,5,-0.19104,-0.6808,0.3705318515323615,0.4,0.06274645014254504,0.0,0.0037312803547384274,0.026690343196729527,-0.913974358974359,0.2,0.0,0.2,0.0,0.2,0.0,0.2,0.0,0.0,0.2,0.4,0.0,0.0,0.2,0.2,0.2,0.0,0.0,0.2,0.2,0.0,0.1562982547272624,-0.05462028146725104,0.00541917625724468,0.03183192780397064,0.0236216154539634,0.025212712955315,0.0133455804320635,-0.01048165307578294,0.010857939983231275,-0.016220029955145945,-0.03077388441822007,-0.03668119277856622,0.05214288965061674,0.02110514812228833,-0.00891364737152858,0.022020152356278556,0.041283856469199826,-0.005918377088296134,-0.05275026323103025,0.007294744511647211,0.06660109061187575,0.06399277584397768,0.026152970051649654,-0.0339520902374917,0.038874791387180425,0.010408703428074852,-0.03936715769585554,0.04428202059397082,0.005080802581415835,0.022318379799202346,-6.18,-9.0,-7.334271259398735,5
2024-04-07,5,-0.18696,-0.8442,0.5145537367467075,0.6,0.024047120567863265,0.0039057914308158284,0.00410984041689467,0.012260767825162331,-0.62707885437517,0.8,0.0,0.0,0.0,0.0,0.0,0.2,0.0,0.0,0.4,0.4,0.0,0.0,0.2,0.4,0.0,0.0,0.0,0.2,0.2,0.0,0.243747513942077,-0.02380342616164234,-0.06059487875716674,-0.00504454252185845,-0.030601239180882728,0.01568463404434666,-0.004045259541073579,-0.02142025708936276,-0.04388237341492592,-0.0010985236267627811,0.004852607453687276,0.0021624494969631402,0.004471484703126281,0.008463089916458286,0.007594311657429159,0.044661086294985185,-0.012600832071266,0.005945822002697313,-0.004883022099275448,-0.005728174916116399,-0.005437224226856694,-0.010900621500479513,-0.04022840199241878,-0.01546354040871561,0.039147852226617916,0.015907664942280852,-0.007369621962299106,-0.0010482049592721934,-0.0032269376571376373,-0.021596830078961047,-6.959999999999999,-9.2,-3.730759822744468,5
2024-04-29,12,-0.39635,-0.9313,0.3646880971211128,0.6666666666666666,0.039258879393621875,0.002131386875270373,0.007713750422056908,0.006510919123384802,-0.7621270818863635,0.25,0.08333333333333333,0.08333333333333333,0.0,0.4166666666666667,0.4166666666666667,0.25,0.16666666666666666,0.0,0.75,0.16666666666666666,0.16666666666666666,0.08333333333333333,0.08333333333333333,0.3333333333333333,0.16666666666666666,0.0,0.0,0.4166666666666667,0.0,0.0,0.20212983117598074,0.03889543640451186,0.04000697905670803,-0.016251676754392555,-0.02368071919746337,0.014979252856824362,-0.0009109081375616619,-0.04168769541715484,-0.0066695994615657206,0.0011005920323224755,-0.009350674271957987,-0.00903796632548326,-0.015697567569444904,0.010001109034012313,-0.02850987612044867,-0.008543918508856595,-0.02296972188247511,-0.00687451507493534,0.006942924329957446,-0.01521946043073434,-0.007995710509517072,0.00045270880332959573,-0.009287860700040661,-0.0052733820686938675,-0.007426764555276442,0.012496884795036954,-0.010133246795809035,0.004834178986600245,0.0017376099920467984,0.012955313145812969,-5.483333333333333,-7.0,-5.95922778939012,12
2024-04-30,8,-0.13538750000000002,-0.936,0.397328056028193,0.375,0.049724607995108604,0.0061083296817634036,0.007025095379142714,0.012576483660751555,-0.7183982960348047,0.75,0.0,0.125,0.0,0.125,0.125,0.375,0.125,0.0,0.75,0.25,0.0,0.0,0.0,0.5,0.125,0.0,0.0,0.25,0.125,0.0,0.22837773419678659,-0.0027735223690432357,-0.014010321156200801,-0.011551348294347528,-0.029754576652172595,0.06732260252635794,0.01748426786700613,-0.06185389689107492,0.006546837791897802,-0.06010304336234881,-0.013476651572044099,-0.029312664227653298,-0.023248967447298027,-0.009362325480425232,-0.02170649497909051,-0.003911272906234838,-0.048930089257816695,0.004680120850511164,-0.013152917656285967,-0.014325852589107606,-0.01372892444012271,-0.01905145032074366,0.026813896653515478,-0.033766725157599695,-0.03548447109155552,0.01918036211029381,0.0009831035095246598,0.022808634313593878,0.007978928070318338,0.001755990720338448,-6.3875,-9.0,-5.739293012010512,8
2024-05-01,8,-0.09998749999999999,-0.6705,0.3630758261516653,0.375,0.039157904037243695,0.006271736609498292,0.0051445953925136085,0.01115649081965404,-0.6388561098631537,0.625,0.0,0.125,0.0,0.125,0.125,0.5,0.125,0.0,0.375,0.125,0.0,0.0,0.125,0.0,0.0,0.0,0.125,0.75,0.0,0.0,0.195918260741328,-0.03172796979983323,-0.028672339190883054,-0.021839309721307397,-0.017869617799045494,0.07868771596763866,0.026683821067587092,-0.06839924776787494,0.00022058331699781504,-0.012812473317132062,-0.032188487066520416,0.001864464794578316,-0.007628158664668851,0.027472414934723556,-0.020028046267635324,0.003250022719726362,-0.04032458874867334,-0.012971508757926152,0.004842818237326814,-0.023161032621465887,-0.014579120170349992,-0.033272795066731434,-0.006741770977797632,-0.03719650610105277,-0.012175821546946288,0.04176997052355458,-0.0014326007127621037,0.02006977531210282,0.026681712378824208,0.012363428276232566,-4.875,-5.0,-5.21344152773409,8
2024-05-02,9,-0.14932222222222225,-0.7506,0.32104244181173996,0.6666666666666666,0.04021596829591835,0.004107596509229521,0.004840092924025578,0.015615782493258654,-0.7392407751884876,0.6666666666666666,0.0,0.1111111111111111,0.0,0.0,0.0,0.4444444444444444,0.0,0.0,0.4444444444444444,0.5555555555555556,0.0,0.0,0.1111111111111111,0.1111111111111111,0.1111111111111111,0.0,0.0,0.5555555555555556,0.1111111111111111,0.0,0.191053072036051,-0.0378567267970199,-0.014034851306192935,-0.010904667669654693,-0.02451325640311274,0.05336128444543209,0.05957775824611081,-0.04044407301361044,-0.011349623626249033,-0.027344882862864833,-0.03320257274702519,-0.005268798339499099,-0.018222256238245308,0.028061649258192694,-0.026496324534238894,0.00340612462849286,-0.01550816633377018,-0.0033750259344809876,0.01557251481595303,-0.010984185581003773,-0.012786483245465222,-0.005522883290931796,-0.0023904979695053325,-0.015950382415145268,-0.009662993653207885,0.010124129418486918,-0.007859059235741003,-0.0003739240814417962,0.0211044082847841,-0.0002769501450075526,-5.544444444444444,-9.0,-6.631219396597801,9
2024-05-03,7,-0.07431428571428571,-0.4767,0.2723756133759129,0.2857142857142857,0.034028757060880495,0.005075100463358414,0.005437425264379278,0.011775686387676237,-0.5905380333951762,0.2857142857142857,0.0,0.0,0.0,0.2857142857142857,0.2857142857142857,0.14285714285714285,0.0,0.0,0.2857142857142857,0.2857142857142857,0.14285714285714285,0.0,0.14285714285714285,0.14285714285714285,0.0,0.0,0.14285714285714285,0.42857142857142855,0.14285714285714285,0.0,0.18396301624399083,0.018961079984342148,0.021564613597694966,-0.008509219706385253,0.0025317265143927686,0.028262488484118466,0.0004331030657011914,-0.009487436151389389,0.03869918288924224,0.0225201736532735,-0.0380111108955327,-0.016261644421981348,-0.018241114468994957,-0.03607402110309277,-0.0087568889465317,0.004459986375148381,0.002382277500004034,0.0016179071515962315,-0.0007288641140828783,0.004468784619628568,0.010487888087481499,-0.016736586454966458,-0.006012056897643751,-0.009700803040508481,0.004442313084169802,-0.013546528128652844,0.0043452692736023,-0.017771394196151993,0.0073818389061823505,0.016872308778337616,-5.3428571428571425,-9.0,-3.0467910456627614,7
2024-05-04,5,-0.39538,-0.7003,0.25537142949045805,0.8,0.03336307714623364,0.008497996785615186,0.006331473841988193,0.017141337097674035,-0.49237237237237236,0.4,0.0,0.2,0.0,0.0,0.0,0.0,0.0,0.0,0.2,0.4,0.0,0.0,0.2,0.0,0.0,0.2,0.0,0.6,0.0,0.0,0.18752270894535644,-0.021843566270423796,-0.008643854903549996,-0.0021619761663668607,-0.00850304803188356,-0.046813283471839794,0.017309144399496643,0.016395567814346756,-0.020111712829615956,-0.015470253374653072,0.028482704629653643,0.015137712310254023,0.0181934099964705,-0.0450845675294054,-0.0005432987815137369,-0.004082066378007633,0.01969601527177987,0.010733609553859162,0.010854940805875252,-0.025976357422392758,-0.0034457716644930385,0.0029529449622383874,-0.0033110062667219,-0.0246907438670524,-0.015085568059636867,0.003510400130464021,0.018954733165018393,-0.005094805142409417,0.008559517959477955,-0.019438556936613657,-5.4399999999999995,-7.2,-3.7896205584517295,5
2024-05-05,3,-0.22799999999999998,-0.8442,0.7712347697037524,0.6666666666666666,0.0463689002069654,0.001001001001001001,0.001001001001001001,0.008392198718171378,-0.896870882740448,0.6666666666666666,0.3333333333333333,0.0,0.0,0.0,0.0,0.6666666666666666,0.0,0.0,1.0,0.0,0.3333333333333333,0.0,0.0,0.3333333333333333,0.0,0.0,0.0,0.6666666666666666,0.0,0.0,0.17015860094006527,-0.006689670601509705,-0.027143344088605137,-0.02319515061596848,-0.016064002513496118,0.056392640194289995,0.05284172682908092,-0.049314749940263386,0.014823905777491897,-0.041290634812139036,-0.04379336081356181,-0.014392281170004266,-0.0029580792414398045,-0.02627080839568832,-0.013061153142371997,-0.030454723159602546,-0.06897246265237363,-0.001343096438140564,-0.03589293406561533,0.0060072682407242076,-0.01692718639804731,-0.007299048953829938,0.03214674845856508,0.013340544317986544,-0.010627097602922029,-0.005578043777019893,-0.005980803309217345,0.0010614193574419906,-0.012961215196473674,0.012806265263439183,-5.666666666666667,-7.0,-4.1067305557269,3
2024-05-10,1,-0.3182,-0.3182,0.0,1.0,0.06349206349206349,0.0,0.015873015873015872,0.015873015873015872,-0.8,0.0,0.0,0.0,0.0,0.0,0.0,0.0,0.0,0.0,0.0,0.0,0.0,0.0,0.0,0.0,0.0,0.0,1.0,0.0,0.0,0.0,0.06718504858635765,-0.016193072610310194,-0.013394398814096816,-0.027380044831366843,-0.019051376196189813,0.06204379522951169,0.03437843972744049,-0.0728881357065368,0.03894541868056681,-0.07244225525744849,-0.02585031248730231,-0.016947248076077517,-0.03849165118952234,-0.00820919572758746,-0.03955513310347577,-0.02901156400503744,-0.05899923804411887,0.005173383771004802,0.014454347656703826,-0.02274146329575657,-0.01991898191462522,0.006598368878762066,0.03423401111963057,-0.03688653274099407,-0.06368468102862934,0.06701694359826048,0.035033179323966795,-0.0013683559101527487,0.005620676722162005,0.0341968239338377,-4.0,-4.0,-6.36871508379888,1
2024-05-27,3,-0.2772,-0.8316,0.4801244838580928,0.3333333333333333,0.019173638916399116,0.011793424876357095,0.006770851361713826,0.0005367159947764383,-0.22834416125270698,0.6666666666666666,0.0,0.3333333333333333,0.0,0.3333333333333333,0.3333333333333333,0.3333333333333333,0.3333333333333333,0.0,0.6666666666666666,0.0,0.0,0.0,0.3333333333333333,0.6666666666666666,0.0,0.0,0.0,0.0,0.0,0.0,0.2169506571009742,0.06531956819536007,0.009041667075798135,-0.07733599078817838,0.04473730607578941,-0.02366856029655995,0.03666215358387825,0.05176182721131769,-0.01221770343969418,-0.04240035295395136,0.06868577991367754,0.035937028039584214,0.012305786635185972,0.003969003831175495,-0.036435000332189,-0.007496405933887383,0.013829555189584418,-0.023965079741556317,0.002416786818033298,0.009231746780865713,0.014897925762296682,-0.027828965724522915,0.020438308836202318,-0.02369689827471995,0.026293082930938013,0.01702673572130362,0.01164932163851406,-0.016381234641404858,0.011437404996192115,-0.030877212632685516,-5.466666666666666,-7.0,-1.1941308975178069,3
2024-05-28,5,-0.1196,-0.5719,0.4462495994395962,0.4,0.03403579290531237,0.00635405148042782,0.003990844144352279,0.013597388128596007,-0.632955786958113,0.6,0.0,0.2,0.0,0.2,0.2,0.2,0.0,0.0,0.4,0.4,0.0,0.0,0.0,0.2,0.0,0.0,0.2,0.6,0.0,0.0,0.25547067809283425,-0.035033990253409024,-0.03686792791924205,0.013473583769600969,0.0371182065681893,-0.03218740592851073,-0.017212375979577355,0.00871328192675257,-0.005936403939526158,-0.009552429467482026,-0.022432259323123906,0.020518677632718044,-0.004665135615059286,0.019611741863554282,0.012501220387593609,0.002502839642498126,-0.008231322765115201,0.030257384506149697,0.04240779138770649,-0.02087130845982229,0.014744856731431727,0.020360681894768022,0.014508895409849282,0.034934703500086754,-0.0122425743132214,-0.003347931305952824,0.01304412961361764,0.005702472594879485,0.0007056375307912214,-0.010828332775866756,-4.68,-5.0,-2.76554064515647,5
2024-05-29,9,-0.2655111111111111,-0.6808,0.3992009940006551,0.5555555555555556,0.03942855249839314,0.0043545621954787905,0.002531815366748426,0.016282618469282948,-0.7280234977229976,0.5555555555555556,0.0,0.4444444444444444,0.0,0.1111111111111111,0.1111111111111111,0.0,0.3333333333333333,0.0,0.4444444444444444,0.1111111111111111,0.2222222222222222,0.0,0.0,0.0,0.0,0.0,0.2222222222222222,0.7777777777777778,0.0,0.0,0.18973341395305635,-0.00540211647041491,0.023620471532895242,0.01569236970252669,0.05631689311784485,-0.014620359131057886,-0.01159432142284774,0.00070982295917982,0.001971363976003397,-0.005789028672693621,-0.00403352974465117,-0.001963413230399649,-0.01451780719011224,-0.00981458618961252,0.017901934380806894,0.0012234525715457735,0.0010364427293001353,0.01769343923668307,0.0050854473543178015,-0.00010319146102508662,-0.007077036627372595,0.015556002833542557,-0.0023122936033772826,-0.004024747772407449,0.0010812313176991081,-0.014712032484673223,0.005862024818629734,-0.024978489806064257,0.006070394560751086,0.0057865524856347455,-5.666666666666667,-8.0,-5.568676049043089,9
2024-05-30,11,-0.05111818181818182,-0.8074,0.47091246918760143,0.36363636363636365,0.029438160449252748,0.0067440002974125555,0.005095309070319327,0.021673576073826552,-0.4109131510201029,0.6363636363636364,0.0,0.09090909090909091,0.0,0.09090909090909091,0.09090909090909091,0.09090909090909091,0.09090909090909091,0.09090909090909091,0.45454545454545453,0.2727272727272727,0.09090909090909091,0.0,0.0,0.0,0.18181818181818182,0.0,0.09090909090909091,0.6363636363636364,0.09090909090909091,0.0,0.20611438995530096,-0.022415219021531797,-0.0608625717124216,0.026209927523158514,-0.009121637394314779,-0.006161184788018626,-0.027863659941394333,0.004244643604437607,0.01063593636936175,-0.005994425288380446,-0.00574618151799772,-0.011541911813791111,-0.0017860480774497666,-0.004223059257783346,-0.01962608133355119,0.01341654027218104,-0.028366052385120657,-0.018220966920078584,-0.021947991004548164,0.014845612148254618,0.009121270600260722,-0.01498807489993225,0.010556987840085484,-0.026032025018178008,0.014896891955526381,-0.007508165246270505,0.023646875912874198,0.0004527680116427633,0.003018046724736562,-0.0042292969407882,-6.181818181818182,-9.0,-2.8440033850739153,11
2024-05-31,15,-0.31869333333333333,-0.7783,0.42361883215029633,0.6666666666666666,0.0398611815902751,0.004501147878342103,0.01095490682525816,0.029093281697694144,-0.6747162065977249,0.7333333333333333,0.0,0.06666666666666667,0.0,0.2,0.0,0.2,0.06666666666666667,0.0,0.4666666666666667,0.4666666666666667,0.0,0.0,0.06666666666666667,0.06666666666666667,0.06666666666666667,0.0,0.13333333333333333,0.6666666666666666,0.0,0.0,0.20652192303377825,-0.030200816500030956,-0.04540848237063084,0.06782592982310989,-0.0012433310495735715,0.02698994238515255,0.03135074244891028,0.01691481391531888,-0.020482843700122388,-0.004219638303418181,-0.024560944806082067,-0.01898213578429788,-0.015417555886319387,-0.0172791066817642,-0.02428856072252805,-0.00035597815096704064,-0.012612800855979342,-0.007407072477773698,-0.012709200744443072,-0.008666468743517921,-0.02518876661320219,-0.006476701158134846,0.005909552719752182,-0.020883136876086082,0.01083137750503036,0.015250889541335797,0.0036362000969960015,0.017990404060150133,-0.0076892509095747704,0.015170002454489814,-5.1,-7.0,-4.120210808957387,15
2024-06-01,6,-0.42175,-0.9702,0.3240862770929988,0.8333333333333334,0.035912030994495,0.0018197945761859954,0.00655293674963819,0.016379527542472003,-0.861448913243268,0.8333333333333334,0.0,0.5,0.16666666666666666,0.0,0.16666666666666666,0.3333333333333333,0.0,0.0,0.3333333333333333,0.5,0.0,0.0,0.0,0.0,0.16666666666666666,0.0,0.16666666666666666,0.6666666666666666,0.0,0.0,0.22673700438326017,-0.054277153384487346,-0.014078816963729217,0.0004297068161611707,0.018288685861419962,0.013102924359036643,0.0050053035907947725,0.0336721229283616,0.01400154731720545,0.013417966760958263,0.0021726969929831406,0.010326236752953815,0.0012002836941461606,0.014119026016248482,0.002534037955002027,0.006304755177131661,-0.008124587242488551,-0.0180059406847088,0.02200294511647588,0.011273117343083616,-0.011202752178996307,-0.025809870325826583,0.017318761721050905,-0.003387932906454346,0.009594535002121762,-0.019989040533416932,0.0025371010193601788,0.003810402324523178,-0.02286605267099213,0.005052197431132248,-5.583333333333333,-7.0,-5.46447320192127,6
2024-07-01,8,-0.4211625,-0.836,0.3408568108982337,0.75,0.0244390643201082,0.004832026847821976,0.007143090529831246,0.01714024970451563,-0.46550909675909674,0.75,0.0,0.0,0.0,0.0,0.0,0.0,0.0,0.0,0.375,0.25,0.0,0.0,0.0,0.375,0.0,0.0,0.0,0.375,0.25,0.0,0.18085957408532957,-0.040295028102737274,-0.04657476492960858,0.014201426306021097,0.013722525779590936,-0.013511460475622537,-0.03851375562628397,-0.0058164775840464575,0.0014351616910351257,0.00238403115792182,-0.02099312184678496,-0.008010246852514167,0.02272295594413809,0.00524551599892353,0.004662621689754827,0.01892379523572528,-0.034286176337312714,-0.004543267377339616,0.019149298851187435,0.0034191142673938965,0.008948204506018256,-0.008256474592094347,-0.015202367097070853,-0.0019074365773134785,-0.0036304159387681246,0.014420387135026861,0.00680658483682107,-0.0006351073513281621,-0.006815893623619595,0.0055321214243792185,-6.225,-10.0,-4.582360727679136,8
2024-07-02,13,-0.2071923076923077,-0.9062,0.3440991413859734,0.46153846153846156,0.03623715050995595,0.005861338763366393,0.004398465321644304,0.017868263498308876,-0.4995853912262581,0.5384615384615384,0.0,0.0,0.0,0.07692307692307693,0.0,0.0,0.0,0.0,0.15384615384615385,0.15384615384615385,0.0,0.0,0.07692307692307693,0.15384615384615385,0.0,0.0,0.0,0.6923076923076923,0.07692307692307693,0.0,0.1853534698919025,-0.06072293781825974,-0.023025503976475455,0.032011018943196204,-0.013209558570109282,-0.013547907854668518,-0.00701436395224505,0.026661344535634738,-0.021641660055548087,0.013135052883087342,-0.011093275343995134,-0.024370542624413037,0.02770474880547494,0.009879644636301461,-0.030309303082193453,-0.005869584185963559,0.010643837616792832,0.01713128155855177,0.0025428561303244748,0.019761585093131598,0.0001804061603442704,0.004919289630420223,-0.01317587435517378,-0.007460863285750667,-0.0035035471808640226,0.007290410587600813,-0.0022504956188131816,0.02320874698047211,0.009000237956194227,-0.001629231420204859,-5.738461538461538,-9.2,-5.135243869504385,13
2024-07-03,10,-0.30825,-0.8689,0.5126182687384878,0.7,0.026998076166205996,0.0020923501626424015,0.005466276679106796,0.013995356522821767,-0.7409055727554179,0.6,0.0,0.1,0.0,0.2,0.2,0.0,0.0,0.0,0.3,0.2,0.0,0.0,0.1,0.0,0.1,0.0,0.2,0.4,0.1,0.1,0.21558868765143274,-0.013004003085517721,-5.9087354821873995e-05,0.0007445703221380499,-0.008637876905270068,0.0016930814639695181,0.00087983619796905,-0.011164898791085436,-0.0006616405408838025,0.025848706727323544,0.000850771210281237,-0.017308413549640106,0.02207916775125283,-0.0037947150404319765,-0.0019109455557166336,-0.025995432832999,0.00884147578450571,-0.017272840659851473,0.021024483643557173,-0.003934352836954852,0.003951845515654416,-0.02528466499545463,-0.01796161633946429,0.014563392684233544,0.023387004407427688,-0.01243082402471848,0.0012784236436948935,0.00245534556473911,0.013076849630615292,0.03243732400450366,-6.15,-10.0,-4.916123658585443,10
2024-07-04,8,-0.4331375,-0.7506,0.36394773933119257,0.75,0.033655831010803,0.004525703525576575,0.00464427731339541,0.019374764617166258,-0.6933785762288787,0.875,0.0,0.375,0.0,0.125,0.0,0.0,0.0,0.0,0.5,0.125,0.0,0.0,0.0,0.0,0.0,0.0,0.0,0.875,0.125,0.0,0.20559135486237556,-0.04869911027807826,0.01418174612801874,0.0023595917625169526,0.03898908385386621,-0.04755069000688237,0.022461738763649722,1.4994780852179736e-06,0.013578306315431098,-0.011550483684194039,0.014991230059244125,-0.011200180552635457,0.019052179541422527,0.0041703411090908,0.008529528768699146,0.006123907628876795,-0.019628276973210963,-0.010262298809647347,0.011593697440416433,-0.019315261102360096,0.001346147751042084,0.002187124140544468,-0.011211499885186693,0.014783424952613165,-0.001670193415002642,0.007604380525027406,0.0020729538493626464,-0.004337757004568986,0.011742487128457975,-0.014694884637158909,-5.5,-9.0,-5.75268380037204,8
2024-07-05,9,-0.15832222222222223,-0.9442,0.4950773115831955,0.5555555555555556,0.029864210561971208,0.010219008103981908,0.004115118299365592,0.011920090851992087,-0.4346801889778829,0.3333333333333333,0.0,0.2222222222222222,0.0,0.1111111111111111,0.2222222222222222,0.1111111111111111,0.1111111111111111,0.0,0.3333333333333333,0.4444444444444444,0.0,0.0,0.1111111111111111,0.3333333333333333,0.1111111111111111,0.0,0.1111111111111111,0.2222222222222222,0.1111111111111111,0.0,0.19689576328472247,-0.0014145253233564094,-0.04392471049765198,-0.005438717709806518,-0.010460841009830182,-0.04943252040812396,0.03465233451561815,0.023091840688672767,0.019686796275950148,0.05948863965632819,-0.026843099328018555,0.02770801473448185,0.014676664649410448,-0.037290831448863304,-0.028581755404743964,-0.00503378854669997,0.03263670030894063,0.014416292303070042,0.009252284732038235,-0.00037473765540413064,0.022224184210659602,0.012310454520969991,-0.02464850867122597,-0.008096330648205514,0.0006249886812822081,0.013332026353899353,-0.006999578866017641,-0.005137612813794806,0.006124586493965699,0.005616673834712007,-6.033333333333333,-9.0,-2.02172622729037,9
2024-07-06,3,-0.10039999999999998,-0.9136,0.7679382266823289,0.3333333333333333,0.02829406559261431,0.004880450855612675,0.004321600647320608,0.006546765235941006,-0.6230042359074618,0.6666666666666666,0.0,0.6666666666666666,0.0,0.3333333333333333,0.3333333333333333,0.0,0.0,0.3333333333333333,0.3333333333333333,0.0,0.0,0.0,0.0,0.3333333333333333,0.0,0.3333333333333333,0.0,0.0,0.3333333333333333,0.0,0.19756968834104807,0.044892235634930285,0.0658658213087925,0.008305245863093008,0.06868904055293136,-0.016969512755345258,-0.019621971447642314,0.013599252647310073,0.04211838807602716,-0.0210370189904644,0.03896058192214504,0.011207460442522773,-0.015685304281819207,0.04442349819713298,-0.0069243558949442586,-0.005213717695421452,-0.005152221514337609,0.004565148811964047,0.001888800339118829,0.011376426347414259,-0.007730854425241334,0.01056079364638086,0.005347418841907442,-0.010853200263554843,0.028485263482494944,0.009314564163645444,-0.05797303270582574,-0.0045950089397732985,-0.016753495466411267,-0.03880273494586858,-7.733333333333333,-9.0,-4.55700181229698,3
2024-07-07,2,0.0,0.0,0.0,0.0,0.037520203186331105,0.002560819462227913,0.006402048655569782,0.005121638924455826,-0.7149122807017544,0.5,0.0,0.0,0.0,0.5,0.5,0.0,0.0,0.0,1.0,0.5,0.0,0.0,0.0,1.0,0.0,0.0,0.0,0.0,0.0,0.0,0.14085834100280414,0.06348046402563977,-0.010834542940702997,0.02296601800410513,-0.06484653298387638,0.013345842766884898,-0.014147248190618404,0.012251337012162869,0.011466007810509254,-0.02522898192632002,0.011631557784621147,0.003391516671335658,0.010740271825994963,-0.00532510576755495,0.017550407767464804,-0.03157070964017095,-0.015900541781291796,0.0018659724835417175,-0.000907865066611867,-0.019846355251086065,-0.024421175726978522,0.016902941989615897,0.0020028236546396736,0.02357002716976994,0.01733893384792576,0.0005115486409768477,-0.027368923657895766,0.004826326492217102,-0.008643610118608291,0.03491086183111038,-5.7,-7.0,-9.29166666666665,2
2024-07-29,4,-0.708125,-0.802,0.07720580181134921,1.0,0.056426182608144325,0.0019478132490152599,0.005908654997655909,0.033309657023910165,-0.8838577097505669,0.5,0.0,0.0,0.0,0.0,0.0,0.0,0.0,0.0,0.5,0.0,0.0,0.0,0.0,0.25,0.0,0.0,0.0,0.5,0.25,0.0,0.21077355932713487,-0.09984995409807167,0.012726452455197997,0.0558009645493142,0.0331567031695917,-0.03898540861528779,0.000789527300288374,-0.038058927423674074,-0.003519896378642545,0.030971736105266434,-0.02272117843949217,0.0009678947848492797,0.023488993639751984,-0.038988985761340834,-0.01863808386687902,-0.015070736128437422,0.04001277699897583,0.03730847737848949,0.027419692666830486,-0.003103939253320618,0.0013141824557436378,0.017839150690428636,-0.015498704643250111,0.009779298475586371,-0.007590455261687523,-0.005700764209447089,0.010537766856185262,0.007490644165262602,-0.00425174705480084,0.006218983232583861,-5.85,-9.0,-8.472985090656902,4
2024-07-30,6,-0.3532666666666667,-0.5994,0.2468236752555691,0.8333333333333334,0.03027315487315814,0.003952882466263181,0.006633207466883335,0.01900104554035188,-0.7161951276236991,0.8333333333333334,0.0,0.16666666666666666,0.0,0.0,0.0,0.3333333333333333,0.16666666666666666,0.0,0.6666666666666666,0.16666666666666666,0.16666666666666666,0.0,0.0,0.0,0.0,0.0,0.3333333333333333,0.6666666666666666,0.0,0.0,0.21926529142399842,-0.03864172018885916,0.006226320734037231,0.03623911173699832,0.018631770706086792,0.010104829604606536,0.03201304722599776,-0.0037397882348081304,-0.052063514862781296,-0.0024300874568836104,-0.007790439349495824,0.01495737374094751,0.002618009129884462,-0.0063648360766878674,0.01591755637721443,0.00015360154398211026,-0.015898017663687394,-0.004631552171467716,0.016749024847993642,0.009600533580805246,0.024691795543647376,-0.009075563887524596,0.004114261122034463,0.02382789298519646,0.006419131681892052,0.007793971974776135,0.005838701520391461,-0.012442625933101458,0.030518907671792033,0.011629157988520744,-5.333333333333333,-8.0,-4.76990620153693,6
2024-07-31,6,-0.46,-0.7717,0.252472042016537,0.8333333333333334,0.04113567691707417,0.0068938699342246225,0.007700040554730204,0.03223831561672686,-0.6111603900819587,0.3333333333333333,0.0,0.0,0.0,0.0,0.0,0.0,0.0,0.0,0.0,0.16666666666666666,0.16666666666666666,0.0,0.0,0.0,0.16666666666666666,0.0,0.0,0.6666666666666666,0.16666666666666666,0.0,0.1456931569649752,-0.10119520739749549,0.026351685667165014,0.026517455655906616,0.02586517349564575,0.04752927352845068,-0.027267196474966546,0.032562666146473664,0.009523177502151236,-0.00522235279624932,-0.04686621176102984,0.029602454582050578,0.040347208906103264,0.03144446558112337,0.02381391526208033,0.010985293039289362,-0.03071896658410524,-0.033138845851766525,0.0003077787268808696,-0.03315289460729712,0.0532266619445583,0.014028711126346039,0.028244278421717593,-0.04509442064958785,-0.016783673314614847,0.030697112653004028,-0.023443226561069456,0.016222540093111044,0.012246912854844416,-0.006944338091319857,-5.916666666666667,-9.0,-7.481925262268423,6
2024-08-01,16,-0.1711625,-0.836,0.4260362893385178,0.5,0.032720595375410014,0.0058430604445358246,0.0044045834477907725,0.010569937006271127,-0.6323724948737761,0.6875,0.0,0.0625,0.0,0.3125,0.1875,0.375,0.0,0.0,0.5625,0.25,0.0625,0.0,0.125,0.125,0.0,0.0,0.0,0.625,0.125,0.0,0.21272965106027134,0.0011394535215969396,0.01488784184048731,0.017139933127875723,-0.010200588666187092,0.010927341529804856,0.021719410077547165,-0.006061019710026848,-0.010143137019840327,-0.004891050644189527,-0.025745098740667785,-0.010571835077437659,0.00494647526499555,0.03674968443859982,0.012932028403517088,0.00730978163814176,-0.019761171050745308,-0.04496028664327788,-0.002021328538089805,-0.0026683641827509015,0.023240347979242966,0.014455485822987455,0.003637970063569457,0.00024493559815012443,0.02914627776095454,0.011838908318390452,0.03651047751202235,0.00760115273653485,-0.021447682032587737,0.022006395642625177,-5.65,-10.0,-4.711368269230988,16
2024-08-02,8,-0.1101125,-0.8519,0.41533063743583515,0.375,0.030445564040107894,0.004035335540158691,0.0046739616294864585,0.00411807991585333,-0.6423611111111112,0.875,0.0,0.375,0.0,0.5,0.25,0.125,0.125,0.0,0.5,0.25,0.0,0.0,0.0,0.125,0.125,0.125,0.0,0.5,0.125,0.0,0.17937102901778376,0.03111875264583574,0.0018538394613616047,0.028884028710805365,0.001150688907686873,0.03413779540036908,0.018574777225182894,0.05623334590448105,0.03998531838870559,0.013208512409723702,0.0018807426253834602,-0.018750191882472067,0.007680779359827801,0.07372825991759756,0.02211389181019871,-0.0014956964633855469,-0.034603642775281815,-0.022387869256821416,-0.010408628252247634,0.013448475501563497,0.010938610744398277,0.00786491190339482,0.0043599328931533884,0.0009677215183094313,0.005567614815871512,0.025327722994681987,0.028896563655314667,-0.013911876511278842,-0.023275277642891775,0.01261746111487886,-5.8875,-9.0,-4.77181098231447,8
2024-08-03,3,-0.6195666666666667,-0.891,0.25626401099907364,1.0,0.029520496674885672,0.007973939239349881,0.005180643149964407,0.0032588454376163874,-0.2493734335839599,0.6666666666666666,0.0,0.0,0.0,0.3333333333333333,0.3333333333333333,0.0,0.0,0.0,0.3333333333333333,0.0,0.3333333333333333,0.0,0.3333333333333333,0.0,0.0,0.0,0.0,0.6666666666666666,0.0,0.0,0.15099697637264062,0.038246009950321284,-0.01899978470180326,-0.005773564915252983,0.008224016846886305,-0.012883608733306106,-0.04500453848863872,0.03549275412804519,-0.00044829289757305005,-0.03760407560720883,-0.02880262054934324,0.01930306578652906,0.04394058711447026,0.028490813666329967,-0.01778921647980752,0.04314115926776563,0.03010658156443204,-0.0819878624436392,-0.025817734818906177,-0.01092420736965151,0.1468073062222872,0.09605896799706504,0.08574259923618506,-0.0644906161788982,0.009369354642031839,0.005672659007305167,-0.03294920874426743,0.01583020315449769,0.0011383413967987546,0.03122316478772512,-6.3999999999999995,-9.2,-3.3448421068803964,3
2024-08-04,5,-0.21383999999999997,-0.8402,0.7085942301486796,0.6,0.03238828200784723,0.0033152386094664954,0.0038918328048762837,0.0058901661806459405,-0.7345257092198582,0.6,0.0,0.0,0.0,0.2,0.2,0.2,0.2,0.0,0.8,0.2,0.0,0.0,0.4,0.2,0.0,0.0,0.0,0.2,0.2,0.0,0.19988920994423745,0.044373991528110196,0.007672027172688939,-0.00298212631791652,-0.03201959747231725,0.05971743274702061,0.03995126843651794,-0.0006932355531607505,-0.003218652540898437,0.04383329055242384,-0.033725925884912036,-0.010503712070185025,0.028479530853550778,-0.01126898286729718,0.009677897511927203,-0.008171229736589606,-0.006093944060885239,-0.002201756668320877,0.003798539554437963,-0.01077610365839625,5.1514961048581416e-05,0.023311297882301813,0.013837344296683896,0.01571485774180254,-0.025933768200504685,0.0025934510281960125,0.012880069044362046,0.008776949146703268,0.008035560161642748,0.0208621438436124,-6.5200000000000005,-9.2,-5.0816680586327525,5
2024-08-26,4,-0.348125,-0.7351,0.446359245264768,0.75,0.04614955484483181,0.004853560665872319,0.005829599004127508,0.012164705012072757,-0.7083806818181818,0.25,0.0,0.0,0.0,0.5,0.25,0.0,0.0,0.0,0.25,0.0,0.0,0.0,0.0,0.25,0.0,0.0,0.0,0.5,0.25,0.0,0.1954926601432102,-0.03708463122262238,0.11062422368342811,-0.024060394968344195,0.0072526237990224954,-0.005013375362059027,-0.00036924142748725704,-0.0044948077158071705,0.03590936715766645,0.026006505766126647,-0.007811096631111876,-0.01161960822711345,0.031681125738882945,-0.011869115505684712,-0.007647044930195631,0.02718282534078361,-0.020174661714074213,0.05429442850415727,-0.034464470938609035,0.015540838780131995,0.005363253782680625,0.008942636648071182,0.013957886185968084,0.015572011766318112,-0.016059127332708784,-0.006183650460526071,0.013029949559088268,-0.005314659611123037,0.0024759678585836043,-0.0019260696956999931,-5.85,-9.0,-5.88999347570674,4
2024-08-27,8,-0.27349999999999997,-0.8658,0.3300476502394335,0.75,0.03250096957602615,0.004610860912496356,0.004623141855189293,0.006611596265820141,-0.6670059655257023,0.5,0.125,0.375,0.0,0.125,0.125,0.125,0.125,0.0,0.125,0.25,0.0,0.0,0.125,0.25,0.0,0.125,0.125,0.375,0.0,0.0,0.20403906026951396,0.003421607171818915,0.003629701541832979,-0.05659767874591534,0.05414364081946352,0.02125753115452795,0.00426043959584594,-0.024574034174268025,0.0020550437990293187,0.017124033110909327,0.025108404948104627,0.009616586896159763,0.03482245680390277,-0.0036647787007002067,0.009673733022583359,-0.008679152291198795,0.015222579822445553,0.014902592359881868,-0.008276630806287585,-0.018032604357482877,-0.0027779265458344245,0.010521425442331905,0.03238878009780832,-0.00038408645843587656,-0.0029922229160652142,0.007984515459360828,0.02328295494530917,0.0017633964891346954,0.012609843777094188,-0.011382235942090105,-5.325,-7.2,-4.047435704295726,8
2024-08-28,8,-0.2161625,-0.7506,0.31567802737011286,0.375,0.035731653220059875,0.007595053838136576,0.006700811715479611,0.01928875348196748,-0.6387786863838094,0.5,0.0,0.0,0.0,0.0,0.0,0.0,0.0,0.0,0.375,0.25,0.0,0.0,0.125,0.0,0.0,0.0,0.0,0.875,0.0,0.0,0.1785247798352709,-0.045508643723767304,-0.02184071073704994,0.04679518952119156,0.0020020100804978083,-0.013502099889496083,0.00020362264901708366,0.008646421134162745,-0.013735054950012381,-0.008023566026886739,-0.014939984416268388,0.010321346874660499,-0.0015354035641546079,0.01668967852359295,0.027045496892940037,-0.020667776392274188,-0.0026011004494689966,0.01320322398331814,0.00920325402742815,-0.0029870780851687776,-0.00533571416879021,0.00628694356016375,0.0030911662847980777,-0.02087311333137941,-0.01422247727736726,-0.006979396990906777,0.004184627088758646,-0.01556580924191692,0.01323367403540618,0.018190256065989004,-5.525,-9.2,-4.249718338689148,8
2024-08-29,11,-0.12241818181818181,-0.8126,0.3633320432281794,0.2727272727272727,0.0442740131832997,0.004844439060105851,0.003431799608903972,0.01708186721770226,-0.5389118562448406,0.36363636363636365,0.0,0.09090909090909091,0.0,0.18181818181818182,0.18181818181818182,0.0,0.09090909090909091,0.0,0.18181818181818182,0.0,0.18181818181818182,0.0,0.0,0.18181818181818182,0.0,0.09090909090909091,0.18181818181818182,0.5454545454545454,0.0,0.0,0.15901087003187006,-0.017933412347500136,0.03976039548666666,0.02377153308184439,0.03789169569928183,0.01638216216508145,-0.039751811517889875,0.02001620323122476,-0.015588163367374954,0.005264129421843826,-0.0341080620894903,0.022527710069574724,0.011713004604631892,0.01616485148827671,0.020074595214233958,-0.02135061028136034,-0.029601660851571995,0.021459353975196934,0.009931270744849329,-0.011790249094540047,0.011472653554679165,0.008140254502708687,-0.01094344680922575,0.005673564755396616,-0.023983457516545823,0.026731061817647662,-0.017061081623542175,-0.004643177522689468,0.03307249514840897,-0.0027117848513664796,-5.509090909090909,-8.0,-5.723729061531582,11
2024-08-30,15,-0.4107333333333333,-0.8591,0.3697023661322842,0.7333333333333333,0.043666083670907636,0.0035506592710174176,0.0066794194613906425,0.02037375692527191,-0.7810552769735678,0.4,0.0,0.06666666666666667,0.0,0.13333333333333333,0.06666666666666667,0.06666666666666667,0.06666666666666667,0.0,0.4,0.2,0.0,0.0,0.06666666666666667,0.13333333333333333,0.06666666666666667,0.0,0.0,0.4666666666666667,0.26666666666666666,0.0,0.19861035305542066,-0.051219815865875096,0.02633761541877809,0.012958963523950952,0.013158654425793682,0.011895129756583248,-0.0033328617946850425,-0.0003114729998186604,-0.019240850785389174,0.002881935437234507,-0.001579559739044956,0.019333834728764952,-0.004452439188192641,0.005417171938938731,0.017036315355162823,-0.0037320228728087435,-0.009408130622780647,-0.002921014671899308,-0.006855861868036625,0.02445625477957053,0.004900525280446746,-0.0007114445042180076,-0.0006906411646554891,0.011426298227217462,0.016197079075030454,0.011886562714054858,-0.03232803030504246,0.005457940784069382,-0.030897620026401236,-0.0020643541522104816,-6.086666666666667,-9.0,-6.317824168681181,15
2024-08-31,2,-0.1806,-0.3612,0.25540696936458096,0.5,0.019631765749778173,0.003826530612244898,0.007209405501330967,0.0015527950310559005,-0.375,1.0,0.0,0.0,0.0,0.0,0.0,0.0,0.0,0.0,0.5,0.0,0.0,0.0,0.0,0.5,0.0,0.0,0.0,0.5,0.0,0.0,0.11836633883460163,-0.020997269712857317,0.0033444451334486195,-0.06887600372853189,0.002223586481399642,-0.008863577611624894,-0.03518737587125745,0.03217439816551847,-0.051603804028763606,-0.010583844592068806,0.01806558307703198,0.013911054232177786,0.015586019907169842,0.005036441632459347,0.0067920485348068535,-0.040214538387273235,-0.018272874972539457,-0.042934608702384566,0.013490029940910284,0.02254367589449987,0.003783735936120759,-0.014247054412177572,-0.007784990905229822,0.009404505678891058,-0.0012988582223054873,0.006893215149475044,0.04429540674438761,0.004663536159782395,-0.013459373024477932,0.004563884826100761,-4.7,-5.0,-0.5527210884353797,2
2024-09-01,4,-0.4459,-0.8442,0.3615922012433343,0.75,0.020422338695979227,0.004329396277692849,0.008225418392936458,0.001557533182888064,-0.40484234234234234,0.75,0.0,0.25,0.0,0.25,0.25,0.0,0.0,0.0,0.5,0.25,0.0,0.0,0.25,0.5,0.0,0.0,0.0,0.0,0.25,0.0,0.18386979661817582,0.08963226739022652,-0.02588132047650359,0.026543470469441933,-0.0017997207962981553,0.024983326298714286,0.015314541901868865,0.05493678847054857,0.010204070062898125,-0.017934920397072316,0.03703475086611173,0.01054910847684258,0.013486335071001401,0.007685148680566997,-0.0021189312678873665,-0.014440159158474006,0.00292063540587103,0.003574186537651648,-0.007178192610656138,0.0029094928868188567,-0.005665647596427739,0.0013105975784691451,0.003958456545095698,-0.009743609172100914,0.0011553874973366293,0.012558539220534185,0.001213387191791879,0.0014480627525723395,0.001502117954726235,-0.0014248771686052666,-6.6,-10.0,-3.7310862716725572,4
2024-09-30,4,-0.15332500000000002,-0.5106,0.2430537851999018,0.5,0.048038787553852935,0.00348149869919007,0.004741861676243287,0.007816229896072117,-0.7541705950672952,0.5,0.0,0.0,0.0,0.25,0.25,0.0,0.0,0.0,0.75,0.25,0.0,0.0,0.0,0.25,0.0,0.0,0.0,0.75,0.0,0.0,0.23081940969974768,0.0003384399664480564,0.018482063394742704,-0.003168614622867185,-0.014454768722363162,0.011978536809385223,-0.006271722147692467,-0.01688157308179634,0.05474203778129176,-0.0013816408389479813,-0.04766869843915604,0.033074623556251515,-0.010964569974673771,0.007872475842310442,0.01942713222576096,-0.043705812895916595,-0.014168893397003246,-0.003557642603458532,-0.010562697140833228,0.024157635057534297,-0.009117557916752183,0.0028252702744177675,0.008695597819986037,0.017379013931492868,0.03830373513210675,0.00036191763304114014,-0.020717623106360133,0.016247856405707528,-0.027294803573558225,0.005693843233418934,-6.949999999999999,-9.2,-6.92224850627899,4
2024-10-01,10,-0.029599999999999998,-0.296,0.1266624560703675,0.3,0.0360898755487782,0.0037323536469007538,0.005093603161700808,0.011500308327978354,-0.7592246632568378,0.8,0.0,0.3,0.1,0.3,0.3,0.5,0.1,0.1,0.8,0.1,0.1,0.1,0.0,0.3,0.0,0.2,0.0,0.4,0.1,0.0,0.2431301298945689,0.07535618408629782,0.01099399038311707,-0.01416133548256705,0.03282136780245463,-0.002707653881946056,0.047597115550149297,-0.023881144595128037,-0.07830276652201641,-0.008231996393265181,-0.00818024531208081,0.016960080259589245,0.016724600369365926,-0.025308930540024505,0.013710868187731418,0.0204794853720065,0.002525884058309639,0.00522218996191811,-0.004827957179576041,-0.0009941172433246665,0.012086061533163352,0.0012371892357463804,-0.010936102322690652,0.009269212473006907,0.012333757328506768,-0.007450664904024851,0.01837260670136202,-0.005128588590823437,0.012565176358270074,0.028879665681773227,-6.279999999999999,-10.0,-4.824677749687015,10
2024-10-02,15,-0.10045333333333334,-0.8316,0.4080648335509351,0.4,0.03373115450615908,0.0053046643186254175,0.004354842703038385,0.014002634127245143,-0.6293172944546203,0.4,0.0,0.13333333333333333,0.0,0.13333333333333333,0.06666666666666667,0.2,0.0,0.0,0.26666666666666666,0.26666666666666666,0.06666666666666667,0.0,0.26666666666666666,0.13333333333333333,0.06666666666666667,0.06666666666666667,0.13333333333333333,0.3333333333333333,0.0,0.0,0.1745186576990225,-0.005166590066141255,-0.007518970337395495,-0.018487739240267313,0.013666747315572481,0.01891537715919036,-0.01036310685807721,0.0005242018024910796,-0.04819929290179854,0.01269082679362028,-0.01368237872906576,-0.006331543886869133,0.008346274540059524,-0.0018003708466949714,-0.017552176140283135,-0.013734125303661322,-0.00101100529512689,0.0065196734133326755,0.012316977966306587,0.008663717529143583,0.01463535075093018,0.0027031979249230033,-0.006170554551839492,0.006344098800008284,0.004266981260318032,-0.0004848949889498244,0.015973142718772013,-0.005342624466025717,0.021447631651355627,0.013201356223257823,-5.206666666666666,-7.2,-3.7195746041984394,15
2024-10-03,9,-0.15475555555555556,-0.7269,0.4146102962756446,0.5555555555555556,0.026472434114106203,0.004889286861854887,0.006867737111797986,0.009234811287744043,-0.5698253763176244,0.4444444444444444,0.0,0.1111111111111111,0.0,0.1111111111111111,0.1111111111111111,0.1111111111111111,0.1111111111111111,0.0,0.3333333333333333,0.3333333333333333,0.1111111111111111,0.0,0.0,0.1111111111111111,0.0,0.1111111111111111,0.2222222222222222,0.5555555555555556,0.0,0.0,0.15913115789930166,-0.010303281697930291,-0.01810275113754322,0.024092234126507114,-0.017815970769468573,0.018287345922809586,-0.007031832393703536,0.050526899093777264,0.004350978781836294,0.015164735049592723,-0.0031765445850200306,0.005841635970677372,-0.00235022098597296,0.007255702092716167,0.00011527141418485976,0.002692918617841777,-0.01347772376781801,0.008364671770068161,-0.001120416657596247,0.006343606693674072,0.00039801647011162157,-0.014317332235853651,0.005054034151371699,0.002768285959186548,-0.0017197265748187297,0.025974827965440022,0.011477549047947823,-0.013088338606807673,0.0018231338591382573,0.013059061642175912,-4.955555555555556,-7.2,-3.854776633001265,9
2024-10-04,7,0.05795714285714285,-0.5423,0.35586395741979293,0.14285714285714285,0.03858828340302862,0.003306486429940319,0.0046607327571825735,0.02099028333979112,-0.6755544708255574,0.42857142857142855,0.0,0.14285714285714285,0.0,0.14285714285714285,0.0,0.0,0.14285714285714285,0.0,0.2857142857142857,0.14285714285714285,0.14285714285714285,0.0,0.0,0.0,0.0,0.0,0.14285714285714285,0.7142857142857143,0.14285714285714285,0.0,0.18270466445032493,-0.04588838678496949,-0.011077388160559887,-0.010062383533290569,0.011877561782315426,-0.007129951428811286,-0.017751320028424635,-0.01850028493392904,0.014129591021183937,-0.02037397334774289,0.013391470182016835,0.0019001689950698358,0.017218311664794813,0.02504010500596641,-0.00319041196734306,0.013620832444223002,-0.006190351515430905,0.006118827506056974,-0.004765770435547837,0.01146724692540577,-0.004312194616637095,-0.001214348783935993,-0.004640111225375915,0.03222743874042559,0.040276962238720196,0.02031260382447107,0.01527271188707637,0.01709899766014961,0.006102095609907055,0.02330983026618085,-6.0,-10.0,-6.115843392306495,7
2024-10-05,1,-0.5574,-0.5574,0.0,1.0,0.026168224299065422,0.003738317757009346,0.004361370716510903,0.009968847352024923,-0.7346938775510204,0.0,0.0,1.0,0.0,0.0,0.0,0.0,0.0,0.0,0.0,1.0,0.0,0.0,0.0,0.0,0.0,0.0,0.0,1.0,0.0,0.0,0.27483530575926834,0.037368836245175924,-0.09422504195086225,-0.06732653666962884,0.04705176733238396,-0.0679076643399978,-0.00430818613741265,-0.11150032755408587,0.10205111059720653,0.03697046601944034,-0.04464462259726478,-0.07109723483883232,0.025155404678506313,-0.014368581757999334,-0.027689314319091076,0.027022633673047153,0.017977299576032457,0.0882670461892673,0.08590011837732453,-0.03071288849218012,0.07071202601922859,-0.03117189044688197,-0.06159816927475249,0.0377178844944743,-0.09290387068110412,-0.024751101575925267,0.0015442107464668361,0.04619666987410886,-0.02375422116274453,0.036768745757332494,-5.0,-5.0,-3.50218886804253,1
2024-10-06,4,-0.387575,-0.7269,0.2981677086808697,0.75,0.042842942564656955,0.0017789982934870853,0.002680302201898703,0.01693082409662508,-0.8456083390293916,1.0,0.0,0.0,0.0,0.0,0.0,0.25,0.0,0.0,0.5,0.5,0.0,0.0,0.0,0.25,0.25,0.0,0.0,0.25,0.25,0.0,0.229064006781459,-0.08049782405635489,-0.007527091322000074,0.0079396334755241,-0.017224473587941293,0.08460756813056304,0.017953106645644232,0.004707602428076812,-0.026237709911358674,-0.0298573711108372,-0.010569582401040806,-0.040923331100956487,-0.015381250731789496,0.0008622119628404687,-0.012951210176011162,-0.009838878730265514,-0.0427702395427974,0.04204557754734024,0.0014522291701011942,-0.0033941245972190334,-0.008513632982847906,0.027862788118426456,0.006650812257948868,-2.2238011239076455e-06,-0.008306620504543923,0.018328243873933003,0.018727378868889574,0.0060652638223359385,0.01075578494263828,0.0435863910878622,-6.225,-9.0,-6.691810938191675,4
2024-10-28,9,-0.13119999999999998,-0.7906,0.5521237700914533,0.5555555555555556,0.034178747413528464,0.006792745307130757,0.006385724845401548,0.01562212664778767,-0.5686867321440019,0.2222222222222222,0.0,0.1111111111111111,0.0,0.2222222222222222,0.2222222222222222,0.0,0.0,0.0,0.2222222222222222,0.2222222222222222,0.0,0.0,0.1111111111111111,0.2222222222222222,0.1111111111111111,0.0,0.2222222222222222,0.3333333333333333,0.0,0.0,0.1784389199274655,0.0194967599578114,-0.020984195450280577,-0.007745348809932694,0.013593866676001815,-0.03087469312538525,-0.010939958893437761,0.01067259587872818,0.004358305747343383,0.021094098034792945,-0.03265256028898749,-0.007442299746877605,-0.004448010934878465,-0.011081204761279507,0.01704473004641312,0.00240942091806465,-0.010850547459793726,-0.0018007181408359022,0.001059853581666605,0.0010120826936344347,0.017301051103107094,-0.009953388867983495,0.002561320692694159,0.00786492175790883,0.0017848282737869844,-0.015420467085720393,-0.012884620408334827,-0.00870829568464484,-0.008777626011716166,0.02521768506514986,-5.1,-7.0,-3.5647224055117426,9
2024-10-29,3,-0.2647333333333333,-0.7579,0.626640346078461,0.6666666666666666,0.039836190901984425,0.0035163511144700437,0.005609690855592496,0.01752476026198173,-0.6222222222222222,0.3333333333333333,0.0,0.0,0.0,0.0,0.0,0.0,0.0,0.0,0.0,0.3333333333333333,0.0,0.0,0.0,0.6666666666666666,0.3333333333333333,0.0,0.0,0.0,0.0,0.0,0.16416489869316017,-0.025847361062487556,-0.043306572796270405,0.013347739148297538,-0.02435636914226022,0.03535758801051309,0.02506819509721044,0.0290380590161073,0.024254114643813596,-0.004812647411996897,0.004436195854035092,-0.014051635722643613,0.030410486527842475,-0.016571165106066255,0.00032625053525891433,-0.01040358597459636,-0.013701972055426384,-0.008820846457132632,-0.021857476756244065,0.00897920730977133,0.02418449648836225,-0.017722182445269654,0.016305349293573548,0.026735518562160204,-0.00700774588663753,0.0009418728184750423,0.0020540340543715473,0.010317680506634038,0.0004348545175339215,0.005610321938166904,-5.1000000000000005,-6.5,-4.077359200992777,3
2024-10-30,12,-0.14022500000000002,-0.8316,0.4936175315970858,0.5,0.028998853417327813,0.005179502464204881,0.004521305697620759,0.013478630405582821,-0.6092380613543992,0.75,0.0,0.5,0.0,0.5,0.4166666666666667,0.08333333333333333,0.08333333333333333,0.08333333333333333,0.75,0.25,0.0,0.0,0.0,0.16666666666666666,0.0,0.08333333333333333,0.0,0.5,0.25,0.0,0.2327285941570678,0.038241346856492296,0.008296783324644784,0.017826721734133452,-0.00780921224849167,-0.003346029746910026,-0.004447204578626236,0.0067930751211725884,0.0014139584305042365,-0.014513597535337491,0.01817692893309276,-0.01219292578836268,0.03941450294880532,5.2305432777483583e-05,-0.015508230407434051,-0.015217993324716338,-0.0023973025181655626,0.010875675240506194,0.008551367555849268,-0.009976952886999681,0.015163401275861214,0.014977097578184958,-0.0021857009734723323,-0.009343234062779484,0.008134048602987796,-0.004062500878556864,0.006356991784798589,-0.009041591016552412,-0.012848289493525475,0.01909973455452975,-6.083333333333333,-9.0,-3.891916109597512,12
2024-10-31,13,-0.41313076923076925,-0.9393,0.37681803164705235,0.7692307692307693,0.03827683806013333,0.005661351721427953,0.004360333546665837,0.010801493217345927,-0.6624451177621958,0.6153846153846154,0.0,0.07692307692307693,0.0,0.0,0.0,0.0,0.0,0.0,0.15384615384615385,0.23076923076923078,0.15384615384615385,0.0,0.0,0.15384615384615385,0.0,0.0,0.07692307692307693,0.6153846153846154,0.15384615384615385,0.0,0.19044950197258628,-0.04890412499989358,-0.031199403857883414,-0.006281921467917822,-0.01061994554828986,-0.019740146886028074,-0.0009573968983135409,-0.010128576196291678,0.021045553255728062,0.002162031249477449,-0.0005241797361778285,0.01979625131749972,0.0024171229078655365,-0.010658933929952994,-0.0015233878000749032,0.01339066256922126,-0.006187095609319506,0.01632745819122628,-0.003664138363149441,-0.0031666310416773153,0.010192807787821216,-0.0007023867124327619,0.003151411562846328,0.012416626665046669,-0.0013686506923304364,0.002092267518590661,-0.004730944881291308,0.014455566837566226,0.018209677521725108,0.0023239388515195396,-6.115384615384615,-9.5,-4.513174416872766,13
2024-11-01,7,0.13464285714285712,-0.4767,0.4629774647400701,0.2857142857142857,0.02677806697927038,0.009651422556352643,0.005126178521864503,0.014435169029447583,-0.5010587238848109,1.0,0.0,0.0,0.0,0.14285714285714285,0.14285714285714285,0.0,0.0,0.0,0.14285714285714285,0.42857142857142855,0.0,0.0,0.0,0.14285714285714285,0.42857142857142855,0.0,0.0,0.42857142857142855,0.0,0.0,0.19523166366958059,-0.005860710727773922,-0.05399273203432161,0.02733816708160943,0.0006265816528661818,0.01993155939855427,-0.017133554388674647,0.038738534161576126,0.0017753842144220301,-0.010199416778549445,-0.023041874896871425,-0.028807209866190144,-0.01400081281354595,0.04133388737434769,0.012640988746727925,0.011580062002543582,-0.025988618864200064,-0.009949901014324216,-0.002955591732564138,-0.003880917793645643,0.020982124628749245,0.01612452953249117,0.004261536536283561,-0.024193377677164164,-0.012552925592481983,0.011893556307935791,0.01593671977490828,-0.00943267721160247,-0.004146798983589517,0.028820205981441905,-6.528571428571429,-9.2,-2.3134024997276597,7
2024-11-02,6,-0.17548333333333335,-0.7506,0.38129698879832064,0.3333333333333333,0.030311845386678138,0.005469517179111473,0.00841904184877515,0.014779428164685101,-0.6377435819213719,0.5,0.0,0.3333333333333333,0.0,0.3333333333333333,0.16666666666666666,0.16666666666666666,0.5,0.16666666666666666,0.3333333333333333,0.3333333333333333,0.0,0.0,0.0,0.16666666666666666,0.0,0.0,0.5,0.16666666666666666,0.16666666666666666,0.0,0.2159869426185436,0.026444394110198135,-0.040527423148277085,0.03218756084598032,0.030357499785623326,0.0004436002046583019,-0.01578549252841909,0.012638268444524906,-0.02144466267995662,0.014257850289676072,0.023782203296786496,0.004804511100991495,-0.011683809219343562,-0.00915832554485064,0.030565026615362114,0.014814094843947178,0.01109919570281888,0.003495268746656753,-0.011630454481425592,0.013617284027204005,0.005392625194206059,-0.005107308745292356,-0.009238695899850458,-0.01555528481497547,-0.023422233406203096,-0.011028739448868103,-0.00650212901638578,0.007855122961592298,-0.04067679584447331,-0.001790721837347529,-5.966666666666666,-9.0,-5.049970285864147,6
2024-11-03,5,-0.34802,-0.7003,0.330931642488294,0.6,0.032970225257856776,0.0031049982340981305,0.007242162124513979,0.01092379856500145,-0.7430860805860806,0.6,0.0,0.2,0.0,0.2,0.2,0.0,0.2,0.0,0.2,0.2,0.0,0.0,0.0,0.2,0.0,0.0,0.0,0.8,0.0,0.0,0.20849946061100746,-0.022264505329451754,0.060974585912033794,-0.013695669921111958,-0.017820119951818737,0.008460380169477585,-0.021992544277554576,0.011329643185578301,-0.0038772580039067527,0.002214242771729699,0.010124579673957223,-0.009784249582934543,0.027791776316561913,-0.03758497406922945,0.0206233999125114,0.0092486701118437,-0.00418479659984969,0.021996977920297645,-0.0020519178555194013,-0.010985503756989845,0.002552751511557558,0.002437006574038386,0.012434109470130097,-0.0048925140269464665,0.01400865938677458,0.007063871352376958,0.0167909774425501,-0.011274524433226527,-0.0026038468723602083,-0.021666373805756745,-4.88,-5.0,-5.08638580571421,5
2024-11-04,5,0.013119999999999998,-0.4767,0.3607185564952266,0.2,0.032865210370595546,0.007379802207046109,0.006144685900783461,0.004739521918491201,-0.5762350517213217,0.8,0.0,0.2,0.0,0.2,0.2,0.0,0.0,0.0,0.4,0.6,0.0,0.0,0.0,0.2,0.4,0.2,0.2,0.0,0.0,0.0,0.2178988553046329,0.005585671845244866,-0.04751005279485686,0.020722172068410618,-0.018796653665062626,0.11772271210089288,-0.01136794680680248,0.0791051868524159,0.013688347506766285,-0.012546121767319295,0.04656360269591319,-0.017671442384630285,0.023993552894732807,0.0004422739564342165,-0.017270789044546958,-0.03723241441821286,0.015032684968744561,0.015802326280312806,0.01942806657857899,-0.015069302557426686,0.020600305755303836,-0.008240605343517924,0.026923815088749924,-0.004944191419901768,-0.010682707209888164,0.03717961523161059,0.01408810177330031,-0.006172499653983664,0.013598322542204075,0.030752495650859905,-5.720000000000001,-7.2,-2.5024905314237738,5
2024-11-05,4,-0.2841,-0.6597,0.33644996656263765,0.5,0.012886661048929,0.006807946184431152,0.00929512424534368,0.003427862648700777,-0.26842948717948717,1.0,0.0,0.5,0.25,0.5,0.5,0.5,0.25,0.25,0.5,1.0,0.5,0.25,0.0,0.0,0.75,0.25,0.0,0.0,0.0,0.0,0.27571742254325954,0.06405204001755851,-0.092812128876226,0.031119986167401054,-0.010184414235388614,0.08497361481725421,-0.023709858734469364,0.10043843355689265,0.0012332525962996492,-0.010326797492008235,0.01046472413137922,0.0038825883715065774,0.005142431467856008,0.01678259616715807,-0.03285120316507361,-0.005355683607713602,0.005805668550118449,0.018725791247290992,0.025126799715818278,-0.0009564861519073997,0.018503387182958807,-0.017292261952215567,0.012022130726346376,0.002899547714737642,0.04442333858670201,0.03775033569400645,0.019121401704937903,-0.030226637408464596,0.029836478431547114,-0.00718348126499917,-6.675,-7.2,-1.7303163897371026,4
2024-11-06,14,-0.34327142857142856,-0.9601,0.44930365169734754,0.7142857142857143,0.030036365337685746,0.005135289990222345,0.007172767532140868,0.013963730765434095,-0.49162364108322754,0.5714285714285714,0.0,0.07142857142857142,0.0,0.14285714285714285,0.14285714285714285,0.0,0.0,0.07142857142857142,0.21428571428571427,0.7142857142857143,0.07142857142857142,0.0,0.14285714285714285,0.14285714285714285,0.0,0.07142857142857142,0.21428571428571427,0.2857142857142857,0.14285714285714285,0.0,0.1745906568475589,-0.04571609586090386,-0.03154342199435818,0.031083548570867165,-0.009202175193138123,0.08304377657893694,-0.045067012135902536,0.04551525327066446,0.011718315719791119,0.02838422049187642,-0.0017274811238809818,-0.010437849536709216,-0.01217850430482419,-0.03314034273422848,-0.01591472120411782,-0.01037413819732003,0.0277739522858746,-0.0031959439895846986,0.02810484835120854,-0.0021289490890211205,0.0200230928413326,-0.010996691808294962,0.013768269567049627,0.018046425477762248,0.009838117632283283,0.030243086777988586,-0.0019455878073544885,-0.05657372318794868,0.015483713647880136,0.005886157159859112,-5.785714285714286,-10.0,-4.263531520980859,14
2024-11-07,10,-0.05195000000000001,-0.6908,0.36349932064738594,0.3,0.05191756502755514,0.00892800887632529,0.007136391755769959,0.028260504147481873,-0.5750928952816825,0.5,0.0,0.4,0.0,0.2,0.1,0.1,0.1,0.1,0.4,0.3,0.0,0.0,0.2,0.1,0.0,0.0,0.0,0.7,0.0,0.0,0.19329811908131941,-0.028656638994751803,-0.012417656326520395,0.05038943513873382,0.027154297742233508,0.0037194222805608953,0.013614504108435533,0.03754038298054947,-0.006680984756452776,-0.004603580836006746,0.00091685327454796,0.009769974787660987,0.021026833996948865,0.007049482482019714,-0.021394975626974518,0.023301921268999503,0.0036095825966885237,-0.003666979305020179,-0.0009037177184950809,-0.008753187356875962,0.0038363623358701818,0.020425718530946345,0.001270027615594234,0.004071967461451774,0.0048962891286502795,0.006812336778689221,0.00943550887510943,0.03243215130927023,0.005282402686968021,0.0018054347558672864,-4.9399999999999995,-5.0,-6.158206595323193,10
2024-11-08,12,-0.2357,-0.9246,0.5157257534070533,0.4166666666666667,0.03192293176664227,0.003932899890143265,0.005866613339390328,0.007806553601423564,-0.6378727753727754,0.5,0.08333333333333333,0.16666666666666666,0.0,0.0,0.0,0.08333333333333333,0.0,0.08333333333333333,0.25,0.16666666666666666,0.0,0.0,0.0,0.16666666666666666,0.0,0.0,0.08333333333333333,0.5,0.25,0.0,0.16239887523175986,-0.04719644041154708,0.002832863271630607,-0.019448606020469286,0.012618837907405638,-0.006304640873791924,0.0008788358239038818,0.024945747555675555,-0.02084111983909896,-0.009115740361274896,0.019809673382925382,-0.006621962679629063,-0.018321738710214516,0.0084467752136904,-0.0009529564571418946,0.013706362380657805,0.0023306493353773806,-0.029252110068489157,0.016405495576530146,0.003309554650655107,0.013845601920913213,0.0016919663648616,-0.023459564928777796,0.016185072668042498,0.00527619824430731,0.04004741103202255,-0.005540322524862663,0.003627771259327953,0.01200469236107265,0.0027824013337081886,-6.55,-10.0,-4.560609764077153,12
2024-11-09,3,-0.3509666666666667,-0.5423,0.3043590368846198,0.6666666666666666,0.017005348966305043,0.010221862843562255,0.005955845625473958,0.0024379991593106347,-0.22057194971011662,0.6666666666666666,0.0,0.0,0.0,0.6666666666666666,0.6666666666666666,0.0,0.3333333333333333,0.0,0.6666666666666666,0.0,0.6666666666666666,0.0,0.0,0.3333333333333333,0.0,0.0,0.3333333333333333,0.0,0.3333333333333333,0.0,0.21680665234412647,0.13059706198138393,0.08814381689705432,-0.013391956591000453,-0.04683739549047634,-0.029530982516091746,-0.07139130816949026,-0.013136602122509214,-0.024272844356379445,-0.006953878190361483,-0.0006627973241083154,-0.0026417381443332257,-0.020355757845705324,0.004420858682962829,0.00796576298875173,0.009607342982081062,0.020650216591242956,0.024226359135355802,0.002407391809043579,-0.016343091761597303,-0.007516426352335942,0.0013979507733080491,0.06621699624484043,-0.009435607556401453,0.014362064347435874,0.0042673416281335435,0.028277853583625903,-0.020069098112461242,0.02390969011106848,0.007623080066593427,-7.666666666666667,-9.0,-2.010773872137477,3
2024-11-10,5,-0.5891200000000001,-0.9382,0.37659279334581014,0.8,0.044613133691992435,0.002865656802904336,0.004553080610783923,0.024130300747620646,-0.8229544708165397,0.6,0.0,0.2,0.0,0.2,0.0,0.2,0.0,0.0,0.2,0.2,0.0,0.0,0.0,0.0,0.0,0.0,0.0,0.8,0.2,0.0,0.19604184493877924,-0.12794007789583872,0.065648225872125,0.01447077391662302,0.025961769332230163,0.05637086815608232,0.022017005193426704,0.009199082057116753,-0.012512675667590933,-0.007834616658549853,0.013242396248305515,0.021655873910230307,-0.032584999757254436,-0.020674847471974213,0.0011032961728041843,0.04706986319592251,0.009543572747937495,-0.03264675435674712,0.01877524128212682,0.0016508810024322633,0.018392699177553352,-0.011437433877166222,-0.0030087895225101536,0.007941534663619016,0.014988622577831335,0.024172624564587037,0.03607561656256829,0.01691407129784872,0.010094685727712813,-0.01525743018564647,-6.0,-10.0,-7.115983805607354,5
2024-11-25,9,-0.12243333333333334,-0.802,0.5182309210188061,0.4444444444444444,0.03361539959908367,0.0046267998175582685,0.007359387415619569,0.016250914019554898,-0.6909360755585898,0.4444444444444444,0.0,0.0,0.0,0.0,0.0,0.0,0.0,0.0,0.3333333333333333,0.1111111111111111,0.0,0.0,0.1111111111111111,0.2222222222222222,0.0,0.0,0.1111111111111111,0.2222222222222222,0.3333333333333333,0.0,0.17227268110208127,-0.02883333655409736,-0.018207121626688586,-0.00019951457260454343,0.010370118509390153,-0.012293088899142561,-0.013314393989208119,0.009308501744930081,-0.015431777367717784,0.016656791124204276,-0.004756458567298001,0.0002932955793416796,0.007867963646831502,-0.0008720588938985868,-0.01680153107239518,-0.01788999515306893,-0.0037583983581346275,0.009584657114102156,-0.01291134308125682,0.015525224067961495,0.00343820070960276,0.005598974765022183,-0.0009886328012745484,0.008196375877902597,-0.0168829057098102,0.00808947678877483,-0.0015508636523273985,0.008574557384831859,-0.013944126639875466,-0.009393548265587687,-6.088888888888889,-9.0,-4.4087691142722285,9
2024-11-26,9,-0.3063,-0.6249,0.26487058632471827,0.7777777777777778,0.033777880182255554,0.004170724460851116,0.0065357009811477795,0.017879805431819086,-0.7550933309705239,0.5555555555555556,0.0,0.1111111111111111,0.0,0.4444444444444444,0.4444444444444444,0.1111111111111111,0.1111111111111111,0.0,0.4444444444444444,0.1111111111111111,0.1111111111111111,0.0,0.1111111111111111,0.3333333333333333,0.0,0.1111111111111111,0.1111111111111111,0.2222222222222222,0.1111111111111111,0.0,0.19984500566886731,0.07251244862291231,0.057484057068655434,0.00951420708836606,0.007097654016402174,0.02634537771883226,-0.024090791735700754,-0.004016015807357432,-0.02716685503401407,0.0269362486605665,-0.025657222972781803,-0.006865958396789792,0.009323752294063398,-0.024501185513951966,-0.007825906453262262,0.0031673120516596187,0.012046255442362536,0.006056501343725383,0.002304382611223735,-0.000585437627210472,0.016607481434516232,-0.012963419269983137,-0.02554491304620261,0.006327547808631351,0.0016430826372487424,0.02437600123920348,0.004501355083864348,0.013782730989920462,-0.004204049814504533,0.01799401771570854,-5.48888888888889,-10.0,-3.811846950486925,9
2024-11-27,8,-0.20353749999999998,-0.6597,0.4154247187689795,0.625,0.035574892201583386,0.008342113013754843,0.005799937134788203,0.01454372543083928,-0.4846059922647393,0.75,0.0,0.125,0.0,0.0,0.0,0.25,0.25,0.0,0.375,0.25,0.125,0.0,0.125,0.125,0.0,0.0,0.125,0.5,0.125,0.0,0.19489867646065703,-0.0028485720715870372,-0.02497670475939888,0.0016992823892991588,0.028877664858289215,0.012701990065646152,0.018927847083497845,0.0161875038180246,-0.017193644540527343,-0.017108610616534174,-0.05151312990562275,0.0474272920258576,0.003902156101166225,-0.0021854163802800617,-0.027055637467969785,0.03947680787153303,0.020251157181012603,-0.007856723113776488,-0.010882008506684079,-0.002308412316218664,0.003316913970009826,-0.00018543325182170892,-0.006571071107077417,0.020030265732031094,0.003181621809584553,0.013313328570595924,-0.02266902140764051,0.00268276940752696,-0.011831184361902041,0.010068183281719871,-5.8,-9.0,-4.081367112714292,8
2024-11-28,7,-0.2792,-0.765,0.3615330459768973,0.5714285714285714,0.02837528813004168,0.004702122530938912,0.005688157612585789,0.009767902031898828,-0.35548819527811126,0.5714285714285714,0.0,0.2857142857142857,0.0,0.14285714285714285,0.0,0.0,0.0,0.14285714285714285,0.14285714285714285,0.0,0.14285714285714285,0.0,0.14285714285714285,0.14285714285714285,0.0,0.0,0.14285714285714285,0.5714285714285714,0.0,0.0,0.17524982496340732,-0.01727113227968996,0.001059746674630446,-0.017429130985977082,0.06651422179741225,0.001772430318945766,0.013342873433007673,0.0056334861263988316,0.015204394239231199,0.013514144176654743,0.017189727213107454,-0.04998460379661329,0.002309193081754208,0.04180175335420737,0.0096319868851914,0.014397195158644377,-0.035129815258082,-0.025479737117340688,0.0021424790731749362,0.0035130284834480148,0.01717910784297666,0.0004496458419380347,-0.011884085684921844,0.01046527091702783,0.010938109240059965,-0.009621498712967289,0.00880600116361171,-0.039217410486968765,-0.0005570887949947551,-0.0046013640599551426,-5.714285714285714,-8.0,-2.6560030829209285,7
2024-11-29,5,-0.23845999999999998,-0.6908,0.3185455116619915,0.6,0.03513559021785144,0.001755033377837116,0.004266968096898994,0.011683342342635709,-0.6834210526315789,0.2,0.0,0.2,0.0,0.2,0.2,0.0,0.0,0.0,0.2,0.0,0.0,0.0,0.2,0.0,0.0,0.0,0.0,0.6,0.2,0.0,0.1986591348844519,-0.050509553184061765,0.09746618865399923,-0.031749972687150144,0.02807091088140181,0.03868656178225564,-0.041344409180743016,0.024188658171668022,-0.014437050049588174,-0.01847957378826885,0.028709938998502223,0.0016302936566362607,0.019852188997408957,-0.02513242181632073,-0.041120196450199306,-0.008366292696553212,0.02780576298808233,-0.01200709648497655,-0.00964886324906562,-0.02768938327956231,-0.04056850153808535,-0.002019558716366576,-0.009096352002602845,0.0005577076328711461,0.000522989681710713,-0.013256171794150496,-0.013309897468335802,-0.014494635787384847,-0.02634260100995104,0.01925894651586472,-5.8,-9.0,-4.643017492494856,5
2024-11-30,4,0.226625,-0.7096,0.6320699084489522,0.25,0.012974790719270215,0.008067229300667786,0.003303795048274543,0.010018080762560258,0.06180555555555556,0.5,0.0,0.0,0.0,0.0,0.0,0.0,0.0,0.0,0.0,0.0,0.0,0.0,0.0,0.25,0.0,0.0,0.0,0.25,0.5,0.0,0.14667818891922121,-0.054108650437830495,-0.00917942062707406,-0.01248873882456019,-0.011091838656782359,-0.0524538739532548,0.019554442407851924,0.028472080375939256,-0.004532345017454115,-0.009926901071815836,-0.012286397451956388,0.001135238337278851,0.023864175251422405,-0.005468362601769988,-0.013795665340387,-0.00045343584352263745,-0.011861474641789034,0.01774064198305572,-0.034124440045814254,0.02427845145636985,0.012939744811542914,-0.017295734259909157,-0.008091388219886442,0.0007248042845866073,0.01950070332927322,0.007869690711529188,-0.01237172940505368,0.014826399216786091,0.004212297703625016,-0.011246784249269438,-6.85,-9.0,-0.5943091558811024,4
2024-12-01,1,-0.5574,-0.5574,0.0,1.0,0.011441647597254004,0.004576659038901602,0.002288329519450801,0.0,-0.375,1.0,0.0,0.0,0.0,0.0,0.0,1.0,0.0,0.0,0.0,0.0,0.0,0.0,0.0,0.0,0.0,0.0,0.0,1.0,0.0,0.0,0.14812319176841698,0.05803442989452308,-0.016164488728053625,-0.056781060765909594,0.08355892396921272,0.02507317456225906,0.00634349237942279,-0.04132600628815456,-0.07838494258957587,0.1066805038504243,0.00400728169689719,-0.03663422104233609,0.028790141234847907,0.04271425404959986,0.014837236473119603,0.03316142993753664,-0.007053601658762386,-0.010596362268628527,0.0016373112749207813,0.05701886554017909,0.055271100561865356,-0.12647258004713227,-0.0440079831318411,-0.032360307798289786,-0.04109872260606295,-0.08684888490531002,-0.025496113442550837,-0.05114264046673162,-0.028988540571352996,0.13091129445758357,-5.0,-5.0,-2.46636771300448,1
2024-12-30,8,-0.189225,-0.8393,0.444222729687967,0.625,0.03332787093689008,0.0046216204199007365,0.00394098912355941,0.008421370022878374,-0.7076313494079727,0.625,0.125,0.25,0.0,0.125,0.0,0.25,0.0,0.0,0.25,0.25,0.0,0.0,0.125,0.125,0.0,0.0,0.0,0.75,0.0,0.0,0.21439748847445692,-0.020733818672160523,-0.015740599150118495,-0.028617471054853925,0.025317807652192045,-0.015720925977488642,-0.006637052139654646,0.018143997983393244,-0.04817573812772544,0.013961255131001759,-0.015569400034564576,0.011632278108919553,-0.022559863091226002,0.012462284185917917,0.0012246989317307323,-0.006075480170496047,-0.02471684557321155,0.007518745431371857,0.013756780862683561,0.0007098001686634018,0.009381573539320918,0.012907341719564838,0.01565222165638752,0.010042205222238592,-0.008894105409459193,0.021401794126637324,-0.0006230454696526965,-0.0062962695279025664,0.004570932664536377,-0.0322103013942828,-4.925,-5.0,-3.6450669078813065,8
2024-12-31,8,-0.39075000000000004,-0.8957,0.37278880271350884,0.625,0.03644388698899445,0.004265489140338708,0.008714853057466297,0.023311847072368247,-0.6814347290640395,0.625,0.0,0.125,0.0,0.0,0.0,0.0,0.0,0.0,0.375,0.25,0.125,0.0,0.0,0.0,0.0,0.0,0.375,0.5,0.125,0.0,0.21228021323329166,-0.05255815730088902,-0.03480011951804108,0.011599256815195295,0.017142983968740828,0.004490907905124427,-0.028271695426489357,-0.01899110581241824,0.014341339232967482,0.017996340122146917,0.005255514455754496,-0.017741426098611165,0.022468040986529644,-0.03573450311162459,0.018844835572553065,0.01287381598931717,-0.011006007014539625,-0.006549413440362875,-0.016616476779368387,0.0011763270423607252,0.0006075959550670899,-0.007581186277375815,-0.010282003598129846,-0.013046521820548787,0.0053469312838893175,-0.019419292875882562,0.005498354266034414,-0.0018374425627154024,-0.02220167702258896,-0.011399423803835487,-5.325,-9.0,-3.3810250604243164,8
2025-01-01,4,0.06259999999999999,-0.4404,0.4674333321448097,0.25,0.035540783345020595,0.006077277327396979,0.004053155637958025,0.004825979678938263,-0.6858874458874459,0.75,0.0,0.25,0.0,0.25,0.25,0.0,0.0,0.25,0.25,0.0,0.0,0.0,0.0,0.5,0.0,0.0,0.25,0.0,0.25,0.0,0.19048258227259932,0.04210336014594548,0.00844252847078844,-0.023873587584180143,0.016299094418426436,-0.02545855669575768,-0.026776587984834288,0.024350025997948405,0.028127780852099313,0.0021996040019030827,-0.013290785061014516,0.023455927288743076,-0.03659993499455184,0.017340104829992826,-0.02845786341718782,0.01058525832865573,-0.0063105399354343936,0.01319135436623185,0.00860416310281589,0.004635172833823085,-0.004384641398229977,0.02376712438537117,0.00014327678129176036,0.004286124964130342,-0.007561413144945879,-0.020906565816801653,-0.008963913125861516,-0.010594727216607402,0.004059591999933974,0.013993902174140914,-5.975,-9.5,-3.433299891441383,4
2025-01-02,11,-0.11059999999999999,-0.5719,0.2712657073793147,0.36363636363636365,0.029304340061701014,0.0036420298493507436,0.009128045595179242,0.007244951832882707,-0.6484671695009345,0.8181818181818182,0.09090909090909091,0.09090909090909091,0.0,0.18181818181818182,0.18181818181818182,0.18181818181818182,0.09090909090909091,0.0,0.45454545454545453,0.18181818181818182,0.0,0.0,0.0,0.18181818181818182,0.0,0.09090909090909091,0.0,0.5454545454545454,0.18181818181818182,0.0,0.2128454921681067,-7.186046790856478e-05,-0.004410051595719286,-0.028092965715499407,-0.01120686545749138,0.020178451474540036,0.01271807089816316,0.0038724555583025374,-0.008540093136339355,-4.7951733785094545e-05,-0.011420601285536321,0.008473074996746599,0.0192864646127132,-0.006231523366869684,0.01342301089003503,-0.0063458362330818955,-0.005851887045102783,-0.01994658960567147,-0.0005020606085713572,0.0025786663250070827,0.007605299063319767,-0.006055371028715931,-0.007331160820084116,-0.003549242903950162,0.008689143255717723,0.004519893564607567,0.016813035709251984,0.0026401510150158443,-0.00570287647286681,0.009846018808285827,-6.1,-9.5,-3.4405521743814558,11
2025-01-03,11,-0.41545454545454547,-0.9423,0.3557718886130167,0.6363636363636364,0.05816946794335223,0.0032819878271401546,0.007551560993124796,0.03221574164456676,-0.7992503232694113,0.8181818181818182,0.0,0.0,0.0,0.09090909090909091,0.0,0.18181818181818182,0.0,0.0,0.36363636363636365,0.45454545454545453,0.09090909090909091,0.0,0.09090909090909091,0.18181818181818182,0.0,0.0,0.18181818181818182,0.5454545454545454,0.0,0.0,0.20302424716722908,-0.05613482350320711,-0.020473813466946152,0.09339595284168216,0.01136525282798755,0.002611517752307313,0.01508068704082672,0.015086290070749651,-0.061454735573254454,0.00031320731957810896,0.006818274123557359,-0.0193068607454666,-0.00698432133898556,-0.006160523964461637,-0.0025006348213278086,0.023937763552441912,0.0011453629489231072,0.022270530224135106,0.0020564074323041557,-0.0013560598933118914,-0.0007393324520737772,0.01405039647065845,0.017467720819155066,0.00838672045671507,-0.004757798866232911,-0.0036464573795492905,0.020221690225643518,0.01144272910520785,-0.0014540506632689644,0.00020498848727885176,-4.945454545454545,-7.0,-7.009800639406393,11
2025-01-04,6,-0.012033333333333321,-0.7003,0.5604842430137236,0.3333333333333333,0.04578538387930706,0.004609620080457887,0.007051877494461216,0.024753890368301532,-0.623577598075446,0.6666666666666666,0.0,0.3333333333333333,0.0,0.16666666666666666,0.16666666666666666,0.0,0.0,0.0,0.5,0.3333333333333333,0.0,0.0,0.0,0.16666666666666666,0.0,0.16666666666666666,0.0,0.5,0.16666666666666666,0.0,0.2375798612904102,-0.03214770298444125,-0.023131473456880287,0.020941180755293814,0.05066859657476571,0.015633675476797806,-0.04307233704022695,-0.01334787722566833,0.0046506378129486615,-0.04031669596137373,0.00958493017673658,-0.015658522738813203,0.03815702792525185,-0.022437280902086344,0.015067826599279022,0.017558856491623944,0.020615665993736394,0.013697017761962554,0.029325353014613045,0.011511186944124452,0.006047036391414965,-0.00017940912907498754,-0.01684815865905564,-0.01738541696496462,-0.011358142761260398,0.008334420029012022,-0.003634459796043378,0.02059203320988962,-0.011094243874951592,-0.00950692016630226,-5.933333333333334,-9.0,-6.234975831846413,6
2025-01-05,2,-0.1591,-0.3182,0.2250013777735594,0.5,0.03720338189341757,0.005227801002988531,0.005836575875486381,0.005349130260794047,-0.7218614718614718,0.5,0.0,0.0,0.0,0.0,0.0,0.5,0.5,0.0,0.0,0.0,0.0,0.0,0.0,0.0,0.0,0.0,0.5,0.0,0.5,0.0,0.18530251762989602,0.036305610139061056,-0.06768101806616325,-0.011332064356150334,-0.013271483435961894,0.014835998559873328,0.07664884688435329,-0.030307417618231986,0.015145918879919017,0.013795226979692547,-0.05972982464752184,-0.01523390177559475,0.008846733145156566,-0.019693182913679184,-0.01531507995648798,0.02795525649347862,-0.004105659133075968,0.004647906759749156,0.007143022927194382,-0.022431938998357354,-0.012428846388250278,0.011520117843413237,-0.05700764129889965,0.02696864002327179,0.029236563277689673,-0.006309177258345171,-0.01947924253869816,-0.0062635123596612215,-0.003459433392877671,0.003145746059393358,-8.5,-9.0,-2.4500217296827502,2
2025-01-20,6,-0.017666666666666664,-0.765,0.563746104790682,0.3333333333333333,0.01695162673026684,0.007484422178275344,0.01117059984296605,0.005307019985877743,-0.32526672849253496,0.8333333333333334,0.0,0.16666666666666666,0.0,0.0,0.0,0.0,0.0,0.0,0.16666666666666666,0.16666666666666666,0.0,0.0,0.0,0.16666666666666666,0.16666666666666666,0.0,0.0,0.3333333333333333,0.3333333333333333,0.0,0.1875494337172278,0.010029709119288943,-0.07436442100275356,-0.039155844333446925,-0.016058897024455926,-0.018525919598222033,-0.015092854906314727,0.030316083031065113,-0.014334331555727215,-0.018177516955187597,0.009261713809839043,-0.0015240405961003819,-0.0017677454064505367,0.010481935962351752,0.006762783004387783,-0.009619426670111559,-0.013743732004724606,-0.016121171791922503,-0.016289029876054243,0.00883615672894926,-0.00940661038259223,-0.002906596735836192,-0.010672089481322672,0.024493353941702628,-0.010286780850160432,0.022945184084126546,0.007124702243706894,0.024424240988569646,-0.012873351733894678,0.01138992969799906,-6.6499999999999995,-10.0,-1.7251206079250982,6
2025-01-21,11,-0.1913090909090909,-0.7717,0.5766461366462893,0.5454545454545454,0.02634748394961143,0.006906342903524212,0.005378195346659531,0.011234353722531938,-0.40246371907662226,0.8181818181818182,0.0,0.09090909090909091,0.0,0.2727272727272727,0.0,0.0,0.0,0.09090909090909091,0.18181818181818182,0.2727272727272727,0.09090909090909091,0.0,0.0,0.18181818181818182,0.18181818181818182,0.0,0.0,0.45454545454545453,0.18181818181818182,0.0,0.18730448871427327,-0.019961481042771425,-0.04095377868784127,-0.015639864066212907,0.0002148528758392325,0.024675342568051553,-0.01566899427982128,0.024564118976751047,-0.0006610974196500363,-0.02133965963488241,-0.012972235948167082,-0.004864548727608587,0.006947588978107302,0.01558668557833826,0.01215523736646819,0.00044617310117600525,-0.018030323841881656,-0.01873473079565385,-0.018073149718584564,0.007242755486856306,-0.0023199100224368207,-0.008431110686608269,0.0032184746377789796,0.008987214609752214,-0.0025739261952160875,-0.011633715620914663,0.0086061209571378,0.012808086495982557,-0.0017862980334589363,-0.0010693579863940894,-6.127272727272728,-9.0,-4.28956183103991,11
2025-01-22,10,-0.20678999999999997,-0.7269,0.33548401336311423,0.5,0.03653384566368696,0.004778852084458509,0.005640784624308931,0.017909970461806736,-0.682659442007268,0.6,0.0,0.3,0.0,0.1,0.1,0.2,0.1,0.1,0.4,0.0,0.0,0.0,0.1,0.0,0.0,0.0,0.1,0.8,0.0,0.0,0.19207727499177835,-0.011830825965146676,-0.020619096767441548,0.006644048799646893,0.021598375573970808,0.005611084824514481,0.017797546851145738,-0.0029712592103705304,-0.016988824830940163,-0.015073941617856504,-0.010008397406100062,-0.03176078662009253,0.0011478870909098938,-0.00940576271706132,-0.008175389113865436,0.023467410765389645,-0.0241767947850776,0.013620908448656313,0.018285776511655895,-0.023562170082115686,-0.00322468101032582,-0.00585129569603777,-0.010230890435913425,0.011375903899660826,-0.0140845148179476,0.0012423816347252726,0.015711226383743015,0.019144236171975873,-0.005774034431063462,0.005405033818798269,-5.5200000000000005,-9.2,-6.513268122105747,10
2025-01-23,7,-0.22412857142857143,-0.8442,0.5431392170039087,0.5714285714285714,0.03470542109425625,0.0042087065868864825,0.005003937824073387,0.011380878094555078,-0.7533665786216807,0.7142857142857143,0.0,0.0,0.0,0.0,0.0,0.2857142857142857,0.0,0.0,0.42857142857142855,0.42857142857142855,0.0,0.0,0.2857142857142857,0.14285714285714285,0.0,0.0,0.0,0.2857142857142857,0.2857142857142857,0.0,0.23087896894628215,-0.021999451892650537,-0.02789827526689831,0.00686245693764478,-0.016624613014297972,0.024040721884649046,0.026247621101681797,0.00418375837647396,-0.040561513505072574,0.020282559013978962,-0.006534272407168743,0.00961167028192359,-0.006416686934567629,0.0003340375772027973,0.0011378957557326153,-0.008560087596415238,6.505594081124525e-05,-0.007543984225457989,0.019194946371579997,-0.003515438550482328,-0.007917291261617589,0.028755738422169736,-0.0018289005395004364,0.018416517706045455,-0.00719826007675619,-0.002348023970957376,-0.004026545105644492,0.012291373352767638,-0.0029971193972848334,0.00449534627309721,-6.428571428571429,-9.0,-4.3884687031737375,7
2025-01-24,8,-0.17983749999999998,-0.8271,0.4082156045785469,0.5,0.028185573514553322,0.004445299609252962,0.008582388413606708,0.008732591581248027,-0.4368714421252372,0.625,0.125,0.125,0.0,0.125,0.125,0.125,0.0,0.0,0.25,0.25,0.125,0.125,0.0,0.125,0.0,0.0,0.125,0.75,0.0,0.0,0.15359222024620045,-0.005979127265351311,-0.023067474179476237,-0.021747348012945016,0.029428627156715677,0.018419893102340115,-0.017316883086687447,0.028744044606548627,0.016739648400886556,-0.008529553207020809,-0.017740674551570784,-0.01530143866600888,0.018995522637507176,-0.0017103385055756526,0.029685461385954515,0.04449382342898367,-0.011229981737016632,0.019462692910457643,0.0009774173719769453,0.0075179135172009325,0.0018824558830525468,0.021383655251369694,0.003714349410354755,0.0010694047494965225,-0.016782576899661488,0.003042181273716759,0.0023155868627121215,0.001956059050745017,-0.005318760758445087,0.0010919071402229763,-5.325,-9.2,-7.528871510112551,11
2025-01-25,10,0.07576,-0.836,0.38389719167737835,0.1,0.03239068515678537,0.006191567134989371,0.0048567914291743584,0.014316657661371126,-0.6257268488397311,0.9,0.0,0.1,0.0,0.2,0.2,0.2,0.0,0.1,0.7,0.2,0.1,0.0,0.2,0.0,0.2,0.0,0.0,0.5,0.1,0.0,0.20749466586614407,0.03739202611982059,-0.03933947764259009,0.012206084760527938,-0.0013842125352441566,0.023900683925886193,0.02389391940300923,0.011556626428884753,-0.040976024104102,0.007761032748412206,-0.0004929365597224251,-0.0005410094513361632,0.0006452252172279779,0.015958746392257292,0.01671435591601808,0.0033658260910665863,-0.00451500284435275,-0.005995248813966535,-0.024298344783329002,0.017258209173470436,0.001796218577046513,-0.013879918382986143,-0.011235537725938067,-0.014363477401658853,-0.015188069063445173,-0.023143986282920154,-0.01866602830047747,-0.0039016715245809228,-0.01594894452311782,-0.0009245078975338425,-6.12,-9.2,-4.118538887502668,11
2025-01-26,5,-0.09531999999999999,-0.2732,0.13907216472033504,0.6,0.03217662988912463,0.006822200941330923,0.005021142628450938,0.01360973839927524,-0.5581439393939395,1.0,0.0,0.0,0.0,0.2,0.2,0.2,0.2,0.4,0.8,0.2,0.0,0.0,0.0,0.2,0.0,0.0,0.2,0.6,0.0,0.0,0.21874226102072,0.0055678130252242745,-0.057052942865222125,0.03592004167460293,0.0005042864048114782,0.03503815058972724,0.012290625297318595,0.03174135491389664,-0.008371422122490759,-0.0028175731661747136,-0.0042805628000107355,-0.004040349349374443,-0.00017663877414567583,0.0102169497683583,0.048475982073328046,-0.005050151370388487,-0.03197227816510327,-0.006784090380373689,-0.023642824435112602,0.005513838808621227,-0.009754412880064562,-0.016424939936859735,-0.004627573569505783,0.0023689272590630807,-0.014896336624304538,-0.031144341875060953,-0.029890059532922904,0.018725578998079313,-0.011924602770494086,0.013691819958234028,-5.2,-7.0,-4.242718533591573,5
2025-01-27,11,-0.348,-0.946,0.5946307761964562,0.6363636363636364,0.03987880090864449,0.0026853027323562478,0.005977385180216953,0.011110201696012954,-0.7222719310871988,0.6363636363636364,0.0,0.18181818181818182,0.0,0.0,0.0,0.18181818181818182,0.0,0.0,0.45454545454545453,0.0,0.0,0.0,0.09090909090909091,0.0,0.0,0.0,0.0,0.6363636363636364,0.2727272727272727,0.0,0.20449442022356823,-0.07726237493222089,0.026785104273123216,-0.0018850020855865667,0.016210106771479906,0.01968882609103423,0.014294697760282072,0.009467926108336376,-0.02087270649648569,0.0009333659165308213,-0.001002018005117778,-0.006357214045901638,0.006949602392776355,0.01949387657850699,0.00949472020874089,-0.01037410258760593,-0.019904920690213445,0.008382417242259773,-0.009125453629967278,0.0070859760706379485,0.0008444927791154458,-0.0012184811939824618,0.006930888675187472,-0.002591377728326377,0.004258800857301468,-0.003508931026342166,-0.011466923790307532,0.0021985451956188277,-0.006491547618047228,0.00021057316596276757,-6.181818181818182,-10.0,-6.34356431186433,12
2025-01-28,12,-0.3346,-0.9531,0.4210949040083698,0.6666666666666666,0.044761800924129534,0.0027081529426346493,0.004738315047587823,0.020947177476289144,-0.721303353540847,0.6666666666666666,0.0,0.25,0.0,0.0,0.08333333333333333,0.0,0.0,0.08333333333333333,0.5,0.16666666666666666,0.0,0.0,0.0,0.16666666666666666,0.0,0.08333333333333333,0.08333333333333333,0.5,0.16666666666666666,0.0,0.18596399623562243,-0.038628206686031286,0.01242386881359922,-0.0028744860015526967,0.04417348531874014,0.03219167065810496,-0.01584355938320166,0.007960976334772793,-0.021480703771008042,-0.006565440103499205,-0.0036236049160913862,-0.007098899924987307,-0.00690705196798196,0.0008912273871451067,0.011837404354910598,-0.01943829169777907,-0.019057552980779335,-0.013236711527614254,-0.003901771582029896,0.0033850311835537336,-0.00479448356160429,0.001522017417752138,-0.010036808374669238,-0.0011592740441958977,-0.008502056568680813,0.00807674218601413,-0.008530491332807547,0.006416930382250513,0.010536220667743736,-0.003670833850498064,-6.1499999999999995,-9.2,-6.768343315504828,12
2025-01-29,14,-0.08942142857142857,-0.8834,0.37108717238068806,0.42857142857142855,0.028611625122754624,0.004626407821957335,0.005834417264300273,0.01305577590046103,-0.6361899560236067,0.6428571428571429,0.0,0.14285714285714285,0.0,0.14285714285714285,0.07142857142857142,0.07142857142857142,0.07142857142857142,0.0,0.21428571428571427,0.14285714285714285,0.07142857142857142,0.0,0.2857142857142857,0.14285714285714285,0.0,0.0,0.21428571428571427,0.2857142857142857,0.07142857142857142,0.0,0.22554541461782368,-0.032066338345955174,-0.021118226734563143,-0.009561896508467952,0.013732822035105535,0.0009381134503097288,-0.038511225823389166,-0.013249980075933619,-0.014166095760850622,0.005892687107314145,-0.013745633534346432,-0.03174810295331029,-0.005568572737064653,0.023418655504318975,0.008100178366535484,-0.0046888817318232485,0.013634711103407386,0.01768990220139154,-0.01573059525473918,0.008917846057771111,0.0044050881748598685,0.016477908953094887,-0.0016757065243886515,0.005300629542416347,0.004921908452199447,0.002443144336181258,0.0026234358234483155,-0.00445672776320061,0.002003135632709849,-0.009053221441886711,-5.385714285714286,-9.0,-4.441478565275493,14
2025-01-30,7,-0.1688,-0.9001,0.42167182342037823,0.42857142857142855,0.029874997315941232,0.004626360314393846,0.005492547999266053,0.02769583517987651,-0.4883457253596652,0.5714285714285714,0.0,0.14285714285714285,0.0,0.0,0.0,0.14285714285714285,0.2857142857142857,0.0,0.14285714285714285,0.14285714285714285,0.14285714285714285,0.0,0.14285714285714285,0.0,0.0,0.0,0.0,0.7142857142857143,0.14285714285714285,0.0,0.2013739210429373,-0.04286314785725024,-0.01464801058431528,0.015290048506992742,0.032589283721114255,-0.02278897425021256,-0.00034529538254156247,0.007786614771529443,-0.011422772251106479,0.0030062944478048822,-0.007348249349686151,0.023655310664950673,-0.012546551926085356,-0.0029939553592445915,0.021516056348390166,0.0019044678345217017,-0.0209357260197111,-0.010473900573412326,0.004932984433794593,0.009379915565687758,0.01609457385402099,-0.009016210297182107,-0.0028310248261266924,0.007855957116767015,-0.007298682637219494,-0.0007499119121792973,-0.029164000659145733,0.004890247132603886,-0.025242323130528925,0.009822915902790354,-5.714285714285714,-10.0,-4.174710945865279,7
2025-01-31,6,-0.043833333333333335,-0.7184,0.47111998330220156,0.3333333333333333,0.032294451967982904,0.004244207489582646,0.005341560370457701,0.02315257471460423,-0.6375711993279988,0.5,0.0,0.16666666666666666,0.0,0.16666666666666666,0.0,0.3333333333333333,0.16666666666666666,0.0,0.5,0.0,0.0,0.0,0.16666666666666666,0.16666666666666666,0.0,0.0,0.0,0.5,0.16666666666666666,0.0,0.19520601518299438,-0.03065929955591128,0.012345976796460045,0.03764676911586466,0.027060960947760202,-0.007472955093616316,0.03649088860126997,-0.021088088732788154,-0.02293955235445637,0.0016703891611594957,-0.009954806248551076,0.014778388738872423,-0.003309363980295055,0.02684985360829999,0.004009847190089107,-0.010278955908834733,0.002195495242123076,0.00015284503068857536,0.009754754241666396,0.011392860940708197,0.02014715009601557,0.006875958484604549,-0.013622159266136996,-0.006338432099253533,0.0023738059896809723,-0.0017361425171463522,-0.019098167013288845,-0.0071848877542248155,0.0023382599539417265,-0.02222554306519553,-5.566666666666666,-9.0,-5.020478255892652,6
2025-02-01,9,-0.33332222222222224,-0.8957,0.4100720082429968,0.4444444444444444,0.02978471269072044,0.004955769422965513,0.004822275806858752,0.003694706928496232,-0.5790223665223666,0.7777777777777778,0.0,0.2222222222222222,0.0,0.0,0.0,0.3333333333333333,0.0,0.1111111111111111,0.3333333333333333,0.1111111111111111,0.1111111111111111,0.0,0.2222222222222222,0.0,0.1111111111111111,0.0,0.0,0.5555555555555556,0.1111111111111111,0.0,0.2047382308029938,0.023205643406436043,-0.03618418125402287,-1.983315137871807e-05,0.012844135925337067,0.039642875170237755,0.02531663437386669,0.014566408407582292,-0.015880965953560432,-0.018232456347653733,0.009341601569452941,-0.018228926086424145,-0.0023617122004432264,0.0261242599437452,0.0179351330210247,0.013194601867862425,0.011424513985137465,0.021923665424269337,-0.005623456177514206,0.005823567779355036,0.009135154290036128,-0.007798137998313351,-0.018538805967221437,0.0015436572694238404,-0.0064580373152784065,-0.002027717202756062,0.0012942254369612905,0.0038965464764836705,0.008152529996866869,0.00825699748329067,-5.611111111111111,-9.0,-3.969564878401057,9
2025-02-02,2,0.148,0.0,0.20930360723121805,0.0,0.016122557475940935,0.008522388221636342,0.005457366359621999,0.0022323123826883226,-0.25101419878296144,1.0,0.0,0.0,0.0,0.0,0.0,0.0,0.0,0.0,0.0,0.0,0.0,0.0,0.5,0.0,0.0,0.0,0.5,0.0,0.0,0.0,0.25442641634421725,0.015211029099791539,-0.0962538788949219,-0.04111206086212607,0.005460071740111139,-0.010641235418280246,-0.03781106480469529,0.01680292294555005,0.024911515576685975,-0.03901087685401249,-0.04875683318856394,-0.08367892154569495,0.003949406488862051,0.038931525962319836,0.03459716128052257,0.0526282736872865,0.012431283910263668,-0.030285180393163986,-0.01401258028942076,-0.015202502427787687,0.06927512816441363,0.03368619001140542,0.004454268849813384,-0.03856072884110023,0.015444179033492612,-0.0006883881060710528,0.04186546744663122,-0.003957815439777008,-0.006063487140601373,-0.008077348221207958,-4.5,-5.0,0.721367591178005,2
2025-02-17,11,-0.08063636363636366,-0.9169,0.49279956832920885,0.2727272727272727,0.027915670520775357,0.005042213131838596,0.006666278622160993,0.012584325254358847,-0.5487429897240024,0.8181818181818182,0.09090909090909091,0.09090909090909091,0.0,0.2727272727272727,0.2727272727272727,0.09090909090909091,0.09090909090909091,0.0,0.5454545454545454,0.09090909090909091,0.0,0.0,0.2727272727272727,0.09090909090909091,0.18181818181818182,0.18181818181818182,0.0,0.18181818181818182,0.09090909090909091,0.0,0.2143244445214566,-0.002367166025051114,0.013516456484570406,0.00268557092803607,-0.012450745192057326,0.02610942468527845,-0.014028687167698532,0.00015370860202424473,-0.0029581831531833806,-0.019726414899275128,0.008578612079927333,-0.003189507190875851,0.003635527476185847,-0.01628828354701571,0.0025478932472149524,-0.006891092654221487,0.00041708406257185733,-0.016119071973913268,-0.00021390922449611847,-0.0021803072322821374,-0.011017016405343973,0.0018470456397275089,-0.000976794301846798,0.014639455189304117,0.014477272378494686,0.011221714282830387,-0.00679952992065359,0.01942620555163964,-1.760715986524507e-05,0.005851111151007088,-6.027272727272727,-9.5,-4.228826220063315,11
2025-02-18,9,-0.11,-0.5267,0.296775424353163,0.4444444444444444,0.045169440070657506,0.007039198534216083,0.007313666550643492,0.01885857737761633,-0.4707234293182006,0.5555555555555556,0.0,0.1111111111111111,0.0,0.0,0.0,0.0,0.0,0.0,0.0,0.1111111111111111,0.0,0.0,0.0,0.0,0.2222222222222222,0.1111111111111111,0.0,0.6666666666666666,0.0,0.0,0.17159157093841354,-0.04526234911736478,-0.03269430108892454,0.005433641222010329,0.028749668992205928,-0.005102257840981266,-0.04393841789781197,7.210290280865482e-05,-0.0008960642556914013,-0.03030343679384269,-0.032644616325291406,-0.008808001384164467,0.03896857452764641,0.014344170553747556,0.0210245490254189,0.011511721066478816,-0.014269700136095902,0.007048887674317567,0.05906774776838243,0.06325038010919136,-0.028673286817046277,-0.01026490491277152,0.012892310553398867,-0.018622332688810295,-0.002543692254978241,0.019751927134543937,-0.002586475926555082,0.010487577788403214,0.011248452596888336,0.011122010056314727,-5.577777777777778,-7.2,-5.040807246793562,14
2025-02-19,9,-0.37675555555555557,-0.8689,0.3174188798382632,0.8888888888888888,0.04112738657949803,0.0027422707336402746,0.005218482760718356,0.0157931756805022,-0.7218440883353163,0.3333333333333333,0.0,0.1111111111111111,0.0,0.1111111111111111,0.1111111111111111,0.1111111111111111,0.0,0.0,0.2222222222222222,0.1111111111111111,0.0,0.1111111111111111,0.0,0.1111111111111111,0.2222222222222222,0.0,0.1111111111111111,0.4444444444444444,0.1111111111111111,0.0,0.1785156679916904,-0.034461721274316306,0.013888865753659803,0.00488676742568565,0.016271390441091396,0.020064794813625813,-0.00043326898134681577,-0.004253300244190062,0.013549163263804506,0.0061293239439469864,-0.023810429144492162,0.023543177169409624,-0.015991306435066636,0.010302728537915811,0.01697948680689094,-0.01453971112260873,-0.0023095956205212618,-0.005247426370242568,0.008516509392880713,0.001516055168983924,0.006770752332756118,-0.0033034755282551845,-0.016680171728711404,-0.009711495835465593,-0.008042093381915805,-0.000723362144345281,0.0005767338725989443,0.004571427014395318,0.006264905445156816,-0.006017977688811018,-5.933333333333334,-9.0,-5.49685301532797,9
2025-02-20,9,-0.5201333333333333,-0.891,0.32259530374759027,0.8888888888888888,0.03399196407520708,0.00435398134397116,0.005749810406139319,0.011031993059424467,-0.6201736433370617,0.3333333333333333,0.0,0.1111111111111111,0.0,0.2222222222222222,0.2222222222222222,0.1111111111111111,0.1111111111111111,0.0,0.4444444444444444,0.1111111111111111,0.1111111111111111,0.0,0.0,0.1111111111111111,0.0,0.0,0.1111111111111111,0.4444444444444444,0.3333333333333333,0.0,0.19674778039321478,-0.00901534116848644,0.02837624799743835,-0.021620301983266414,0.007058569523934378,-0.005380878897990286,-0.00163776990229307,0.012447101396250033,0.006515548710251669,0.0279713683798171,0.005645522666013618,-0.0034250385296095715,0.007131320014462767,-0.0037408139424428386,0.0005980932601122514,-0.0018025228978590414,0.012702695770908663,-0.016456734305856015,-0.004148357698443943,0.0050497548526071846,0.004997664830592589,0.0024056900218107206,-0.026115036365838007,-0.005555015951741258,0.011675302883831801,0.011471242762481841,-0.007578563575456847,0.008742636246198135,0.003425712703990247,0.01428044340381913,-6.5,-9.5,-4.083050931964051,9
2025-02-21,10,-0.23167,-0.9201,0.377297775268053,0.4,0.027012452322043412,0.003939278442408625,0.004566372748292174,0.012682798216945141,-0.4399486216397981,0.6,0.0,0.1,0.1,0.1,0.1,0.0,0.1,0.1,0.3,0.0,0.2,0.0,0.0,0.3,0.0,0.0,0.0,0.6,0.1,0.0,0.19670749677223903,-0.018784566957434128,-0.001104836775099742,-0.0034079931193668625,0.010561588613440514,-0.014856123230046325,-0.003059207347823108,0.0023621602112057897,-0.017424570077480474,-0.01580995383886313,0.010772401033251318,-0.015578597353559723,-0.00861131331459761,-0.0036879087772689425,0.009924544988749435,-0.007205810371143509,0.0051812317502986874,0.0009675526521884991,-0.006881347526376374,0.004853174736979681,0.013134821475441361,-0.009957857024644374,0.002080683431285888,-0.015547569888161781,-0.005995449096481518,-8.690529621987463e-05,-0.010186661123312341,-0.0013212146132678014,-0.006877919251202393,0.023671672196868027,-5.58,-10.0,-3.6412742257327593,10
2025-02-22,2,0.1366,0.0,0.19318157262016478,0.0,0.016478392234784974,0.012032212695886325,0.006122047211252755,0.007410021171489062,-0.01414141414141415,1.0,0.0,1.0,0.0,0.5,0.0,0.5,0.0,0.5,0.5,0.5,0.5,0.0,0.0,0.5,0.0,0.0,0.0,0.5,0.0,0.0,0.23262165827098108,0.07935166025850932,-0.08558463309760292,-0.014501322613084056,0.051366222184630106,-0.035199404533295585,0.02064073739904097,0.04760975273037332,0.036740319306891034,0.009306457710926162,0.02957704038668936,0.031983847159312635,-0.019464162835445664,-0.0029245190152208137,-0.0036048882498305795,0.019631781003105045,0.010247965470641386,0.0037854432990736247,-0.012626546414862513,-0.012397837935116097,-0.013894346845025727,0.008450446971994499,-0.020466843985933295,-0.02640261393562012,-0.004868972049107689,0.00016671804099765725,-0.004931387197477197,-0.0015262423865088468,0.015802962209443217,0.003510077024859631,-6.0,-7.0,1.098082000116595,2
2025-02-23,3,-0.5055,-0.7845,0.25882926805135464,1.0,0.029027984475111568,0.002361489554950045,0.01175762054592655,0.01706842073778482,-0.7351190476190476,1.0,0.0,0.3333333333333333,0.0,0.3333333333333333,0.3333333333333333,0.0,0.0,0.0,0.3333333333333333,0.0,0.0,0.0,0.0,0.3333333333333333,0.0,0.3333333333333333,0.0,0.3333333333333333,0.0,0.0,0.18795672520303688,0.07687756176834497,-0.012713312358034162,0.018780889042835192,-0.0105645681103781,-0.030422053203081365,-0.009284810854141312,0.035726670427183506,0.02766002114115161,-0.012678619498987827,-0.030100727225112697,-0.0003494441842822743,0.0007594260867589134,-0.005254569484250279,0.005466542470682029,0.034261683443836094,-0.019460266831787598,-0.018380410417927536,-0.034127999004759775,0.0065201556953124505,0.01962845433754271,0.005082099305385824,0.01692014972446219,-0.02255324845802949,0.02487837857995942,0.004690043058213662,-0.012638534702562041,0.01956805078162676,0.003536855057418971,0.001790602586500509,-5.533333333333334,-7.2,-2.959298187391793,3
2025-02-24,9,-0.1778,-0.7845,0.3793115408209985,0.4444444444444444,0.0348915138075864,0.003208782420006941,0.003172634327102859,0.016523217193933428,-0.73144020809644,0.5555555555555556,0.0,0.2222222222222222,0.0,0.2222222222222222,0.2222222222222222,0.0,0.1111111111111111,0.0,0.2222222222222222,0.4444444444444444,0.0,0.0,0.2222222222222222,0.0,0.0,0.0,0.3333333333333333,0.2222222222222222,0.2222222222222222,0.0,0.20799212326491082,-0.007747054431944501,0.001075795793576609,0.02297906019284204,0.002441411989878954,-0.015025579472232967,0.009234205471339666,0.012988768597740211,0.015091877394849622,0.02301479347085027,-0.01367273729643422,-0.001237234193415798,0.00423710726997946,-0.0006066486608213694,0.002126179327418746,-3.0287810203757464e-05,0.01481469290179744,0.013499694568845675,0.0005992018099038437,-0.0005465373235140382,0.00791834030540446,0.004316233431830388,-0.00969240180763524,0.000507671383167966,0.011987198200330899,-0.0078106050831289985,0.009385713261547014,0.0062856784406029745,0.007093653012490841,0.005403920463194116,-6.055555555555555,-9.5,-4.269495661816308,9
2025-02-25,7,-0.38811428571428574,-0.8176,0.31498186417935997,0.7142857142857143,0.03606377443848842,0.0023321881799843033,0.004095420109411449,0.019432028473650255,-0.7748356863794441,0.42857142857142855,0.0,0.2857142857142857,0.0,0.0,0.14285714285714285,0.0,0.0,0.0,0.2857142857142857,0.14285714285714285,0.0,0.0,0.0,0.0,0.2857142857142857,0.0,0.14285714285714285,0.42857142857142855,0.14285714285714285,0.0,0.1869120140348807,-0.01828831229256337,-0.002401172898059509,0.00509034323862924,0.03952158430031278,-0.05701132390504656,0.023616339709871002,-0.0018420295406437292,-0.004910715379007992,0.00862204944149634,0.0096953416849071,-0.0065681130545218675,0.004541590646130323,-0.0025904835495885853,-0.029275782519395697,-0.0068475326345926795,-0.0030195324650348354,0.00623909677710352,0.01783980089457726,-0.0021615036500179665,0.007372864892505451,0.0038182832119870148,0.009930144902937687,0.008698770709352727,0.006752495135668868,-0.0046626710036247665,-0.0019428999664520572,-0.0027140797656830867,-0.001261859339648737,0.01128117633849928,-5.857142857142857,-9.0,-5.733658240580314,7
2025-02-26,9,-0.3065,-0.926,0.4906161712581435,0.5555555555555556,0.03201753033612059,0.006950993288056439,0.0036899524863921018,0.01720074444509467,-0.5911045953941173,0.6666666666666666,0.0,0.1111111111111111,0.0,0.0,0.0,0.1111111111111111,0.0,0.2222222222222222,0.5555555555555556,0.2222222222222222,0.0,0.0,0.1111111111111111,0.1111111111111111,0.0,0.1111111111111111,0.0,0.5555555555555556,0.1111111111111111,0.0,0.23888767531791424,-0.04187338114431233,-0.009458049929024482,-0.005782240304623171,0.015290745713979934,0.0024773013575121925,0.00868253919922985,0.025528799926744044,-0.002569717642118505,-0.0028409245602580876,-0.011918107272065222,0.0220140481521542,-0.01105731166243577,-0.031520810787212375,0.014712243911159852,0.009089563825092906,-0.01724483956894425,-0.003845830723548609,-0.003811594436751579,0.0020224923492758117,-0.00656796596025317,-0.014072817082520138,0.01070527966155927,-0.0014600617671036353,-0.0013160083981490925,-0.020800419702647302,-0.010317337810466374,0.014427287912274624,-0.009458849936477214,0.002262063163443722,-6.066666666666666,-9.0,-4.035694175352716,9
2025-02-27,11,-0.2292727272727273,-0.93,0.37320158116200175,0.36363636363636365,0.04446307561539869,0.0034312092097312733,0.006047623859731118,0.020617799002575717,-0.7280981318147094,0.5454545454545454,0.0,0.09090909090909091,0.0,0.18181818181818182,0.09090909090909091,0.09090909090909091,0.18181818181818182,0.09090909090909091,0.2727272727272727,0.09090909090909091,0.0,0.0,0.0,0.0,0.0,0.09090909090909091,0.2727272727272727,0.45454545454545453,0.18181818181818182,0.0,0.1847947642339314,-0.01249037198880907,-0.03194208121250174,0.018781247671115667,0.009948726265164009,0.008459122090949945,-0.008884015748053524,0.00877510695366782,8.225624424009116e-05,-0.005447900396201317,0.007112815765418409,-0.021797673230796025,0.0029187656275582426,0.008213005234205649,0.020967012191959865,-0.004026136469744452,-0.005640442676472649,0.02026031129189475,-0.01750975703273486,0.00742680068226074,-0.002790177456940952,0.0024324955749091106,-0.0247461655564627,-0.009149290790498948,0.0006329244711281718,0.00386556861987883,-0.015321847213820423,0.008089601715929994,0.0007287149235040657,-0.010987889222048318,-5.845454545454545,-9.5,-4.577418066521247,11
2025-02-28,15,-0.18722,-0.6486,0.38173314014598514,0.5333333333333333,0.03442199863429953,0.0035810148716412405,0.004050128969869188,0.009817878067798762,-0.6563749683479706,0.5333333333333333,0.06666666666666667,0.13333333333333333,0.0,0.13333333333333333,0.06666666666666667,0.13333333333333333,0.13333333333333333,0.06666666666666667,0.2,0.13333333333333333,0.0,0.0,0.13333333333333333,0.06666666666666667,0.0,0.0,0.26666666666666666,0.4666666666666667,0.06666666666666667,0.0,0.20217819655225355,-0.04639651991367466,0.013608649422894992,-0.016031419178245652,0.008091160218976915,-0.006154695288471364,0.0046348182612191095,0.016646089001178928,0.005004145582636438,0.006832355309668538,0.0017895230913315351,-0.001330438540872541,-0.011304727060039804,0.0036549759039162816,-0.0006391367615785811,0.01278411525385681,0.011626238929751913,-0.004334607374517279,-0.000803859327514847,0.011437698864028763,0.01641989024796046,0.006352627264966765,0.008072574440573228,0.0014405610639277547,-0.000389584827071037,0.0032795881867478576,0.0034367696837176533,0.0009417752305992667,0.005305904530430023,-0.01019671167730742,-5.3933333333333335,-9.5,-3.6827968577518124,15
2025-03-01,2,-0.064,-0.128,0.09050966799187808,0.5,0.0226212199300748,0.005922283666011988,0.0030528432069015154,0.015264216034507574,-0.5525,0.5,0.5,0.0,0.0,0.0,0.0,0.0,0.0,0.0,0.0,0.0,0.0,0.0,0.0,0.0,0.0,0.0,0.0,1.0,0.0,0.0,0.2264283108789824,-0.09072992260602514,0.005851412075490998,-0.05575588524402364,-0.03794463078566618,0.045092440824068866,-0.01445056442472957,0.014055324636627632,0.018990165941948,0.0034310039530349133,0.005316348281350112,-0.002713297119940762,-0.017749425521203652,-0.012134230640928112,0.047303734412557544,-0.01745204315950664,0.011919763842225355,-0.027775714679861348,-0.020357185439143298,-0.0034443400835846745,-0.010609932036767184,0.028488559366337034,-0.04385846041638683,-0.027478709384013394,0.02175138519059,0.0011424516208646627,-0.017384418862717743,0.0030390553136942257,0.05410485491755598,-0.019365049305662036,-5.0,-5.0,-3.779707645113045,2
2025-03-02,10,-0.1923,-0.8316,0.40048452598765355,0.6,0.028989185167126154,0.0065032009823964825,0.005378888638319515,0.006004222420429329,-0.47062384563570525,0.6,0.0,0.2,0.1,0.4,0.5,0.1,0.2,0.2,0.4,0.0,0.2,0.0,0.1,0.2,0.1,0.0,0.2,0.2,0.2,0.0,0.19269145960239584,0.03842092438878602,0.016236751644363903,0.00645240841738782,-0.005779611361772058,0.0072361308470236755,-0.004854285614193723,0.047672125220345946,0.01828276134176478,0.0026751091276593017,0.0022538655225475255,-0.002583459904085636,-0.014711459574774512,0.003424964300821788,0.006007505732888571,0.011922698255785357,-0.01163947360756047,0.010588404019412774,-0.021359894116447228,0.009397641094850015,0.006330061637913102,0.007267722786576265,-0.004383341403852227,0.000387310783284831,-0.0015115686826275496,0.007079121142484918,0.0039201117447619505,-0.00011214488422491113,0.024290937303468225,0.004909255952749171,-6.21,-9.2,-2.06140268347652,10
2025-03-31,4,-0.016149999999999998,-0.7351,0.5741367345850638,0.25,0.013169975228026796,0.011345122063818991,0.010652153748237326,0.003434441889745271,-0.08848039215686275,0.5,0.0,0.0,0.0,0.0,0.0,0.0,0.0,0.0,0.0,0.25,0.0,0.0,0.25,0.0,0.25,0.0,0.0,0.5,0.0,0.0,0.15839063204607898,0.02618538382439914,-0.04965873707184993,-0.06756132321074684,0.012630786769787534,-0.02869429126666154,-0.025591405629165714,0.01501440155252334,-0.015959976434597803,0.04400533150020568,-0.03356088577634646,0.0034876764008550296,-0.00681830602008349,0.0029235563707634346,-0.027968844647284864,-0.014675901178557963,-0.005655917160953684,-0.004236645629967175,-0.00046566448783679957,0.00368899680677366,0.007298319529601568,-0.01096067560638296,-0.012841276422093047,0.00574758903770144,-0.02249093462277998,0.00752562498952357,0.0003060743319710825,0.01641593915356454,-0.009263341519375735,-0.005855940534177514,-5.375,-6.5,-0.39714918167302493,4
2025-04-01,8,-0.5200625,-0.8481,0.3595403730061877,0.75,0.04436710313449888,0.005688993482536998,0.007282571785240069,0.01905190306505238,-0.6931927965228855,0.5,0.0,0.0,0.0,0.0,0.0,0.125,0.0,0.125,0.25,0.25,0.0,0.0,0.125,0.125,0.0,0.0,0.0,0.5,0.25,0.0,0.1908168414670364,-0.07078960511635143,0.014057005634358112,0.04204305735219902,0.010230000013704702,0.03136314482862546,0.024510495548504284,0.010732223024251643,-0.0008836818836874692,0.02462648651580623,0.0026309178755223378,0.007787183078041446,0.0010839297841267505,-0.007133142211388284,-0.020629885726751736,0.01361956628822102,-0.0021201515220763273,-0.0020958727251151887,-0.008090254978166275,0.01108536659898701,0.0017238387583398316,-0.003427569845923636,-0.0017754986066021252,-0.00626481195624977,-0.004541871163185128,-0.010756694521834084,0.01675486356329569,-0.0017160152081531067,0.007687689510353896,0.009301320404563627,-5.925,-9.0,-6.685894444628918,8
2025-04-02,12,-0.11585833333333334,-0.6249,0.40191290204885605,0.4166666666666667,0.033164495764017414,0.007500278679340108,0.00898900810158545,0.01107299821724654,-0.5143784086741721,0.75,0.0,0.16666666666666666,0.0,0.16666666666666666,0.25,0.25,0.08333333333333333,0.0,0.6666666666666666,0.25,0.08333333333333333,0.0,0.08333333333333333,0.25,0.0,0.08333333333333333,0.08333333333333333,0.3333333333333333,0.16666666666666666,0.0,0.17685832710495722,0.0315312623406035,-0.03376438472738968,-0.0013026006236277765,0.01273203941759538,0.019782281689351543,-0.016797901727558438,0.02212726085614732,-0.0075481283013152526,-0.0005841566171214881,0.006214327686342568,-0.009301957635846863,0.01603115779929616,-0.007141713332774306,-0.0016667507345754899,0.010763730703354027,-0.016722714906387437,0.0019421986010057686,0.0044941753656286285,-0.008962835667313462,0.0018523677655995887,0.001691956320050878,0.004864447233927548,0.016414694891755576,-0.013730106042197899,0.003879019179344752,-0.001169738136204344,0.006822803045761745,-0.0008153350525709193,0.01948096960320583,-5.741666666666667,-10.0,-3.586686326208023,12
2025-04-03,10,-0.44306999999999996,-0.9217,0.3637246395894076,0.8,0.05073933384369985,0.002376325673695951,0.009082548583295495,0.02242638740718605,-0.8226513269339357,0.6,0.0,0.2,0.0,0.1,0.0,0.1,0.0,0.1,0.3,0.3,0.0,0.0,0.2,0.2,0.0,0.0,0.1,0.3,0.2,0.0,0.17474282418961437,-0.04698763282520478,0.011735526439544994,0.007788904785443175,0.0419119048390343,0.027858383847493652,0.0030261729147770824,-0.00839678641460573,0.009801263159809708,-0.006366391891432041,-0.025974502677331757,0.023682326319416355,0.008062101850602344,-0.0014055973716434605,0.014865924378327497,0.000537281704730172,-0.007374217898677607,0.00924902059548691,-0.014531797820769205,0.009356686091600508,-0.0010687396096623445,-0.016743719457883756,-0.013018058097274156,-0.0010150913291170488,0.00911011946116459,0.006328432973354255,-0.013343652610154213,0.007842548371426509,0.004857807068853202,0.0271401007751234,-6.04,-10.0,-7.0380771559607185,10
2025-04-04,8,-0.15760000000000002,-0.7003,0.45611783565214814,0.5,0.03637299130534566,0.003299720599240017,0.004201233726171339,0.016096331922026162,-0.6736053638627169,0.375,0.0,0.25,0.0,0.0,0.0,0.0,0.125,0.125,0.25,0.25,0.125,0.0,0.25,0.125,0.125,0.0,0.0,0.375,0.125,0.0,0.1927428549199111,-0.031816148964806605,-0.037857772136724484,0.022536764465341336,0.03376792821423593,-0.0007416394255978418,-0.013248251805198365,-0.00363778145089526,0.007201692554573018,-0.006994239789552404,0.005381098247488587,-0.015121756859993576,-0.012781668401620646,-0.0069706261502930095,0.005117479153414217,-0.007963847875636807,0.00846819774176796,0.01793643116472045,0.01574563117136717,-0.007018357304747456,-0.007613834411046854,0.020773452132668443,0.00033846896571611534,-0.0034694902682427544,-0.00873198757253885,-0.0059679559791445316,0.00676256946417948,-0.0032110439677028244,0.004222836418165878,0.004551384469246973,-5.9375,-9.0,-3.9732996331756825,8
2025-04-05,10,-0.28548,-0.7964,0.35628424607327225,0.5,0.039711822670499074,0.004015926077326476,0.004502325928061733,0.012919717598070701,-0.7128215654077723,0.7,0.1,0.0,0.0,0.1,0.1,0.0,0.0,0.1,0.3,0.2,0.0,0.0,0.0,0.2,0.1,0.0,0.0,0.5,0.2,0.0,0.18344726619798418,-0.05322763200158117,0.0029060852159682763,0.0002408647022016694,-0.0015590276466016083,0.040222958043842884,-0.023332633671687402,0.02683847557409371,-0.010467314844865053,-0.004947351395111721,-0.008228273524388832,-0.01153760379328713,0.006876074904296939,-0.007497490417289546,0.010563837674916091,-0.0037408268474965443,-0.01541968313022796,0.0032023501956698437,0.015746017618823847,0.001810549377526285,-0.0017461471112145694,0.0008284623184065447,0.014432414652057348,0.0012780315047288353,-0.0026314232378645344,-0.021884401983369235,0.0034821173170060437,0.0037591608731935957,0.015166947752270043,0.00432548629519937,-6.3,-9.5,-5.027411130966884,10
2025-04-06,3,0.0,-0.4215,0.4215,0.3333333333333333,0.023474715376456772,0.010670234456742644,0.006016998409758254,0.01020296158783037,-0.27609427609427606,0.6666666666666666,0.0,0.0,0.0,0.0,0.0,0.0,0.0,0.0,0.0,0.0,0.0,0.0,0.3333333333333333,0.3333333333333333,0.0,0.0,0.3333333333333333,0.0,0.0,0.0,0.16372553707847642,-0.04000967643697554,-0.026171286792003562,0.013879372130149949,-0.02476602564360526,-0.02544440025844603,0.03270968060190322,0.03398431925569354,-0.01556704506623125,0.015331863026720521,0.019523156606306952,-0.045267079735438344,-0.006741109034234568,0.027881521466300675,0.016535221307528387,0.0024775870672705627,-0.024196325004331606,-0.004768805143467896,-0.01995118971222561,0.02269397748179582,0.042794374021100735,-0.05072543619647587,-0.007706614533703182,-0.007096340576859352,-0.00866646432282662,-0.00769233416079617,-0.029714338446609177,0.039567005130039835,-0.00544467532029218,-0.03786021495530131,-4.466666666666667,-5.0,-2.440025150606246,5
2025-04-28,10,-0.36111,-0.9716,0.3823556094934545,0.6,0.03731744121885598,0.004998230215775674,0.0021225860645321007,0.015888378803960188,-0.6168598363574701,0.5,0.0,0.2,0.0,0.1,0.1,0.2,0.0,0.0,0.3,0.1,0.0,0.0,0.1,0.0,0.0,0.0,0.0,0.5,0.4,0.0,0.18224744983130767,-0.03392394498663726,0.014830284022327028,0.0006251774985498795,0.008845134213697049,-0.017561737589647193,0.016690545492555477,0.01235351281761872,-0.004115510835978104,0.004159698705573289,-0.0003703357783980052,-0.016998139213278647,0.0036809602681051267,-0.012651413100055658,-0.005268372736209786,-0.015645218148749137,-0.00961093202908351,-0.0041001828145951855,-0.024003627720380373,0.02144821593717469,0.009550589580087239,-0.015392563764152309,0.01973205563863953,-0.003028191720152252,0.021085557497298776,0.0046019656223128865,-0.0035031410254613765,0.00902915300592233,-0.005378379256854333,-0.009689339978368548,-7.2700000000000005,-10.0,-4.533851987559206,10
2025-04-29,6,0.04850000000000001,-0.2732,0.34429113261889277,0.3333333333333333,0.05124163447572002,0.009299193799607516,0.006639410351923655,0.027039322754707548,-0.6315779586639562,0.6666666666666666,0.0,0.16666666666666666,0.0,0.0,0.0,0.0,0.0,0.16666666666666666,0.16666666666666666,0.3333333333333333,0.0,0.0,0.3333333333333333,0.0,0.0,0.0,0.0,0.5,0.16666666666666666,0.0,0.20888323893237892,-0.046934459284186526,-0.04067113133789514,0.02132242175472915,0.013858816258952899,0.017734355751333763,-0.013771878628819076,0.02409720447504769,0.006986554006832325,0.005621588777241862,-0.011244515117950835,0.004713668007980467,-0.009371171914874224,-0.00239899350046746,0.012839007812512229,-0.017486963651750013,-0.020158005713461453,-0.0025749223527773923,0.005891841352625803,-0.001119427176165896,0.008468112493237912,0.0006102627513047825,-0.0010046966484251508,-0.008418316735340147,-0.0026752173391088956,0.009197815143478744,0.005872811566613183,-0.003452239870401557,0.0038713556458337497,-0.0025603603438995285,-5.666666666666667,-9.0,-4.6014838603993615,6
2025-04-30,11,-0.17850909090909092,-0.6808,0.44892521527431595,0.5454545454545454,0.0353972664634986,0.0048169527168428474,0.004959330994016214,0.01851776242193914,-0.7080050757954809,0.5454545454545454,0.0,0.09090909090909091,0.0,0.18181818181818182,0.18181818181818182,0.0,0.0,0.0,0.36363636363636365,0.09090909090909091,0.0,0.0,0.09090909090909091,0.18181818181818182,0.0,0.0,0.09090909090909091,0.45454545454545453,0.18181818181818182,0.0,0.20938295972038565,-0.032014333922391565,0.02348809045111166,0.01842244520728077,-0.00974870332670922,-0.02729655209035774,0.0005894817950036564,0.013196872688284927,-0.003788955369312003,0.010161919828860022,-0.007837957766379633,0.0009870259451518254,-0.007322899298542565,0.004560422504471012,-0.0048854550377063245,-0.014243668708366408,-0.013772262950116344,0.0013723355998596163,0.00281294100360948,0.005608488033235794,0.0008980563899331439,0.011821197305564753,0.006463237728336737,-0.00499215156265368,0.0009727964922163331,0.0011499129229166057,0.0064183161305597205,-0.0035352881646019377,-0.007478817354495868,0.0011037775253052266,-5.672727272727273,-9.0,-5.595837040113364,11
2025-05-01,7,-0.24535714285714283,-0.7845,0.4050337469773058,0.5714285714285714,0.032139165538112045,0.0026859924497301462,0.007295131959953411,0.0076798755203468195,-0.6394497194781464,0.8571428571428571,0.0,0.0,0.0,0.2857142857142857,0.14285714285714285,0.14285714285714285,0.0,0.0,0.5714285714285714,0.0,0.14285714285714285,0.0,0.0,0.42857142857142855,0.0,0.14285714285714285,0.0,0.42857142857142855,0.0,0.0,0.1791986818992282,-0.005556737074432714,0.0066496732965278405,-0.01297096850666957,0.008413833678754123,-0.005319191158417202,-0.024644491115974335,0.012190982847465958,-0.02277384527958493,-0.006847320778953842,-0.019957552926325364,0.012294469529450782,0.005066861437605331,0.030926612750834158,0.026304605574315864,-0.0008608663966591697,-0.018453726167672744,-0.013759521944986539,-0.004217527155044195,0.003935984703310659,0.011021587770228625,0.006676901869277963,0.01329595073030009,-0.012362938984875366,0.009456670552098308,0.0023283097501747827,-0.0008900805055678385,-0.0011598871230219896,-0.00830156822370975,-0.007633317858947669,-5.428571428571429,-7.2,-4.1681270590370385,7
2025-05-02,10,-0.43438,-0.9493,0.3755579754031179,0.7,0.03247714122672265,0.002854809078255205,0.005392091234709385,0.011851896632584544,-0.762228823250495,0.5,0.1,0.1,0.0,0.2,0.2,0.1,0.0,0.0,0.4,0.2,0.2,0.0,0.0,0.1,0.1,0.1,0.1,0.3,0.3,0.0,0.2014821550684336,-0.02097653187658608,0.02436580696261234,0.0061511363985789725,-0.003057675840639993,0.00921051788903671,-0.0021768602678414843,0.003123749680795144,0.012245731301556883,-0.002878074271453507,-0.001178237211882095,-0.013456686613952195,0.008353777804261307,0.003994917973147636,-0.0010434451310279863,-0.0027046004272413228,-0.0011587225226026231,0.0213469369845705,-0.004667429112365411,0.005194845865542924,0.004846421147415442,0.004219864690008005,0.00034489332284863284,-0.008691703999422538,0.023198399500211145,0.000169662679159183,-0.004064054052225553,-0.004205564554893247,-0.008342150316231634,0.002668222514789947,-6.55,-9.0,-3.88178153710477,10
2025-05-03,6,-0.37748333333333334,-0.8519,0.4222060038259364,0.6666666666666666,0.03934850342127544,0.0023869515937530433,0.003907785263073158,0.009288406348654393,-0.7424134966688158,0.5,0.0,0.16666666666666666,0.0,0.16666666666666666,0.16666666666666666,0.0,0.0,0.0,0.3333333333333333,0.16666666666666666,0.0,0.0,0.0,0.0,0.0,0.0,0.0,0.6666666666666666,0.3333333333333333,0.0,0.20780606793666875,-0.05262099035838184,0.05392822361012831,-0.033696025156873304,-0.021131329845823332,0.03280288794684454,-0.019531612117364563,0.016130570838692494,0.007838872412673623,0.010948134312003574,0.019213921277970027,0.010596812335905531,0.0037190256224020595,0.004571673366816477,0.03095710626652069,0.0043485982677470315,-0.022935958880261148,0.0024237111068086785,-0.012728757522440673,0.004052747408013029,-0.005416185752946261,0.01182860061752278,0.020095682117626256,-0.0013401886715780457,0.01097558241427358,0.0003413854928433436,-0.0010155480337789024,-0.006833564540378528,-0.017480097032719365,-0.003647044839036986,-6.416666666666667,-9.5,-6.813126324574108,6
2025-05-04,4,0.186875,-0.3818,0.4632661393123108,0.25,0.017457022144522143,0.00380749058633674,0.010533316475093257,0.009783205576474807,-0.46789772727272727,0.75,0.0,0.0,0.0,0.0,0.0,0.0,0.0,0.0,0.25,0.25,0.0,0.0,0.25,0.5,0.0,0.0,0.0,0.25,0.0,0.0,0.1640768257478229,0.022288423047437132,-0.07852723391695224,0.0031885982046375994,-0.011796396463271708,0.004535467332005065,0.0067808214695589675,0.032702216700685266,2.3954597029585134e-05,0.009308385136857847,-0.00434110846476405,0.014210298527357928,0.004268434400657121,-0.007245693717352515,-0.0016713207038198726,-0.021807063126466884,-0.009532307766699763,-0.0058784595138181225,-0.010560220075232173,0.006200095883230072,-0.003880527721373416,-0.007317774848902143,0.013658343408462906,0.01662375098185364,-0.009724023842655593,0.013096921501264808,-0.0008513391119270731,0.011189188719330213,-0.015750192595476813,0.008715736430455907,-4.7,-5.0,-0.8956119579900699,4
2025-05-26,6,-0.5700166666666667,-0.8717,0.3017360662344935,1.0,0.03271261326470784,0.006302712423757278,0.007622646400102404,0.009620872049305047,-0.6154149017052243,0.6666666666666666,0.0,0.16666666666666666,0.0,0.16666666666666666,0.16666666666666666,0.0,0.16666666666666666,0.0,0.5,0.16666666666666666,0.0,0.0,0.3333333333333333,0.16666666666666666,0.0,0.0,0.0,0.3333333333333333,0.16666666666666666,0.0,0.19621260116808492,-0.017121632959016527,0.013812517247759427,-0.002074334650835599,-0.011742441579119087,-0.018893580319884078,-0.001396502327179583,0.012256221325466369,0.016760455625986784,0.010235296012360307,0.01571334077402144,-0.011470648516105193,-0.006380377827116287,0.013845176881237284,0.010126155601872891,0.022610560999823035,0.013509667316088445,0.018863358098584082,-0.0049798964838399596,-0.01020890121867351,-0.010953776644130414,0.011554260886344994,0.000683003760449515,-0.0036773190196803794,0.014462511697384823,0.0067708499975838825,0.003471371412544791,-0.002464725749210143,0.004711984855889078,0.0003011558625179503,-5.566666666666666,-9.0,-6.22511558351907,6
2025-05-27,7,-0.1506,-0.7351,0.5352469056426202,0.42857142857142855,0.02805472354802267,0.011561435407393631,0.007770389110393026,0.007637984167207536,-0.34136282043583616,0.8571428571428571,0.0,0.2857142857142857,0.14285714285714285,0.14285714285714285,0.14285714285714285,0.2857142857142857,0.14285714285714285,0.14285714285714285,0.42857142857142855,0.42857142857142855,0.14285714285714285,0.0,0.14285714285714285,0.0,0.2857142857142857,0.14285714285714285,0.2857142857142857,0.14285714285714285,0.0,0.0,0.207251916491252,0.050509610085417454,-0.0354230770115299,-0.028632413454362293,0.031612304480271025,-0.00392422432668177,0.008135713980351261,-0.002587154087686059,-0.015973819889080233,-0.02767649095619625,0.0003503734040037843,0.014450407632037032,-0.011845900888103016,0.004787262853387008,-0.0033545668572256995,-0.02272422783992935,0.0037370525134457584,-0.0049985046589326055,0.005327338570371453,0.010080834805028823,0.00715556266484186,-0.011056223386427453,0.021745708005485143,-0.007700523302986669,0.009910090760637393,-0.002849021368444367,0.00838678966505661,-0.0027628505478324607,0.004981716705806427,-0.0006230170230085241,-5.885714285714286,-7.2,-1.2694633149766679,8
2025-05-28,11,-0.22549090909090908,-0.91,0.491008116948275,0.45454545454545453,0.04360194379722541,0.0062518713362444125,0.005115717764408153,0.023875377474478574,-0.577054857739758,0.6363636363636364,0.0,0.09090909090909091,0.0,0.36363636363636365,0.2727272727272727,0.0,0.09090909090909091,0.0,0.2727272727272727,0.0,0.0,0.0,0.0,0.18181818181818182,0.0,0.0,0.0,0.45454545454545453,0.36363636363636365,0.0,0.1983678918966629,0.0010838640450915467,0.035875695190963425,0.027104265650386636,0.012043201695349249,-0.021679318065032052,-0.007531656735485204,-0.0071464426908377544,0.00957806913829333,-0.0002301814925260522,-0.017071604615682814,-0.014207674083469566,0.01581316061646298,-0.008710898055194554,-0.005443036534761477,0.011973381778477527,-0.0020958348875574923,0.003945339427827386,-0.012890952250962595,0.010379267001461785,0.022304280983944574,0.010914472182691192,0.009070906979105594,-0.006058916503739454,0.003902841031194522,0.0010821829383561561,0.01661631991168476,0.010974590542760518,-0.0046433854625640225,0.0024851122966149672,-6.909090909090909,-10.0,-6.081762701800366,11
2025-05-29,5,-0.62644,-0.9628,0.2649880053889232,1.0,0.038564487619427365,0.004491399818673566,0.006710113033689203,0.019092428338557187,-0.6976330613830614,0.6,0.0,0.2,0.0,0.0,0.0,0.4,0.0,0.2,0.4,0.2,0.0,0.0,0.0,0.2,0.0,0.0,0.0,0.8,0.0,0.0,0.2129246469643753,-0.06791859907278577,0.0041084524211801535,0.04069352788884834,0.01288219384368281,-0.010344560080018333,0.01307921937534513,0.02398982239473525,-0.01907177499466426,0.001969967955331486,0.011771558032130213,-0.032658054317311516,-0.0029150577549716212,0.026910175306567363,0.014287623973792607,0.010874912412686824,-0.013637104583609538,0.017864080116684857,-0.0025888532384699876,0.01456857019347956,0.010210262008202539,0.007531494048427165,-0.013539500121374426,0.00329711545577523,-0.0021088131093809867,-0.0015203653320140537,0.010393750130745599,-0.004645785711762902,0.027782368548608855,0.012943534609148655,-4.88,-5.0,-4.710159902787028,5
2025-05-30,8,-0.37012500000000004,-0.802,0.46186081313993915,0.625,0.04256632460217865,0.004753287082311901,0.006704613726775612,0.011015084618599486,-0.6431956115779645,0.625,0.0,0.0,0.0,0.0,0.0,0.0,0.0,0.125,0.0,0.25,0.0,0.0,0.125,0.25,0.0,0.0,0.0,0.5,0.125,0.0,0.1856309343542648,-0.02442946023963575,-0.03270985514576404,-0.012446337042652567,0.009835130516010194,0.012601536842608306,-0.01296494515751835,-0.012207917828837962,0.0015355339700288098,0.02535684844233509,-0.030939363107702785,-0.01605845618386598,0.012847236937369213,-0.0077022074266495455,0.007931947017605362,-0.037156803560581486,-0.0013827268062925186,0.0012822490857340649,-0.0022433337605456557,0.016406795053253313,0.01010881135316449,0.010018431746710018,-0.016240149522738473,0.003374805872188691,0.013927535612014923,-0.003032955446615511,-0.01451051725940613,0.0004446383306225413,-0.009454362282232495,-0.01922255304610123,-5.35,-9.0,-4.60049465256838,8
2025-05-31,6,-0.34145000000000003,-0.8316,0.32431311876025,0.6666666666666666,0.042532576843979965,0.005627829229508074,0.004978060261946538,0.014071344800924744,-0.6659302538836995,0.5,0.0,0.16666666666666666,0.16666666666666666,0.5,0.5,0.0,0.0,0.16666666666666666,0.5,0.0,0.0,0.0,0.3333333333333333,0.0,0.0,0.0,0.0,0.6666666666666666,0.0,0.0,0.19949214925743866,0.04179166734388299,0.09309483814943058,0.025671523996552047,0.027900140131493084,-0.009270290572621133,-0.02036872881102002,0.00942877959128142,-0.023244772928485664,-0.016055138667136894,0.015050555062145166,0.010162012369401554,0.01160235724165464,-0.011304937293412932,-0.0008484834612370219,-0.008560370042265534,0.0019603666071600543,-0.0012198935926561404,0.02109580114164095,-0.02515358247576402,0.011170061054873998,0.004616569409067073,0.0005644375611166327,-0.01211224928695203,-0.01300933403951819,0.005390054021743974,-0.009895336904553484,-0.003697117726052756,0.00590694488932515,0.006523208105175955,-5.0,-5.0,-6.143459559433712,6
2025-06-01,2,-0.4417,-0.8834,0.624658130500196,0.5,0.01357676715346185,0.0033511700111947193,0.002749770852428964,0.0032080659945004585,-0.485,0.5,0.0,0.5,0.0,1.0,0.5,0.5,0.0,0.0,1.0,0.0,0.0,0.0,0.0,0.5,0.0,0.0,0.0,0.0,0.5,0.0,0.20868078153867595,0.11730027344082633,0.07319062121997558,0.01388353066893597,-0.03803105685460907,0.02478509592356665,0.028962105391310597,-0.006704776880736846,-0.0056158624172258,-0.039979319197429815,-0.00555612937248447,-0.032749819043868034,0.02192517487207571,-0.006483800540395239,-0.00862679033453362,0.011035098111636533,-0.046838257711072945,0.014507250614459531,0.02072511818472738,-0.028259098239375252,-0.004473375637650587,-0.030517911231813945,0.009481708272914285,0.004106024407237259,0.008759550207030616,-0.007886977986226337,-0.024659678950500214,0.007651173317694363,0.008679288347938673,0.031124344376943905,-8.0,-9.0,-3.665102813025525,2
2025-06-02,1,0.4019,0.4019,0.0,0.0,0.04478656403079076,0.0,0.012596221133659902,0.032890132960111965,-0.9846153846153847,1.0,0.0,0.0,0.0,1.0,0.0,0.0,0.0,0.0,0.0,0.0,0.0,0.0,0.0,0.0,0.0,0.0,0.0,1.0,0.0,0.0,0.2019068095494727,-0.04009055742779846,-0.04369293290866132,0.0956329362600412,0.04861653808278357,-0.004574503291277237,-0.048099229292369414,-0.0003918274240564612,-0.01699809136800059,-0.05573877675290898,-0.013108296664979247,-0.06305932366301095,0.023450567818708253,-0.08756928565953438,0.10927535939088598,0.007887877322074329,0.006046802067922487,0.00027929726785376843,-0.030329913996458926,0.016445476779502633,-0.00014936063128488376,-0.0006115659081561639,0.00864461587824224,0.05825966494331905,-0.0010706570031309751,0.045335677669266494,0.012397025235605125,0.008726278624628284,-0.0016615316117433766,-0.004707688558532758,-5.0,-5.0,-4.52572845629262,1
2025-06-16,6,-0.15878333333333333,-0.4939,0.3538951789254364,0.5,0.05092850116851818,0.0032120119304374028,0.004044208615979389,0.03547784931237769,-0.8341823729041774,0.6666666666666666,0.0,0.0,0.0,0.0,0.0,0.16666666666666666,0.0,0.0,0.5,0.16666666666666666,0.0,0.0,0.0,0.0,0.0,0.0,0.16666666666666666,0.6666666666666666,0.16666666666666666,0.0,0.1830786332476738,-0.04556014946992634,-0.013750147608934013,0.03522841110972059,0.0038571012838006916,0.04010590203458015,0.010861746205067621,-0.01870894054067179,-0.020878637052231943,0.0017629860408257068,-0.006487878758756942,0.0036048517278893344,0.0042126356647557055,-0.002924112909494137,0.02844516704750495,0.0033728670465468136,-0.010708807427650591,0.0037751618810452792,-0.015282769857939952,0.0035455368715656787,-0.010458579555698845,0.0153964339207147,-0.011333285592756656,-0.00734871282778525,0.0013736753483467635,-0.014726774490518941,-0.01863209095482321,0.0034279325149798186,-0.004842224285032322,-0.012598124087519591,-5.5,-9.0,-6.362326965513985,7
2025-06-17,11,-0.12540909090909091,-0.6369,0.4417412171272802,0.5454545454545454,0.03884991904938322,0.004834816122584068,0.004523833384343044,0.02404706004640329,-0.597561745861101,0.45454545454545453,0.0,0.0,0.0,0.18181818181818182,0.09090909090909091,0.09090909090909091,0.09090909090909091,0.0,0.36363636363636365,0.09090909090909091,0.0,0.0,0.0,0.0,0.0,0.09090909090909091,0.09090909090909091,0.6363636363636364,0.18181818181818182,0.0,0.1784993729760722,-0.002062095395642967,-0.009150180251579682,0.030779147902169724,0.012038359029565205,0.014708695981894625,0.004123047799631552,0.0009721404571805416,0.006192496108487566,0.013236106016473083,-0.006266207707229307,0.007356222199091864,-0.00749505378756887,-0.017481874192476876,-0.0020932554762880117,-0.0011835444183111203,0.003913726018840537,0.006553751018744236,-0.012414668372534417,0.012467197385060998,3.349700187553547e-05,0.0009802105257991718,-0.008344064037193556,-0.016625229719155348,0.006465134851832799,-0.004260177071348251,-0.0068611242849401285,0.001117503159458981,-0.02398556838404977,-0.014131942703483108,-5.836363636363637,-9.0,-4.0918554396436955,13
2025-06-18,8,-0.23527499999999998,-0.9136,0.5087551045724961,0.5,0.05926974690453188,0.0025376868891395514,0.004216462826709604,0.025600984948384566,-0.8239523610862785,0.375,0.0,0.0,0.0,0.125,0.125,0.0,0.0,0.0,0.375,0.125,0.0,0.0,0.125,0.0,0.0,0.125,0.0,0.625,0.125,0.0,0.17250780123482534,-0.0887716194845361,0.048478836428400854,0.027355541383201447,0.012339105321693009,0.029047227521377058,-0.00822537954472976,0.028636777106532976,-0.006338579258209082,0.00976421588372494,0.006197395855081151,0.006658133655432129,-0.018492567857096978,0.010963579280292733,0.0008644766325120652,-0.006946225824153798,-0.0008308189665255832,-0.010757651949573645,0.00956608249185107,0.0066369719040632325,0.005626558907899302,-0.005510522011904408,0.003305825635659194,0.0059856870450216045,0.0011837422096084437,-0.013023152471206608,-0.0052475887746405315,-0.0023752172852809133,-0.019635164847406482,0.005081451103857094,-5.775,-9.0,-8.755831520654322,9
2025-06-19,4,0.0,-0.4939,0.40326766132020386,0.25,0.03019321746177698,0.005197003751435444,0.007861672392212566,0.010481244487438911,-0.6933210784313726,0.75,0.25,0.25,0.0,0.25,0.25,0.0,0.0,0.25,0.5,0.0,0.0,0.0,0.0,0.25,0.0,0.0,0.0,0.75,0.0,0.0,0.21403409288675387,-0.004364220575395306,-0.025767010348444044,0.011202825742739316,0.01325389595993346,-0.018390202985256246,-0.00877573181740381,-0.022600004075173097,-0.011173191519609504,0.04369808081588796,0.008703248618895916,-0.00807534993952135,0.0005328520879750373,0.03488976690255775,0.033019850500994284,0.008447170157025905,0.0017546997106152721,0.029910225606385867,-0.005372637998280654,0.0009983795227669137,0.016500575784554612,0.005601918472716228,-0.0058325306942164055,-0.011115407080884314,-0.028144149544130234,-0.012731104695539567,-0.025954727298309298,-0.014612163480971632,-0.021545778226693034,-0.009653745654378074,-4.85,-5.0,-4.6243283462483165,5
2025-06-20,5,-0.14528,-0.9287,0.44661996932515236,0.2,0.0387919635820249,0.006249896149131179,0.0026623310055122243,0.01854000371259831,-0.5684137206389528,0.6,0.0,0.0,0.0,0.2,0.2,0.0,0.0,0.0,0.4,0.2,0.0,0.0,0.2,0.0,0.0,0.0,0.0,0.8,0.0,0.0,0.22776296032910034,-0.06783212498692735,0.010270149699155007,-0.015148968997338053,0.007828821973185266,0.019635469171014594,0.0019811039315604934,0.006819465101640239,0.0011511985050208825,0.005631816353129144,-0.011611913594752669,-0.02214439836277305,-0.0013252416286918573,-0.015992362593966344,-0.0006492176364925516,-0.012278323954686867,-0.018130501812085826,0.016418797761627475,-0.010080376940743726,0.005073950391464951,0.012308006717516164,-0.029064952936361847,0.0003032020748990588,-0.020693832045319722,-0.0178832034690684,-0.006175604366442598,0.0017734311235093774,0.006258864373502005,0.0025138353674995575,0.023018350582174635,-5.8,-9.0,-4.66617587633788,5
2025-06-21,8,-0.16697499999999998,-0.743,0.4540429329920244,0.5,0.032334209933157776,0.008583722966788701,0.007556225592195901,0.00998267045504662,-0.553698521872864,0.25,0.0,0.0,0.0,0.125,0.0,0.125,0.125,0.125,0.0,0.25,0.0,0.0,0.0,0.125,0.125,0.0,0.0,0.625,0.125,0.0,0.18868798045813426,-0.0054498211653883875,-0.03300267130646812,-0.019271646325390086,0.016687279002018343,-0.0010820003880551237,-0.004982305416079583,0.0183653827480141,0.0025016837286635854,0.03429351312036382,-0.01260226369898666,0.0040307226781534575,-0.01189343592974997,-0.008226311216045428,-0.002178194653108356,0.0012718684455204495,-0.008207471647054418,0.0026997987007752727,0.007077897752887892,0.001046858874109216,0.012314431703820811,0.0033897837299993777,0.010752847313917334,0.008650694323062397,-0.0012970802719473665,0.008589273639467813,-0.007898843309904945,-0.00810437073380861,-0.005554528341047343,-0.0047534275418978835,-5.675,-9.5,-3.7671775446290456,9
2025-06-22,7,-0.31225714285714284,-0.716,0.4180930672196596,0.7142857142857143,0.0411204716906504,0.0038002434776869955,0.005133090704710243,0.014712207157077084,-0.7761649462696683,0.7142857142857143,0.0,0.14285714285714285,0.0,0.0,0.0,0.2857142857142857,0.14285714285714285,0.0,0.42857142857142855,0.0,0.0,0.0,0.14285714285714285,0.14285714285714285,0.0,0.0,0.14285714285714285,0.5714285714285714,0.0,0.0,0.2060923177386352,-0.006296996724732019,-0.015494223012953525,-0.009431658532436351,0.02355874048338499,0.029491440170206995,0.013557966706840823,-0.039461940090310864,-0.02586984412343952,0.015637369639981094,-0.011591842189394037,-0.001915396711611396,0.0018288893241585908,-0.000773872242079736,0.018530882962649202,0.0166570546750762,0.00010145348549999411,0.019857201112122247,-0.01213380946126623,0.010833565849540792,-0.0021881521170730622,-0.0012334693426580467,-0.006211451257782889,-0.009075721977027799,0.017637130593594934,0.0030900968702958346,-0.0064212882507741756,0.006196628913126798,-0.02038366001350963,-0.004473642849356952,-6.142857142857143,-9.2,-4.030092930066216,7
2025-07-02,12,-0.33364166666666667,-0.9423,0.4101147233249238,0.75,0.03570403666858971,0.0023964041747968645,0.007694020164005863,0.016213797445609055,-0.7446992697807916,0.4166666666666667,0.0,0.0,0.0,0.08333333333333333,0.08333333333333333,0.0,0.08333333333333333,0.0,0.25,0.08333333333333333,0.08333333333333333,0.0,0.08333333333333333,0.16666666666666666,0.08333333333333333,0.08333333333333333,0.0,0.3333333333333333,0.25,0.0,0.19072496449529178,-0.03326106038747954,0.008369407963692994,-0.010462106245764958,0.003942227849322739,0.005525614810152742,-0.008857785618787124,0.0055982071692428454,0.004336450492451906,0.010290093401610871,0.0026066738772195577,-0.005768360065710601,0.0010867450711746008,-0.002733274916639997,0.02215182997714442,0.0059322948141070225,-0.009659162233166962,0.00022354127534774106,-0.01353085049621914,0.012049931806814672,0.016609228099564468,0.008852000684849334,0.004016495345358653,-0.003444370005990868,0.005118197198788894,-0.004444322101917844,-0.003830828682297912,-0.008960487492058487,-0.014158203850701144,-0.014840653326099922,-6.491666666666667,-10.0,-6.840291791805989,12
2025-07-03,9,-0.4177555555555556,-0.8442,0.2855334836368193,0.7777777777777778,0.03549734466784842,0.004771135400316523,0.005159517821685198,0.01425424351125114,-0.628666578245459,0.2222222222222222,0.0,0.0,0.0,0.0,0.0,0.1111111111111111,0.0,0.0,0.2222222222222222,0.1111111111111111,0.0,0.0,0.1111111111111111,0.1111111111111111,0.0,0.0,0.2222222222222222,0.4444444444444444,0.1111111111111111,0.0,0.153009809616887,-0.04348265832317437,-0.012010967528148583,0.005405899756667936,0.0051384171054322395,-0.01632620420616223,-0.017224205292597303,0.0026840943175030605,-0.017028001559057107,0.015786696290376514,-0.0022619373977385534,-0.00836257678345856,0.001276712721619719,-0.003027465690939641,-0.012447460455625151,-0.0004326949951247269,0.0014483511202935092,-0.004763301768847396,-0.014993160563119211,0.014903688933343163,-0.004873806387684694,-0.012043697940299709,-0.013306701616532694,0.0006984740966071057,0.010805119824088253,0.007915550610211661,0.011630568666701903,0.0030227821570962174,-0.00039236769413410373,0.010644825673124232,-5.155555555555555,-9.0,-5.026398026692395,9
2025-07-04,6,-0.4509666666666667,-0.8957,0.3215526499139241,0.8333333333333334,0.040847381959599575,0.005147190377531043,0.004464894345485768,0.007346629523811526,-0.6751121020246703,0.6666666666666666,0.0,0.3333333333333333,0.0,0.5,0.16666666666666666,0.8333333333333334,0.16666666666666666,0.0,0.5,0.3333333333333333,0.0,0.0,0.0,0.3333333333333333,0.0,0.0,0.16666666666666666,0.3333333333333333,0.16666666666666666,0.0,0.23503207276026283,0.044769527828890245,-0.015126014007537672,0.004959154713147254,-0.029131277643604875,0.02501411458725616,0.03656442204102985,-0.0006911731001357687,0.007388918083019919,-0.0038785137050301316,-0.028225775150085203,0.021354247966461754,-0.01886804369722811,3.2180022909799925e-05,-0.01363919447444211,0.005341369662657914,-0.018611736129477162,0.008390983497442056,-0.008409934963061173,0.0016847974946219018,-0.014593409828242629,0.006303292544626281,0.013740391495204079,-0.014019240440239437,0.0006143135876122812,-0.011195711989989235,0.0016387290563148842,0.029188441962233167,-0.0004671419679181865,0.006628203686347589,-5.566666666666666,-9.0,-6.201168473741128,6
2025-07-05,2,-0.372,-0.872,0.7071067811865476,0.5,0.01934568669932974,0.0019059720457433292,0.008726196479938693,0.002534956907845618,-0.7575757575757576,0.5,0.0,0.5,0.0,0.5,0.5,0.5,0.0,0.0,1.0,0.5,0.0,0.0,0.0,0.5,0.0,0.0,0.0,0.0,0.5,0.0,0.2443811179826161,0.02559051508207833,0.02302897889822742,-0.04062572869638461,0.005220054992434766,0.056084436876127394,-0.005174254098812607,0.004261998529230299,-0.014067106734174167,-0.03513353361942266,0.05129211311336117,0.010915989793036526,-0.006794360021121667,-0.04280311573720781,0.013403210414326107,-0.007151332471606206,0.04394835064083632,0.00039004022961560206,0.015022846333486566,0.0021172982699972642,0.013919809725356695,0.010439874738078187,-0.006844682473752622,0.014825791954090761,0.0011581685757484344,0.008369232526452405,-0.00037136066039203733,0.026183740440162712,0.015820025554951204,-0.003995842998762022,-6.7,-9.0,-6.78780555813736,2
2025-07-06,4,-0.494275,-0.7783,0.34013747588291415,0.75,0.02033676285935566,0.002689715860408031,0.009669720101617492,0.0,-0.5122863247863247,0.25,0.0,0.0,0.0,0.0,0.0,0.0,0.0,0.0,0.0,0.0,0.0,0.0,0.0,0.25,0.0,0.25,0.0,0.25,0.25,0.0,0.16544516258648367,-0.026514070573420964,-0.009176611449560303,-0.0932502062532842,-0.014198797700201816,0.009090706947469081,-0.042045518205733025,0.006765778713506905,-0.03616422431800689,0.038751672859800704,-0.0010153192991628687,-0.019076338956199,-0.015254168734855678,-0.001475098765678336,-0.028817666873108196,-0.04811090982207821,0.011116542830524757,-0.005123987722904228,0.008291398057911846,0.018443418201423683,0.012364744286605672,0.029390316943454054,-0.05788113216370684,0.026920465562316052,0.001986241795980739,0.025921791318783124,-0.015487406715642162,0.0418292831899109,0.02505973006999792,0.0034187521245616346,-6.4,-9.0,-6.144792282190375,4
2025-07-15,1,-0.6249,-0.6249,0.0,1.0,0.027848101265822784,0.004219409282700422,0.012658227848101266,0.006751054852320675,-0.717948717948718,1.0,0.0,0.0,0.0,0.0,0.0,0.0,0.0,0.0,0.0,0.0,0.0,0.0,0.0,0.0,0.0,0.0,0.0,0.0,1.0,0.0,0.2800976524153352,0.01231789772483436,-0.14576448846018153,-0.04950614273776203,-0.08166136464857408,-0.00804678106489173,-0.015825639571478475,0.010203363564405108,0.045959098906607675,-0.043861289425337055,0.002950681785978899,0.020725636349131826,-0.015830284278020672,0.0076814288979348295,0.06547204054709829,-0.023400203497992187,0.05259470739642864,0.02550520140456801,0.03134399136260306,-0.034951924668912185,-0.01986068232666174,0.0653199123408273,-0.05835711419367419,0.006727688025465137,0.005222095030130883,-0.035292403263811625,-0.011313826786511189,-0.021630668742524013,-0.005821431857007215,0.013686821799505016,-10.0,-10.0,-2.96861747243427,1
2025-07-16,2,-0.1626,-0.3252,0.22995112524186526,0.5,0.021046353441500673,0.005754784350178129,0.004087193460490463,0.0069137201239921646,-0.5215311004784688,1.0,0.0,0.5,0.0,0.0,0.0,0.5,0.5,0.0,0.5,0.0,0.0,0.0,1.0,0.0,0.0,0.0,0.0,0.0,0.0,0.0,0.19456870655745973,0.10517380584166042,-0.033758919346828176,0.007326726497620867,0.07386547824452849,0.025034510633502222,0.014947687392391017,0.005076001546405544,-0.028449230783169754,0.030144596920258015,-0.008378002281226886,0.038872378850679484,-0.0443948164791704,0.005904050156068565,-0.015587890213351805,0.05908473896571774,0.021401339344415585,0.027981001143275345,-0.014812595483953639,0.04024274949041026,0.024581194654115276,0.023420828227666765,-0.03900116891527916,0.005002826268343322,-0.0352328198716971,-0.01495994245211316,0.0368935687183062,-0.006119484792029938,0.011489629489599213,-0.013518895359097166,-5.0,-5.0,-1.5813269684664548,2
2025-07-17,2,-0.67325,-0.7096,0.051406662992261994,1.0,0.07102823279818854,0.0008389261744966443,0.002936241610738255,0.048493247791762714,-0.9510767790262172,0.5,0.0,0.0,0.0,0.0,0.0,0.0,0.0,0.0,0.0,0.0,0.0,0.0,0.0,0.0,0.0,0.0,0.0,0.5,0.5,0.0,0.23445659903208044,-0.17336901965355095,0.0520078985153226,0.08495500716679077,0.021852961341736386,0.014969364075038336,0.016840891582225674,0.004914904222628586,-0.017378574908229298,-0.02464240931058164,0.004633421112018662,0.01699796309311577,-0.033563878876438594,-0.02909627099727263,0.0001123817256485967,-0.004810481877288297,-0.018592279068633005,-0.01132213013904499,-0.0022700364265746432,0.0046376911679097445,-0.019807767206484653,0.01036518999510226,0.02862078922857391,-0.015003556212569071,-0.0012150819006513658,-0.047383808672210204,0.00038842656177435087,0.036773823751921966,-0.0193980873504792,0.015634496614737932,-7.0,-9.0,-9.934271217712192,4
2025-07-21,2,-0.38849999999999996,-0.4588,0.09941921343482855,1.0,0.03600929375475704,0.0018867924528301887,0.005031446540880503,0.028970876897808757,-0.8146341463414635,0.5,0.0,0.0,0.0,0.0,0.0,0.0,0.0,0.0,0.0,0.0,0.0,0.0,0.5,0.0,0.0,0.0,0.0,0.5,0.0,0.0,0.2103695369792109,-0.09290474451155456,0.00011884138521887563,0.046201858033881736,0.01565649484597586,0.0019216920351908043,0.015667233492657272,0.0002963341863317418,-0.02972628367557003,0.0131330100310665,0.006754437307805446,0.0036923551612277963,-0.014892659649515996,-0.027946027357886923,-0.025488118926144297,0.0038347141951787893,-0.0327910739715217,-0.03255480269393053,-0.01740236852113398,-0.0074252635627396575,-0.02945187922363755,0.005758581802007167,0.0002746979343876176,-0.04429069515232215,-0.0019636837164861273,-0.017946066340267634,0.015775575659756885,-0.002349540322502357,-0.03893727347029201,-0.03022207134977483,-5.0,-5.0,-3.993506493506495,2
2025-07-28,6,0.08625000000000001,-0.4404,0.34303295322752886,0.16666666666666666,0.04435191714965545,0.003675106555010152,0.005297932402355289,0.021575812344767343,-0.7121759854906582,0.6666666666666666,0.0,0.16666666666666666,0.0,0.0,0.0,0.0,0.16666666666666666,0.0,0.0,0.0,0.0,0.0,0.3333333333333333,0.0,0.0,0.0,0.0,0.6666666666666666,0.0,0.0,0.2203805157819597,-0.044659076896160686,-0.050657620008529615,0.02013719862079696,0.022772832750678013,-0.00044104189079967657,-0.029739158078503334,-0.034330013548151496,0.0018379724132926132,-0.0015934018866759095,-0.015860346497280582,-0.0265590365434428,0.0002941909637040434,0.01797111068128854,0.022038714653568242,-0.021355623492979484,-0.0036714401825617715,0.0381434245897786,0.008896931804370857,0.012377820061200591,0.011818899843636285,0.011267986436923444,-0.033703653743577276,0.007783737789591725,-0.02059467429063479,-0.012050604237172432,-0.010216791569892988,0.014244979291055289,-0.026494668343251305,0.004848756877552286,-5.0,-5.0,-5.539571117201585,6
2025-07-29,7,-0.2965714285714286,-0.8658,0.5113365712010232,0.5714285714285714,0.03153854347385802,0.003962879899198039,0.0038350049409265146,0.016249015046376318,-0.6256977336389101,0.5714285714285714,0.0,0.0,0.0,0.2857142857142857,0.2857142857142857,0.2857142857142857,0.42857142857142855,0.0,0.2857142857142857,0.0,0.14285714285714285,0.0,0.14285714285714285,0.14285714285714285,0.14285714285714285,0.0,0.0,0.2857142857142857,0.2857142857142857,0.0,0.2461519332233408,0.00641752016941685,0.016224592974035168,-0.010264665091075358,-0.021612068380736836,0.013683740597601782,0.02523350959978726,-0.023672340885066517,-0.023363335445447497,0.0009627642862030547,-0.01927270364567894,-0.009448639888033494,0.0025300879323531425,-0.021911165433004417,-0.01770645027472107,0.029797008174814243,-0.011217433047836805,0.021028258063876315,-0.019872045872140025,0.0062083786417298165,-0.008682111741788314,-0.00012561373167738,-0.013931623694617467,-0.0062470714123436235,0.02417765052651703,-0.009221195852628742,-0.021167644610657177,-0.0039012714228101003,-0.012254606194306484,-0.001287523978894216,-6.271428571428571,-9.0,-3.9132609484076,7
2025-07-30,10,-0.12477,-0.6486,0.283549909578935,0.4,0.03009675468473567,0.007622438292926548,0.00625833999575251,0.006927113791243824,-0.3822361444752356,0.6,0.0,0.1,0.0,0.5,0.1,0.1,0.0,0.1,0.1,0.2,0.1,0.0,0.1,0.2,0.0,0.1,0.0,0.4,0.2,0.0,0.19503733171989943,0.01991752718153041,-0.005082152338192857,-0.05019523042052805,0.03051599530638984,0.0003620318154729296,-0.016429849233200802,0.013549088958403888,-0.02107879058216084,0.0028723369296356953,-9.86991334410589e-05,-0.0007172173061112113,0.01729287165645561,-0.015077614680115722,-0.005599147764860442,-0.0201983741826872,0.009244327452415862,-0.004844892079825279,-0.005849456331329644,0.0057066421652983606,-0.0003809745579099407,0.004581178251516544,-0.015549768026167986,0.00868745720622816,0.002243223658044207,0.017020345097472907,0.010048270793054825,0.007780350995749807,0.009060467442965228,0.003200215882958756,-6.16,-9.0,-3.3815385221443277,10
2025-07-31,14,-0.23079999999999998,-0.8834,0.3917974299990317,0.42857142857142855,0.046412035523710336,0.00238118243605153,0.006254549664603897,0.02746159021004945,-0.7936109623635342,0.6428571428571429,0.0,0.2857142857142857,0.0,0.21428571428571427,0.07142857142857142,0.07142857142857142,0.07142857142857142,0.21428571428571427,0.5714285714285714,0.07142857142857142,0.0,0.0,0.0,0.14285714285714285,0.0,0.0,0.07142857142857142,0.35714285714285715,0.42857142857142855,0.0,0.19118760677550325,-0.03199121872726642,0.009111832388915178,0.045686022661932287,0.03621244509150869,0.014798764639632585,-0.02202135750046877,0.0033695835416822895,-0.0024003439529433394,-0.0050432258845692505,-0.012742541020490022,-0.0004712421493395811,0.0033089383410783275,0.01606318889837931,-0.009878181292970061,0.012466105146374059,-0.004169497902483651,0.012063652032759399,-0.030498518286561888,0.008216619101548603,-0.0018742259667697142,0.0031306185147096754,0.0006474359690424106,-0.008500644163001999,0.005850717194631925,-0.006476680800511705,0.0011716285568800502,0.007688612530108639,0.0008466014093871833,0.00741321097479155,-6.742857142857143,-9.0,-7.15507052537154,14
2025-08-01,9,-0.21272222222222223,-0.7003,0.42721263376033775,0.5555555555555556,0.044449385039013634,0.00404312688774187,0.005638951553614161,0.01603542685682817,-0.7884388396961796,0.7777777777777778,0.1111111111111111,0.1111111111111111,0.0,0.2222222222222222,0.1111111111111111,0.1111111111111111,0.0,0.2222222222222222,0.4444444444444444,0.3333333333333333,0.1111111111111111,0.0,0.2222222222222222,0.3333333333333333,0.1111111111111111,0.0,0.0,0.2222222222222222,0.1111111111111111,0.0,0.23061097964762847,-0.015451757846614554,-0.005770864676716384,0.03538530364323418,-0.009155235515335118,0.018695316167410325,0.014144965807921295,0.001055416461596365,0.002172101889000839,-0.011468526650185357,-0.005549177467715614,-0.013881431723422176,-0.013271867029468682,0.0029647404892391275,0.02341640387583008,-0.009083800022609775,-0.01549143625022669,0.0024220770322987864,-0.019105053557233177,0.012349559075817152,-0.007672516764997469,0.011518689212983683,0.006722915204142728,0.008930370116693233,-4.022549009079089e-05,-0.006246974996879359,-0.008105283421505963,0.016841241690240087,0.0018842167384294775,0.0029034142892346657,-5.855555555555556,-9.0,-5.786653831940237,9
2025-08-02,6,-0.6485833333333334,-0.875,0.2217414117089243,1.0,0.05192578734774056,0.0010031678233546422,0.004500934325414965,0.021777683722834257,-0.8338247998561465,0.3333333333333333,0.0,0.16666666666666666,0.0,0.0,0.0,0.0,0.0,0.0,0.0,0.0,0.0,0.0,0.0,0.16666666666666666,0.16666666666666666,0.0,0.0,0.3333333333333333,0.3333333333333333,0.0,0.17579230713354735,-0.07896234453111943,0.029752979230961943,0.0010489687735193657,0.026897786310177155,0.018452536447918524,0.0030545493826187355,-0.0007141740821909534,0.029665698091051507,0.0006570530319780459,-0.018078651182942895,0.0028494863092521938,0.02911914281130092,0.00996894773132166,-0.014036848354038588,-0.0011522562318745909,0.0015106764104532006,-0.011801775501416395,-0.007452659478938313,-0.010618874391229854,-0.0033234981009239765,0.012517033248336758,0.01400858326080571,0.004211603092548384,-0.024625122284656558,-0.027698996208364617,-0.010510533307620543,-0.021342915681894652,-0.025416869047841836,0.003168500413034285,-6.483333333333333,-9.0,-8.1921513916515,6
2025-08-03,5,-0.23718,-0.7783,0.46438292604272174,0.4,0.029839623050619556,0.003064268616056648,0.006482810935472717,0.007857770275941511,-0.7141016548463357,1.0,0.0,0.0,0.0,0.2,0.2,0.4,0.0,0.0,0.8,0.4,0.0,0.0,0.0,0.0,0.4,0.0,0.2,0.4,0.0,0.0,0.211247562329581,0.041103579585534025,-0.06969539563292274,0.04270170511983162,-0.05578348241099457,0.07139288688437097,0.016289963807536202,0.02877909936185341,0.007903209977190427,-0.028216481590446308,-0.010816366034860695,-0.013934182299184172,-0.028860363041616415,0.02581195886341616,-0.002854333509153073,5.067687433387355e-05,-0.020381454148476842,0.0008511486100869978,0.004754711511460614,0.007413105973442817,0.0011121539220523015,0.0026235379705825527,0.0014878892107915262,-0.012579203521441328,0.0020868475979168633,-0.0006195804398685213,-0.0012267304311658622,0.009884261331243257,0.001328682073357101,-0.012290699293098322,-5.4,-6.5,-5.95015072434935,5
2025-09-01,5,-0.34318,-0.6969,0.32331842972524777,0.6,0.02315212525964698,0.002765200140039678,0.0044397191329547,0.010597733974822372,-0.6744303941672363,0.8,0.0,0.4,0.0,0.2,0.2,0.0,0.0,0.0,0.6,0.0,0.2,0.0,0.0,0.2,0.0,0.0,0.2,0.6,0.0,0.0,0.21525040277227384,0.033745888308937225,-0.02074556029450795,0.025802495338876158,-0.008392778029002932,0.013425975523360206,-0.005764142940467847,0.012009110230073661,0.04051349758181519,0.023288226416429147,0.01739018391439214,-0.03127805831786316,0.0062561731372780096,0.03536393017627506,0.025511398662520186,0.010769973242312405,-0.009025768868031723,0.02938149565394683,-0.02006589648717901,0.006167657529001331,0.010190990295181248,0.018531453150099263,-0.012265574117856264,-0.009645840921338637,-0.010708979540542314,-0.02531064064186096,-0.03038017068041817,0.0024416870551643446,-0.009772612897424409,-0.002761912271805527,-5.279999999999999,-7.0,-3.036432345427154,5
2025-09-02,13,-0.3587461538461539,-0.9432,0.45877584689291095,0.7692307692307693,0.04652829226745195,0.004389827331312712,0.0034434167939962584,0.011716232447683324,-0.7195565607068484,0.5384615384615384,0.0,0.23076923076923078,0.0,0.3076923076923077,0.23076923076923078,0.23076923076923078,0.15384615384615385,0.0,0.38461538461538464,0.23076923076923078,0.15384615384615385,0.0,0.15384615384615385,0.0,0.07692307692307693,0.0,0.0,0.6153846153846154,0.15384615384615385,0.0,0.21060471416507986,-0.019678137061576877,0.04028929151382041,-0.018387123615714103,-0.0044937054645888385,0.02780293514924772,0.01838233627133453,-0.015790863015792626,0.0326641274885075,0.003618280403433792,-0.004487769133428248,-0.011411449722660129,-0.010145169672837863,0.006513642130988027,-0.0005029493777215174,0.004508735488451024,-0.003971454212206891,0.0025649599120102775,-0.014742045800627239,0.016367015151275463,-0.0015695244640414375,-0.006045824060276951,-0.007908964558133657,0.003724769391689868,0.002396270060795603,-0.0012197038281804456,-0.0001318281446013897,0.00044468611519346183,-0.0026483787395792458,0.0034612177982762025,-5.769230769230769,-9.5,-6.435180232596867,13
2025-09-03,6,-0.3024,-0.8885,0.37406857660060133,0.5,0.02502003651990505,0.004349679923831223,0.007673619408995226,0.015239494599478416,-0.5639880952380952,0.5,0.0,0.16666666666666666,0.0,0.3333333333333333,0.3333333333333333,0.16666666666666666,0.0,0.0,0.3333333333333333,0.0,0.0,0.0,0.0,0.0,0.16666666666666666,0.16666666666666666,0.16666666666666666,0.5,0.0,0.0,0.18963303983670207,-0.05701099343785717,0.04621518440363523,-0.02655644118916095,0.00997189394219807,0.006012406502481266,-0.015576831486186977,0.013463241114470677,-0.007378734172297047,-0.010216252659186008,0.005268523259747762,-0.0020267178817522254,-0.004639649530474912,-0.010174873019630793,-0.0031493762933678927,0.01180643863137329,0.0035339805820486306,-0.006011020669430261,-0.004659184121069134,-0.001988403541113413,0.007908551603483286,-0.021720829061360258,-0.004791978108795547,-0.015244702398135352,0.012656945298350318,-0.008053237066554614,-0.0032711655934713514,-0.004121872770573873,0.008880346928909934,-0.0013505358499251486,-5.45,-7.2,-2.973325680201953,6
2025-09-04,15,-0.17010666666666668,-0.875,0.4822549806699277,0.4,0.029371343970758745,0.005442005973218512,0.005369349778205224,0.011323092597655566,-0.5937456317229902,0.7333333333333333,0.0,0.2,0.06666666666666667,0.3333333333333333,0.2,0.13333333333333333,0.13333333333333333,0.13333333333333333,0.5333333333333333,0.13333333333333333,0.26666666666666666,0.0,0.06666666666666667,0.13333333333333333,0.0,0.06666666666666667,0.13333333333333333,0.5333333333333333,0.0,0.06666666666666667,0.2046515630710769,0.03974898976493681,-0.02306284578451857,0.011075339478825441,0.004968620948053268,0.019288405022335205,0.010122463397097485,0.01632012775427453,0.001972459267439832,0.012135282454393133,-0.021932350191749987,-0.004341652628624051,-0.01834824986045782,-0.00017085006417083318,-0.002070434027114202,0.006261253112961281,-0.004603889510626089,-0.003936255445645475,-0.013866811424233894,0.015587436345687664,-4.192227731266383e-05,-0.00116976425986979,-0.009438750757906289,0.009055894675220588,-0.00031095353026147073,-0.0063587912506401,-0.0020893366388156807,0.007683579343757887,0.003360334748212978,-0.006501204474487572,-6.359999999999999,-10.0,-4.2707297282371295,15
2025-09-05,7,-0.3208428571428571,-0.6486,0.23072094874648075,0.8571428571428571,0.0358897733232973,0.0039796193043449436,0.006988225542423852,0.014110260470835271,-0.724057323289662,1.0,0.0,0.0,0.0,0.14285714285714285,0.14285714285714285,0.14285714285714285,0.14285714285714285,0.0,0.7142857142857143,0.2857142857142857,0.2857142857142857,0.0,0.14285714285714285,0.0,0.14285714285714285,0.2857142857142857,0.14285714285714285,0.14285714285714285,0.14285714285714285,0.0,0.21479631510721078,-0.005726560549104119,0.002884116330038049,0.03334165026674409,-0.021886111777126665,0.009613551359071989,0.006591670171287527,-0.022935318506336417,-0.001898264880272758,-0.023423131733763765,0.003708912703098962,-0.002439664555422371,0.007756176994204773,-0.0004074173162388481,0.0033700168183641585,0.004073885522617579,0.012589725639433932,0.03188729359687053,-0.020810917625289565,0.010020436225964546,0.011133232918152847,0.007331147712423372,-0.009477100551444085,-0.007673601777667869,-0.00833308332439256,0.0069405226964965065,-0.0007761906322455466,-0.0036875546296744506,0.014751519903509378,0.013707724151920456,-6.271428571428571,-9.0,-5.604828129252681,7
2025-09-06,8,-0.40735,-0.8481,0.4457989969866304,0.75,0.0382005596588094,0.005398734828792901,0.004385207141312105,0.014767827281603366,-0.572235275689223,0.5,0.0,0.25,0.0,0.25,0.25,0.375,0.125,0.125,0.5,0.125,0.0,0.0,0.0,0.125,0.0,0.125,0.25,0.125,0.375,0.0,0.21444153614612954,-0.011987041357856871,0.035258951721928784,0.0391797975468903,0.023565568579779123,0.02427210135014433,0.02098407573889164,-0.0013833861954969037,-0.003466454832387697,-0.0011338794731935342,-0.00038632069073260393,0.003149400599532731,-0.022873251978566513,0.009122921441938277,0.004705854618729419,0.019321553740809266,0.0025838291257966033,0.007200761229017437,-0.014118271633420887,0.01692851828403336,0.007063720035091975,0.007767670050854391,-0.01756233611647738,0.0007641687874793421,0.016693745912281614,0.016914815296547668,-0.0050969819322516695,0.0054381910438802035,0.006848684786098878,-0.01303819678273408,-7.4,-10.0,-5.623252645147008,8
2025-09-07,5,-0.18598,-0.8658,0.5260590385118384,0.6,0.027460613589070988,0.006186544146257129,0.007788545448623006,0.008063658158036495,-0.3725952813067151,0.6,0.0,0.2,0.0,0.2,0.2,0.0,0.2,0.0,0.4,0.2,0.0,0.0,0.4,0.4,0.0,0.0,0.0,0.2,0.0,0.0,0.19587798025798459,0.06508068426813554,-0.025615156585374128,-0.024512908037599358,-0.018857051451797297,-0.026069854329920105,0.013943158451407233,0.006513291987299717,0.03568841379008788,0.033628902425039665,-0.04612331863630821,0.01037862870524255,0.002543263761030709,-0.033660753972360055,-0.003533429515000437,0.00027172760341579447,0.01741085012988223,0.010913641195472345,0.0027877090511366424,-0.015730735803155357,-0.005883788908929215,0.008263491992758748,0.0027267693796859207,-0.0028985802785286056,0.00849022525173812,-0.0065202347027196374,-0.009057868434807973,0.007009853101725168,0.008237406787717944,0.010483801403421235,-5.279999999999999,-7.0,-1.07006081121381,5
2025-09-29,8,-0.12771249999999998,-0.8176,0.4660257363754557,0.375,0.028809021600521657,0.007133519216195362,0.005862683612712639,0.010379271678175409,-0.32335042762074123,0.375,0.0,0.0,0.0,0.25,0.0,0.125,0.125,0.0,0.5,0.125,0.125,0.0,0.125,0.25,0.0,0.0,0.0,0.25,0.375,0.0,0.20193121250291682,-0.024964143706952244,-0.03746214109053681,-0.01781339768612997,-0.00810656245028543,-0.022446702600132856,0.01642331575983435,0.008938815983066194,0.014652777639167515,-0.022679950303981143,-0.019932087796478974,-0.013505540772062065,0.003925588431178836,-0.015379812078563568,0.0006026218682508712,-0.0020654653974885246,0.0039623802287463185,0.0004611430655923369,-0.019932367807295008,0.015688388862834506,0.0050681233793175105,-0.002732638784376561,0.0002727053351689714,0.009070815847332164,0.011587039191120379,-0.0015512490126862928,0.011024945548580696,-0.0001963680426967663,0.0025775163758681215,-0.005167576340957961,-6.675,-9.0,-3.1848906237192613,8
2025-09-30,9,-0.4321,-0.9726,0.36347958333309455,0.6666666666666666,0.04110327353471696,0.007026648702584765,0.004144064937030545,0.014496547414653557,-0.5293295166459182,0.5555555555555556,0.0,0.1111111111111111,0.0,0.1111111111111111,0.1111111111111111,0.1111111111111111,0.0,0.1111111111111111,0.4444444444444444,0.0,0.1111111111111111,0.0,0.0,0.2222222222222222,0.0,0.0,0.0,0.5555555555555556,0.2222222222222222,0.0,0.173579805208533,-0.015928403407363425,-0.0050857376587397675,0.0011533971828639432,0.01621484539320987,0.00011541130988047436,0.0030073481451643397,0.009383988316338857,0.005680389143397694,0.011860440700328065,-0.005762336108383908,-0.00782624848393345,0.0021333202238706522,0.013740410742431472,-0.003991099952929278,-0.0043292133563410185,-0.009134063926838241,0.017281377962098096,-0.009011647964990231,0.0049781424191918605,0.020366811371538965,0.017596903820097085,0.004149471134093519,-0.01590564762653132,-0.022832028213931026,-0.00944347119180728,-0.007846374644837627,0.007416932747459654,0.01196836043722511,-0.01253156719509296,-5.977777777777778,-9.0,-4.561830013476226,9
2025-10-01,11,-0.1596909090909091,-0.8834,0.4681746393271328,0.36363636363636365,0.038643313221354614,0.004670643933130631,0.00561046709844159,0.014255699945595559,-0.6625503109627441,0.5454545454545454,0.0,0.09090909090909091,0.0,0.36363636363636365,0.18181818181818182,0.0,0.0,0.18181818181818182,0.36363636363636365,0.0,0.09090909090909091,0.0,0.09090909090909091,0.0,0.09090909090909091,0.09090909090909091,0.0,0.5454545454545454,0.18181818181818182,0.0,0.1802536598213116,-0.012627930594380892,0.01341788262547419,0.002132967217496501,0.029891394854888297,0.010022063239715637,-0.01772282880902941,-0.004458513013410526,0.02158222271481812,-0.007332831439281485,-0.010981746315369606,-0.02116721530448271,-0.008590178140772536,0.002563869921305281,0.008516882200303137,0.02617817031839089,-0.01851231393660704,-0.0033644710901406093,-0.022097622137245417,0.0005517695213295919,0.014708863919608227,0.0036541937479545594,0.008750923173339259,-0.020616614650575578,-0.00012364353092147103,-0.005160131690534337,0.004765206224797768,-0.006389046176076638,-0.009386173886222964,0.009852001431818984,-6.0636363636363635,-9.0,-5.546513285023016,11
2025-10-02,10,-0.33198,-0.886,0.5116736260113037,0.6,0.05964795445698361,0.003454891202239694,0.003513612394882686,0.01534694424875382,-0.7564713224545356,0.6,0.0,0.0,0.0,0.1,0.1,0.0,0.0,0.0,0.3,0.0,0.0,0.0,0.1,0.3,0.0,0.0,0.0,0.5,0.1,0.0,0.18691060089731337,-0.036610238461953354,0.012119269425786826,-0.006086894872958949,0.021786239507175863,0.0031228731847443695,-0.019658859230328347,-0.004989438511618815,0.001575931485468797,-0.008633317744058453,-0.022669322305934228,0.001504185767565097,0.014684108015604578,-0.00853051054950131,0.009845297951989374,0.01614055194635533,0.006495225264203692,0.0021661266811112555,-0.023706827759783118,0.0028920833761549706,-0.012003965887955326,-0.006584522429687106,-0.005926992829404902,0.019461693571795016,-0.006777511420931694,-0.009643810236253915,-0.011845169755787918,0.0008011472429840195,-0.004663396791344132,-0.0035143819992416144,-5.4799999999999995,-9.0,-7.523529921503559,11
2025-10-03,4,-0.37182499999999996,-0.5994,0.26717245834853565,0.75,0.01604198646024463,0.0032478176115418697,0.010198169205636532,0.014630195215149702,-0.4638447971781305,0.25,0.0,0.0,0.0,0.25,0.25,0.0,0.0,0.0,0.5,0.25,0.0,0.0,0.0,0.0,0.0,0.25,0.0,0.75,0.0,0.0,0.20677459597112655,-0.05006537107618907,-0.002057386281369391,0.05289696396917877,-0.043600060848900446,-0.03308033336463816,-0.0071614594095826736,0.027364357781429514,0.0022350578160679566,-0.008610099196550904,0.006582367736330842,-0.000363073259633126,-0.015413481035082551,0.015443499882935394,0.0031087832071545808,-0.001589132542777232,0.010944064315827635,-0.015533797450354856,0.01945913419909063,-0.009285099178057813,0.0062700275328229655,0.004990367826103648,-0.00958035097156883,-0.02107539302020784,0.019632503066667632,-0.004336404075252551,0.010008402933396453,-0.0015491149473771566,0.0018834491287601691,0.011829853038810487,-5.55,-7.2,-4.0328972880901075,4
2025-10-04,4,-0.339975,-0.8176,0.40834097169726513,0.5,0.027665241765977813,0.006217492816143267,0.006314556701138649,0.008991197359704507,-0.5436966026026335,0.25,0.0,0.0,0.0,0.25,0.0,0.25,0.0,0.0,0.75,0.25,0.0,0.0,0.0,0.25,0.0,0.0,0.25,0.5,0.0,0.0,0.21750924142821246,-0.0009168248036119124,-0.04719671571209095,-0.054096751429399466,-0.028925614871115293,-0.023301565465046435,0.04571365144070857,0.0040227732420754884,0.0006163580355414804,0.009105168947777716,-0.042724393723512825,0.017308453739771135,-0.02492333988530867,-0.031060754463490773,-0.022227847449972984,-0.0006924094231360442,0.0023314698940007927,-0.00930365020876955,0.01706298849294466,-0.00402860550378574,0.0015424367493088822,0.008978028323035025,-0.0028367758557873183,0.01974805120584419,-0.01005254628535921,0.04156102786076524,-0.015838155133755076,-0.018983044939868077,-0.03060732049777986,0.010514225807552532,-4.6,-5.0,-4.556105022258335,4
2025-10-05,4,0.06215000000000004,-0.8402,0.7037053100079133,0.25,0.028554587497300284,0.00493842849495249,0.003916351591968273,0.004370520613270033,-0.5426656358638532,0.25,0.0,0.25,0.25,0.0,0.25,0.25,0.0,0.0,1.0,0.0,0.0,0.0,0.0,0.25,0.25,0.0,0.0,0.5,0.0,0.0,0.24405165976964216,0.01664767434411057,-0.016748711053391527,-0.07090673175177988,-0.019857744159774843,-0.021778459626398003,0.0759422182386106,-0.005762175701491085,-0.00544924148350218,0.002800881646157284,-0.010839094273175615,0.023545208271282855,0.01890091650052164,-0.025378610958851782,-0.0004463850546576123,-0.03371175329449535,-0.009157413828017925,0.014285792943197876,-0.01191502478355206,0.001854588666311269,0.007784760958020197,0.007936540927706851,0.01642194367752981,0.005714789154806363,-0.008147753222867137,0.006271011809077747,-0.006179298923781152,-4.501604442106767e-05,0.0017412726905421342,0.0051813330735957525,-5.875,-7.0,-1.95808340532969,4
2025-10-27,6,-0.5750000000000001,-0.9313,0.34998721119492354,0.8333333333333334,0.031513321947620174,0.004761430621276705,0.005457958446957963,0.010453332539895497,-0.7005119260727338,1.0,0.16666666666666666,0.3333333333333333,0.0,0.16666666666666666,0.16666666666666666,0.0,0.16666666666666666,0.0,0.5,0.16666666666666666,0.3333333333333333,0.0,0.0,0.0,0.0,0.0,0.16666666666666666,0.8333333333333334,0.0,0.0,0.2344480753787301,0.015200144316097189,-0.03906866757248485,0.0018775413874797427,-0.006597373466496501,-0.006268633573878089,-0.009935578934619103,0.01551626538037923,0.013955839574324292,0.015903750702951646,-0.00090886127312318,0.003829595958164222,-0.027193487545820988,0.016623114953542985,-0.00586634548290887,0.0032773753530485395,-0.01976870778096561,-0.003987369399865363,0.0073435881042167445,0.007320661974308233,0.013748378611103994,-0.00712510637097485,0.008041933525481224,0.004391550639371906,-0.0076654571700375184,-0.022890524941879268,-0.019623002659507754,-0.0012398179531085858,-0.0008997837873484146,-0.006221738684588536,-5.5,-9.0,-3.9722242165052815,7
2025-10-28,10,0.09967000000000001,-0.8271,0.5300353637048926,0.2,0.025867210299923414,0.005971250914320441,0.008703361615781028,0.013000711501408548,-0.5157124612297026,0.6,0.0,0.4,0.0,0.2,0.2,0.1,0.2,0.0,0.5,0.2,0.3,0.1,0.1,0.2,0.0,0.0,0.1,0.5,0.1,0.0,0.21710988343136703,0.008979031023471636,-0.006352846826822881,-0.002145152687298735,0.012740165749855458,-0.03122624123565428,-0.011421200781951527,0.015985316511509962,0.0022356999828444983,-0.006309649897124921,-0.00015123195279858476,0.0055329674008571484,-0.004584872870803602,0.004877197136062205,-0.015151714010697533,0.00979175902789304,-0.009089830927559663,0.010793075552137278,0.012185297872906498,-0.0022408075708687967,0.011953769914469286,-0.0027424570874515887,-0.004974316717210679,-0.0015714764796906284,0.01198164863181835,-0.0011467078154309258,-0.01631141124132788,-0.00511948875781326,0.007981100491940113,0.014368243342577507,-5.18,-9.0,-3.7926203989493468,10
2025-10-29,9,-0.2364888888888889,-0.7906,0.3444356088024452,0.5555555555555556,0.03002841008168039,0.0060641979136141005,0.006976436098631887,0.010833214591061693,-0.4922659679161565,0.5555555555555556,0.0,0.2222222222222222,0.0,0.1111111111111111,0.1111111111111111,0.0,0.2222222222222222,0.1111111111111111,0.4444444444444444,0.0,0.1111111111111111,0.0,0.1111111111111111,0.2222222222222222,0.0,0.0,0.1111111111111111,0.2222222222222222,0.3333333333333333,0.0,0.21910044297253134,-0.007368081126862482,-0.025252923847353406,-0.014421276360585171,0.02618899035234498,-0.0009062736222691535,-0.01791051478273891,0.019085280375613915,-0.0014323200936647593,-0.0065516479950180695,0.01985910343525022,-0.016838282416762128,0.007561477029786569,0.007523375171744454,0.021658246976904025,0.017466859243150234,0.000644688546795154,0.019423850963074127,-0.0028200432986731617,-0.0005384527205037996,-0.0033668451022431834,0.009704989030014426,-0.019115186713190735,-0.01657947543887007,-0.008433272631596612,0.0006396754167043548,-0.012431968161487816,0.00019061372536452472,0.005840229203427031,-0.013559083580470872,-6.577777777777778,-9.0,-4.0649794215306025,9
2025-10-30,10,-0.16739,-0.8807,0.47534552917968115,0.4,0.024004795381962835,0.004185252246284326,0.006845155377513167,0.011957640245046825,-0.6069952581347815,0.7,0.0,0.3,0.0,0.3,0.1,0.2,0.1,0.1,0.5,0.1,0.0,0.0,0.3,0.0,0.0,0.1,0.0,0.5,0.1,0.0,0.2174889894113686,-0.0038689559162539745,-0.006238200821806103,-0.005907278596170342,0.0018849536329979392,-0.02192985342559105,0.006136841773022347,0.030592454705335927,-0.007840594747944001,-0.007587694999338823,0.013559678601281716,-0.009623705437485733,-0.0003406111696748669,-0.004329532663676249,0.0162735042127961,0.008557900166869479,0.0018662384672740965,0.00425533372563716,-0.012143380548226631,0.006288784778138996,0.0049395635986963,-0.006547897689803165,-0.010309994676565664,-0.007048652565332225,0.008425585583471217,0.004107874871579442,0.0010400763445539893,-0.0012375050715827147,0.004704492395633297,-0.00245885035270551,-5.720000000000001,-10.0,-3.770403451081768,10
2025-10-31,8,-0.2043625,-0.7906,0.4831713743220781,0.5,0.030652579524379983,0.0062326195405997065,0.0064467397182261165,0.01055067342313602,-0.5675437910699493,0.5,0.0,0.25,0.0,0.125,0.0,0.125,0.125,0.0,0.375,0.375,0.0,0.0,0.0,0.5,0.0,0.125,0.0,0.375,0.0,0.0,0.20861135823868004,0.013372410978238134,0.0015345232062107979,-0.026351032802110506,0.02885219834114992,0.008539979777751866,0.0008753810445240612,0.0035671397996593487,-0.014776641353201862,-0.017550556127613276,0.02872041683404211,0.0008625605819937284,0.0176727494413839,-0.0008874258475503726,0.00010758016571857203,-0.027333183246538394,0.015618808588287956,0.0075442046082686565,0.0029432513092560557,-0.008910614586756772,0.00159541156909516,-0.007140137705659582,-0.01825222837008641,-0.02139780899888101,-0.007524447108938477,0.024999117099233838,-0.01530670748840023,0.0009729445643506338,0.018772783100806878,-0.005970250526405852,-5.3,-7.2,-3.6004859683472263,8
2025-11-01,7,-0.14212857142857144,-0.9169,0.5368459081036374,0.2857142857142857,0.04377451379556526,0.0029816439209008378,0.009075198500653138,0.019835511192662397,-0.7911809578591287,1.0,0.0,0.2857142857142857,0.0,0.2857142857142857,0.0,0.0,0.14285714285714285,0.14285714285714285,0.42857142857142855,0.14285714285714285,0.2857142857142857,0.0,0.0,0.0,0.14285714285714285,0.14285714285714285,0.14285714285714285,0.5714285714285714,0.0,0.0,0.23724865451264104,-0.028076391050876413,-0.011532884681536274,-0.006549699309035809,0.031379556612206025,-3.613980597030787e-05,-0.001866318120866047,-0.0034391764682803294,0.028539151889610544,-0.02533002276804497,-0.01241718012224394,0.01256728977774348,-0.0004671174821166653,-0.016328916694334613,0.02889027373380995,-0.004587481682087684,-0.007487727082829766,0.01205774367342544,-0.03172074479851174,0.011748854023117341,-0.005090779878532196,-0.0036699399032845657,-0.0049633844399915505,-0.002100840163754766,0.013113504058927337,-0.002661646201306596,-0.0044537482779181976,0.01794252363367738,0.013308600092201755,0.004449872916203275,-5.957142857142857,-8.0,-5.227460089057017,7
2025-11-02,2,0.0511,-0.0258,0.10875302294649102,0.0,0.031151199553654453,0.005450906417988434,0.016503272315063277,0.025323910482921083,-0.625,1.0,0.0,0.0,0.0,0.0,0.0,0.0,0.0,0.0,0.5,0.5,0.0,0.0,0.5,0.0,0.0,0.0,0.5,0.0,0.0,0.0,0.19426454050338177,-0.016578561510941295,-0.07046022816308738,0.02178027912242507,-0.005972302848997062,0.012941670971177065,-0.01592547138093198,-0.023741506963792475,0.0048912969626204615,-0.007074854095813325,0.014019009002229075,-0.0008748831263030062,0.0033157134047884416,-0.01632319327371411,0.0338538732394073,0.009002932689500094,-0.05962521555144748,-0.038573612857331914,-0.020554861948506885,0.008729245674691705,0.001884232057464028,-0.026585511779125274,-0.018464326010154502,0.0016152812284496,0.004505792516022325,-0.011432584157345074,-0.024210079865736457,0.016276698224082634,-0.024835425764281573,-0.0067768590398375045,-4.5,-5.0,-3.6386933604897047,2
2025-12-01,6,-0.27121666666666666,-0.8834,0.6020189113862343,0.6666666666666666,0.04348150694599227,0.0030945069535131646,0.00464231308914351,0.011197136325268914,-0.7932620120120121,0.6666666666666666,0.0,0.0,0.0,0.16666666666666666,0.0,0.16666666666666666,0.0,0.0,0.3333333333333333,0.0,0.0,0.0,0.0,0.0,0.0,0.0,0.3333333333333333,0.5,0.16666666666666666,0.0,0.19325549516307594,-0.0611241485555607,0.03602024850686706,-0.054721282244140246,0.012798202437040017,0.017107459530261108,0.028921171465998954,0.015056347577810825,0.02062258128219308,0.03721167803217852,-0.0023834611011010268,9.40719521544704e-05,0.003890429813544992,-0.019151211119274817,0.027613920906925393,0.004320184662918904,-0.015359998388363142,-0.0014537655879350044,-0.0024426705196059235,0.003308032521485229,0.007664258656203603,-0.010534185861889735,0.011475424193778836,0.009432255824294758,-0.011667553006553833,-0.01380326380669633,0.02384367090295721,0.007613672878352386,0.01596086370114386,0.0040196510647998555,-5.5,-10.0,-6.077509840934423,6
2025-12-02,11,-0.15607272727272728,-0.7964,0.4856545790804594,0.45454545454545453,0.04680513077061572,0.005069178383477961,0.006547962392050061,0.025879665010168126,-0.7326970188844281,0.8181818181818182,0.0,0.2727272727272727,0.0,0.09090909090909091,0.18181818181818182,0.09090909090909091,0.0,0.0,0.36363636363636365,0.2727272727272727,0.09090909090909091,0.0,0.0,0.18181818181818182,0.0,0.09090909090909091,0.0,0.5454545454545454,0.18181818181818182,0.0,0.22633704207350008,-0.017274553083325723,-0.02352044721797719,0.0304397021578371,0.017120047851560474,-0.013369483245470791,0.011313983160529438,0.00195098719213761,-0.00410982117485022,-0.030097669725039033,0.018094455313206446,-0.008687343259713298,-0.00552187846750593,-0.01052070523967199,-0.004568979486666983,-0.017097118980456197,0.012786191119245744,0.007317365916873133,-0.019051242460055587,0.011287053873178236,-0.005430228673836287,-0.011078664565016756,0.006982444784548548,-0.011988240128668736,-0.0068018581602198305,-0.0029728118470133623,-0.010705360718714583,0.015393336183490898,-0.007762308406184512,0.002394153209703916,-5.909090909090909,-10.0,-5.852873364318882,11
2025-12-03,7,-0.23480000000000004,-0.765,0.5111361495074804,0.7142857142857143,0.049859229355363834,0.003734104234985282,0.005637211570423443,0.016097613241078692,-0.5935572163137556,0.5714285714285714,0.0,0.0,0.0,0.0,0.0,0.0,0.14285714285714285,0.0,0.2857142857142857,0.14285714285714285,0.0,0.0,0.14285714285714285,0.14285714285714285,0.0,0.0,0.0,0.7142857142857143,0.0,0.0,0.18095459905291333,-0.07395811148854316,0.01163005867276518,0.021772244069257984,0.03640232641096495,0.02244059350999838,-0.010963597313014878,0.004424878456666699,-0.010370268523124528,-0.017575795937548367,-0.008306634367576641,-0.0034505551013528646,0.005080616939529918,0.015264905343434746,0.025994901952020893,-0.011730428627235183,-0.02406058198791591,0.02654571610545135,-0.02188085480402685,0.034278561890955475,0.019704949568348097,-0.004760405482507159,0.004689724777925413,0.005994732690157856,0.0011066513566334835,0.0026226238199636496,-0.027909129347411236,0.014437698988536371,-0.013410724449009991,-0.004082043843072537,-5.514285714285714,-9.2,-6.77314963600617,7
2025-12-04,10,-0.17038999999999999,-0.7717,0.31525748717869057,0.5,0.016678715123394458,0.006590453371337311,0.0041692574258361485,0.0046853856742325815,-0.33934704184704184,0.4,0.0,0.1,0.0,0.5,0.3,0.0,0.2,0.1,0.6,0.1,0.1,0.0,0.1,0.3,0.2,0.0,0.2,0.0,0.1,0.1,0.1882544860567083,0.0792476679679942,0.009729712611179015,-0.009160144006115837,0.013449389214107849,-0.01495076703416863,0.0001256230810460536,0.009272061927982524,0.020633698359710705,0.009309938959251996,-0.01294490936492832,-0.003232716258506841,0.002456342736027424,0.00794070847891975,-0.011217252435972495,0.0012384235469014104,0.020077205471103487,-0.013250971040380952,-0.009491396250442062,0.005535063352973173,0.00011271551407964915,-0.00502746286915169,-0.004728579871906584,0.0045540978822898185,-0.01194147791161439,-0.001230719081970074,0.011123033250955254,-0.003829573920206727,0.009192733734057035,-0.015610138120919095,-7.140000000000001,-10.0,-0.36977861911641396,10
2025-12-05,7,-0.2426714285714286,-0.6705,0.3597616327249925,0.5714285714285714,0.04995929802915618,0.004468980750801409,0.00724359582076099,0.026643765416715353,-0.770311019516486,0.5714285714285714,0.0,0.0,0.0,0.14285714285714285,0.14285714285714285,0.0,0.0,0.0,0.14285714285714285,0.14285714285714285,0.0,0.0,0.0,0.2857142857142857,0.0,0.0,0.0,0.2857142857142857,0.42857142857142855,0.0,0.18744991930246652,-0.014416932656377529,-0.0027744944860128304,0.02713108457859276,0.00563330094125557,-0.00532017768122571,-0.010991216903552366,-0.012142742192664325,0.0020292679979928884,0.016375053214271566,0.0028191047895525603,-0.013159431212696911,-0.0011817541076053401,0.017313106946220774,0.009479023433820592,-0.005851038422971357,0.02297170078969953,0.033418350834987835,-0.019674690594223276,0.012761939824322143,-0.005827053721942634,0.005818808745780892,0.008303195504819685,0.0016011916363981632,0.0018805167157226778,0.007311629566163408,-0.017587207984001773,0.0006059684128041789,-0.012522446397585636,-0.0003808988811081411,-6.542857142857143,-9.0,-6.581275509527066,7
2025-12-06,4,-0.089425,-0.6249,0.5453417239065184,0.5,0.02159854503381135,0.005658652247697373,0.006032395598664005,0.0066351015656199875,-0.09358974358974359,0.5,0.0,0.0,0.0,0.0,0.0,0.0,0.0,0.0,0.0,0.25,0.0,0.0,0.25,0.25,0.0,0.0,0.0,0.5,0.0,0.0,0.18173454709886644,-0.0341149999757872,-0.05962903040405196,-0.02303333505540412,-0.03629011283810207,-0.006361542332502383,0.0003738793443651151,0.04015943682628778,0.014433335846516206,-0.01167635405580761,-0.013008424329244036,-0.012516119647158184,-0.004531136718922572,0.015508095855924137,0.014883253338052857,-0.013140754588368811,0.008562908691596451,0.022931183421745778,-0.0016080923311867631,0.0056516437598938575,0.025873099727971714,-0.006816136337134919,-0.011367725120157499,-0.023155296839693747,0.0003307046170736398,0.009740736147191542,0.013961906006633221,-0.012487361818811094,-0.005266776187780212,-0.005233388098628472,-4.85,-5.0,-0.7642598619719027,4
2025-12-07,5,0.04678000000000002,-0.5267,0.4372972124310879,0.4,0.031183413091424805,0.005690243235988517,0.007337815887593973,0.005364880773324566,-0.608626892902755,0.6,0.0,0.2,0.0,0.0,0.0,0.2,0.2,0.0,0.6,0.4,0.2,0.0,0.0,0.0,0.0,0.0,0.2,0.8,0.0,0.0,0.19390905779124323,0.004786506220864672,-0.04675915261975315,0.002957422687582889,0.0036563885498358947,0.032493300434896975,0.025168894414065734,0.01776241715270324,0.01102330937113752,0.0030950143355940813,-0.003442687708933975,-0.006204249450506758,-0.0034347688665553695,0.0052614888188700585,0.013864041207027172,-0.013450471589445057,-0.019836624637803956,0.007878015733216417,-0.005940418937668551,0.008755060578533412,0.003365963088634833,-0.0016457124606087212,0.006696329152356332,-0.0059377815051377646,-0.013977167888885117,-0.014760848030870322,0.0006977818215888434,0.004840124045476938,-0.0025939935424678677,0.0007295748416770717,-5.6,-8.0,-3.3884423451497483,5
2025-12-29,4,-0.1132,-0.8689,0.7992392424466324,0.5,0.028735681431267732,0.007438186223601118,0.007067154409739756,0.009874364848498322,-0.48132832080200505,0.75,0.0,0.0,0.0,0.25,0.25,0.0,0.0,0.25,0.75,0.0,0.0,0.0,0.5,0.0,0.0,0.0,0.25,0.25,0.0,0.0,0.24558729865361806,-0.008291643089626877,0.04570708938803305,-0.010935967166870333,-0.040272571304194794,-0.01932865651862098,0.004440450186017894,0.035896197139159904,0.01211658982692481,-0.009276404225644066,0.03334382782960192,-0.008092504855529732,-0.029558136999493584,-0.01597281980444295,0.0011511330213364347,0.04887708735124201,0.027887702659623682,0.0005917311163884708,-0.009147971024644428,0.00609746523053283,0.008547510507564644,-0.0031594884378170836,-0.009785985061918977,-0.003756588451076877,0.0019547095190561143,0.006177865530962613,-0.013800210649098683,0.001261092943426005,0.014934992695416727,-0.01725362356444257,-5.75,-8.0,-2.7145097889216077,4
2025-12-30,12,-0.20673333333333335,-0.8126,0.5453869474274594,0.5,0.03600641482620309,0.006014633108414579,0.008012742412877182,0.007772230217916644,-0.6789639477181475,0.8333333333333334,0.0,0.4166666666666667,0.0,0.16666666666666666,0.08333333333333333,0.08333333333333333,0.16666666666666666,0.08333333333333333,0.5,0.0,0.0,0.0,0.0,0.08333333333333333,0.0,0.25,0.0,0.5,0.16666666666666666,0.0,0.2310824205813352,0.01995392872588655,-0.014957886773725856,-0.017842868146517133,0.040204877824726266,-0.013911402159044378,0.005786320788407552,0.0012015323462300383,0.0075536637822623655,-0.0058797409041261755,0.014659846217284826,-0.013582079216834264,0.026663334120832646,-0.0008368469275009995,0.004824028806528079,0.008596879828540863,0.015231978546490688,-0.004570985390221345,-0.01467101780712874,-0.0008997378433398085,0.010919676034762129,0.001950235331176378,0.022959965134283753,-0.006290631602056128,-0.001427913243315309,0.0028227696417304957,0.007016442992707,0.01024849947583676,0.011619038213968121,0.006082684338742538,-6.866666666666667,-9.2,-4.443071377912518,12
2025-12-31,4,-0.2367,-0.9468,0.4734,0.25,0.030482321215077927,0.007290548658183208,0.006430832025292767,0.008234148763571036,-0.5406982514039751,0.5,0.0,0.0,0.0,0.0,0.0,0.0,0.0,0.0,0.5,0.5,0.25,0.0,0.0,0.5,0.0,0.0,0.0,0.5,0.0,0.0,0.20815233547423184,0.01821157047455707,-0.04668157750722447,-0.04028372388678246,0.03551805612101709,-0.012385368658573261,-0.03747891710441502,-0.043735145420407906,-0.04905544015232512,0.05906107055452892,-0.02159003226320594,-0.004490282537836169,-0.010564387948647313,0.0031027016384122395,0.0059168106520506554,-0.042656358973395384,0.00797193229871898,-0.0174512763910561,-0.0054573951356929485,0.018245422557501917,-0.0153626942300938,0.01928726247664246,0.01448788605764135,0.028789000057706095,-0.007485181913565623,0.016654372791697677,-0.0014124385888113124,0.00802064762640961,-0.020985411357567877,-0.005940249383223348,-4.7,-5.0,-3.295977554117383,4
2026-01-01,8,-0.1498125,-0.6203,0.47488365323218157,0.625,0.020309176646619014,0.006152068576874937,0.004982038931515264,0.006252243980793672,-0.3151508520074696,0.5,0.0,0.25,0.0,0.125,0.125,0.0,0.0,0.0,0.625,0.25,0.125,0.0,0.0,0.125,0.0,0.0,0.25,0.5,0.125,0.0,0.1765157267675976,0.034202776133249777,-0.048599985731188074,-0.015162520056528364,-0.003155423413769795,-0.01609746264478083,0.011316262933915229,0.014209023528533836,0.014488953098390444,-0.017934263627773988,-0.0005800441360622067,-0.008348991397862385,0.013713563472576445,-0.0005134018117922134,0.0001728898488958621,-0.01899830683736857,0.005561288363114118,-0.013744201594140594,-0.001231712138983372,-0.002423407064093879,0.005791372759606922,-0.0011546467936641965,0.0003027247646894645,0.001790376831489936,0.004883055393579134,-0.002208093691077083,0.013794157800693811,0.015515961009106224,-0.005806529409296467,0.005474708164649457,-6.525,-10.0,-1.1780688012144513,8
2026-01-02,9,-0.09474444444444445,-0.8442,0.3649914694589146,0.3333333333333333,0.03262946891496069,0.003918609368250026,0.006426677488292336,0.013542781080461325,-0.7211747947042064,0.5555555555555556,0.1111111111111111,0.0,0.0,0.0,0.0,0.1111111111111111,0.0,0.0,0.1111111111111111,0.2222222222222222,0.0,0.0,0.1111111111111111,0.1111111111111111,0.0,0.0,0.0,0.6666666666666666,0.1111111111111111,0.0,0.21285275569593326,-0.04445697220194709,-0.024562231868000956,-0.012539558183922751,0.01750040171463688,0.023734511199275596,-0.026016806592163752,0.004492074567927349,-0.010889079754748166,-0.006637163406317158,-0.011841657869416683,-0.01475306910303121,-0.01156132704715231,0.009644923748173741,0.012322656684600327,-0.02864155210237621,0.0030236072356630093,0.012813775287443659,-0.014281191992485672,0.020370478169886512,0.006185430105465733,-0.0021121752969773065,-0.013655308001886855,-0.00923431199569834,0.0186279918166133,-0.0011453782254479032,-0.02406653289949047,-0.0015199249390961038,-0.006170600009941326,-0.01480131707604253,-6.066666666666666,-9.2,-4.744427528764987,9
2026-01-03,10,-0.10282,-0.6486,0.43404837364822213,0.4,0.03346779812993251,0.005454794159681529,0.006919343223832206,0.009858523762749677,-0.6032521609658041,0.7,0.1,0.4,0.0,0.5,0.4,0.3,0.1,0.0,0.8,0.3,0.3,0.0,0.1,0.2,0.2,0.0,0.0,0.4,0.1,0.0,0.23451998095286047,0.03093504767297096,-0.008127050363204168,0.01969021182039735,0.005552071799388384,0.022576321675833306,0.017502889540336415,0.013518669078747467,-0.011394979187594398,-0.0004064162293046333,0.0029759366528492657,0.002300709815254961,0.009192690850444853,0.0078519545529681,0.020918928151883363,-0.027035565675665597,-0.003107367104764159,-0.013368825162303127,-0.004368344437973583,0.0051689440630231336,-0.0004994357817569703,-0.005787177129239757,-0.0014605697831083157,-0.004395150133794718,-0.004786110202292093,0.0029557044361674533,0.008049684782658176,0.0016664789191374097,0.006134666544061371,-0.0005908144245084645,-6.1,-9.0,-3.4298131114305974,10
2026-01-04,5,-0.03724000000000001,-0.34,0.17728194493517946,0.2,0.030757664180428974,0.005286906318796853,0.005085344093610095,0.01409145818635324,-0.6761870808929633,1.0,0.0,0.2,0.0,0.2,0.0,0.2,0.0,0.0,1.0,0.6,0.4,0.0,0.0,0.4,0.0,0.0,0.0,0.4,0.2,0.0,0.24577868785371448,0.04298150267441754,-0.015325979645724533,0.05232089192114373,0.01918318555262396,0.03984861656680638,0.05289443723987288,0.03375506673878089,-0.018344236439398025,-0.000976950161650212,0.012939395053414165,0.017939166462068837,0.006994014645935319,0.007749453364237516,0.045254258927449866,-0.01876260008794878,-0.015637428586996835,-0.005145226385960339,-0.01814618914894361,0.014083674908198202,-0.0040428229726604285,0.004066084073530088,0.02443394124686256,0.002865279203641653,-0.03109742742282916,-0.004435270449384467,-0.005249072522622333,0.020002758852144375,0.025637272337403778,-0.004031403510992956,-6.18,-9.5,-4.622013839481134,5
2026-01-05,7,-0.20215714285714284,-0.7845,0.5681986238899881,0.5714285714285714,0.04176387356810083,0.0027552250005464457,0.005207781840468387,0.02070754329965027,-0.7702504273574166,0.5714285714285714,0.0,0.2857142857142857,0.0,0.2857142857142857,0.2857142857142857,0.14285714285714285,0.14285714285714285,0.14285714285714285,0.5714285714285714,0.2857142857142857,0.2857142857142857,0.0,0.14285714285714285,0.14285714285714285,0.14285714285714285,0.0,0.0,0.14285714285714285,0.42857142857142855,0.0,0.24772922735409647,-0.011950079195690886,-0.01716604424758885,0.046214213481574236,0.025297085368933374,0.006887345070270436,0.01894549203351633,-0.00034715301901990653,-0.004872422002069147,-0.010297874838683949,-0.000277920264676493,0.027602775211703425,-0.011942416244690552,-0.01117859494020874,0.015403748188195454,-0.0021042302537410957,0.005552086542914962,-0.02344032016580588,-0.013604293119979894,0.013889609230735026,0.008756185225507774,-0.0008276797141449265,0.007688378123785561,0.007169446230500872,-0.00234088513839591,0.01725458868526384,-0.012163505187981535,0.014111408756591667,-0.008604146747471878,0.0038113138246852643,-6.8428571428571425,-9.0,-4.727662718663981,7
2026-01-06,4,-0.0683,-0.2732,0.13659999999999997,0.25,0.01646088530568082,0.00684930752303582,0.0018394888344136831,0.0007969533882085122,-0.2791666666666667,1.0,0.25,0.5,0.0,0.5,0.5,0.5,0.0,0.0,0.5,0.25,0.25,0.0,0.0,0.25,0.0,0.0,0.0,0.75,0.0,0.0,0.18644037938505043,0.08048074910162281,-0.024623558186231,-0.0008536367178691136,-0.0007937263218624566,0.0057657668124266965,0.02366069292626112,0.04867946005328545,-0.0007658303685060693,-0.0037430134011608145,-0.007244043048354099,0.01383388494002279,-0.015387995402981447,0.0035944984799977783,0.0031087737801127574,0.025134142595862906,-0.0005262117483475258,-0.0036341924413963644,-0.027720281457520254,0.016356122741307738,-0.0007304607175168374,0.009943392063784438,-0.014112549630950016,-0.01620389915023709,0.0023719210862086122,0.0049777635459686545,-0.011184951051016117,0.01886990460970205,0.009370968749497686,-0.005768134213213787,-4.85,-5.0,-0.845826200668615,4
2026-01-07,6,-0.2498166666666667,-0.4939,0.2555916071913682,0.6666666666666666,0.03531031275997775,0.003297528738111996,0.005588324601975079,0.012472084239068067,-0.7155859433949322,1.0,0.0,0.3333333333333333,0.0,0.3333333333333333,0.16666666666666666,0.3333333333333333,0.3333333333333333,0.16666666666666666,0.6666666666666666,0.3333333333333333,0.6666666666666666,0.0,0.0,0.5,0.0,0.0,0.0,0.3333333333333333,0.16666666666666666,0.0,0.24034540955585473,0.033119223925366016,0.022489169057710128,0.012569874506087078,0.01632728751255292,0.035035778096674214,0.00944581540222375,0.04149047463683216,-0.008368989834929131,0.008098170478886947,0.013814550612007712,0.012442402353340912,0.008095077938885007,0.013108692615146805,0.03076951240390984,0.00038648786438302596,-0.017283286635273277,0.0008886996701372626,-0.016875507572476085,0.01668198915119627,0.013673855440138835,-0.004265982717222314,-0.005381743568635411,-0.00889800830571085,-0.024043620303471184,0.004815406641776629,-0.01105248426555414,0.004491469034567421,-0.00984183814579616,0.004209357365557186,-5.366666666666667,-9.0,-4.132833571025651,6
2026-01-08,18,-0.17538333333333334,-0.6486,0.31475274189339764,0.5555555555555556,0.028094165847366778,0.006266473538826949,0.00714170374469563,0.0120489586041179,-0.5247782181201704,0.6666666666666666,0.0,0.3333333333333333,0.0,0.2777777777777778,0.05555555555555555,0.1111111111111111,0.0,0.05555555555555555,0.5,0.16666666666666666,0.2222222222222222,0.05555555555555555,0.1111111111111111,0.1111111111111111,0.05555555555555555,0.1111111111111111,0.0,0.3333333333333333,0.2777777777777778,0.0,0.19391470102465727,0.02786298875959175,-0.02606722384220059,0.0021041264826072636,0.03444582223845304,-0.014487312584043602,0.01156470565826647,0.011865751749842219,0.01051762041211064,-0.008563467009147936,0.019177710670128606,0.016259894893832835,-0.0026678974441298724,-0.0040011918771426505,-0.013937199547661767,0.016443362140642806,-0.005404531209623967,-0.003466857760489899,-0.007577308135011003,0.006743780137916416,0.005351697070146832,-0.009245939021381265,0.0029320816326006346,0.008961187666280828,-0.0065925207811014476,-0.004277740802769738,0.006757891105931895,0.0011925405710047866,0.01117295341005319,-0.004948511030986594,-6.483333333333333,-10.0,-2.098918393800842,18
2026-01-09,10,-0.09714,-0.6705,0.41165148474029445,0.5,0.027992134222943155,0.008340747573959768,0.0036110203730320006,0.008599567764741653,-0.4616920302555685,0.6,0.0,0.0,0.0,0.1,0.1,0.0,0.1,0.1,0.5,0.3,0.2,0.0,0.3,0.0,0.1,0.1,0.0,0.2,0.3,0.0,0.19658384549153832,-0.024019778549508083,0.01949436484169467,-0.02305664354036293,-0.004698253320592717,0.03331657813388186,-0.0045312243134012845,0.017073553903041307,0.0023614845475400186,0.014112930060875193,-0.005136093561997306,0.007897868205741104,-0.003977441052679042,-0.03115378576938113,0.02303203227048629,-0.001002941577593501,0.0020317508510921565,-0.004597397812432187,-0.0034466041904825952,0.003586015949540419,7.598708317356206e-05,0.007750560195119804,0.0027341953231599576,-0.0019301266340334806,-0.0023343670600399716,-0.016513997155464748,-0.0018325736151905546,0.0001373114804209845,0.014099141263661222,-0.009343475472852147,-7.0200000000000005,-9.5,-3.728755800743574,10
2026-01-10,9,-0.28186666666666665,-0.802,0.32953881030919563,0.5555555555555556,0.04034985836090788,0.006754586917126801,0.012889489768815059,0.014756440324282829,-0.6324417476292261,0.6666666666666666,0.0,0.3333333333333333,0.0,0.1111111111111111,0.1111111111111111,0.0,0.0,0.1111111111111111,0.4444444444444444,0.2222222222222222,0.2222222222222222,0.0,0.2222222222222222,0.3333333333333333,0.0,0.0,0.0,0.4444444444444444,0.0,0.0,0.19448083300043995,0.030205694677648443,-0.02575596528332675,0.03222118138304599,0.03577940221100647,0.013116068979499492,-0.0013203432406967038,0.018711810801764144,0.007186005798895895,0.00104608549682076,0.012110779180058052,0.016809954839962702,-0.010138182206905547,4.308502732819198e-05,-0.005306374286678763,0.0091619131392734,0.013207260542688275,0.01018156454835222,-0.003660029665185291,0.007254272013575869,0.000939015305405125,0.013913172373836472,-0.005960502832639776,0.010818188294778259,-0.00816959843411367,-0.006476198991116903,-0.0053720970368406045,0.007768677995108882,0.008248684908998542,-0.001516035272507916,-4.800000000000001,-5.0,-4.927262637018282,9
2026-01-11,8,0.022837500000000004,-0.4404,0.30770389262359726,0.25,0.02612166497447532,0.007864504161236305,0.0022595963535401204,0.00713060663973602,-0.4391533328622145,0.5,0.0,0.0,0.0,0.0,0.0,0.25,0.0,0.0,0.5,0.125,0.375,0.0,0.125,0.0,0.375,0.0,0.0,0.25,0.25,0.0,0.18812079736118287,0.002815509806194376,-0.027683452712767686,-0.02286708390684888,-0.018740973777065587,0.03267023106505248,0.03235607431359466,0.0017958301841080769,-0.0019989513518375484,0.006501578646608443,-0.0004117088899348387,0.004655865265993311,-0.019519293654801245,0.01760122163000009,0.012080357023668605,-0.0037584029845972927,-0.03067960755277384,-0.01629168233779165,-0.007236743891441723,0.006028086014705891,-0.010240293701114761,0.00372031505374905,0.00074664658334381,-0.010563808116030814,-0.017682660150351675,-0.018382120745708223,-0.016029188871067118,0.01810850833968917,0.012124008506024181,-0.009091686587502886,-6.6875,-10.0,-3.0785654164881,8
2026-01-26,10,-0.14123,-0.6486,0.43004594857862444,0.6,0.029834256749507782,0.004954938709737461,0.003332662567502557,0.019494042573711342,-0.6193746672007541,0.6,0.0,0.1,0.0,0.2,0.0,0.0,0.0,0.1,0.3,0.0,0.0,0.0,0.2,0.1,0.0,0.0,0.1,0.6,0.0,0.0,0.21526103377607148,-0.027284933662698706,-0.02003754732253287,0.00041098994591111105,0.014853030442279074,-0.0010825892131945598,0.01659205002350634,-0.002126969701952793,0.00662973945977037,0.0018589125920184014,0.004055111453184065,0.005445075504877408,-0.009491945339823659,-0.010978329226233865,0.0012917666588602064,-0.015945279822217384,-0.0013371613399845068,-0.014727244201746818,0.00866219944395038,0.0030204284254087446,0.0035162859336143235,-0.0033055006802410027,-0.00396301533382492,0.006192559289408682,-0.021770396617063918,-0.011349108729540942,-0.0026057181021451326,0.02590303580189226,-0.00653278563103254,-0.011730350577067342,-4.84,-5.0,-3.2013706965316757,10
2026-01-27,10,-0.27142999999999995,-0.8834,0.38311411427348324,0.6,0.02433512591412289,0.005927444170161553,0.006730144954966646,0.00654031828997514,-0.4464743867243867,0.6,0.1,0.1,0.0,0.1,0.1,0.0,0.1,0.0,0.3,0.1,0.0,0.0,0.0,0.2,0.2,0.1,0.0,0.3,0.2,0.0,0.20570974720978746,-0.02792218916246326,-0.009890346222982585,-0.035895998873734666,-0.008909774824009281,0.00019280464799188157,-0.0039010086138046704,0.014846995850108355,0.008093888370103625,-0.014122263177964278,0.008469514600038638,0.0006484420481393624,-0.0074360831952757405,0.011358806998631479,0.031008066653935344,0.0016538294817357246,-0.004462488705172755,-0.003918103655878279,0.0005913360330494285,0.007880010993424714,0.00875529576785316,-0.005913089787184126,-0.02183619265325925,0.0018206952082016861,0.012116137560409492,0.0022706379931047302,-0.03013017927754837,0.006607368357090468,0.0025494648787667126,-0.004443676743467889,-6.25,-9.5,-2.9985341114508453,10
2026-01-28,13,-0.19423846153846155,-0.9451,0.42741734783554264,0.46153846153846156,0.04945164970490164,0.0070712998569396855,0.0056642929368572546,0.015393168334886144,-0.6084789150791134,0.8461538461538461,0.07692307692307693,0.07692307692307693,0.0,0.07692307692307693,0.0,0.38461538461538464,0.15384615384615385,0.07692307692307693,0.5384615384615384,0.15384615384615385,0.07692307692307693,0.0,0.07692307692307693,0.15384615384615385,0.15384615384615385,0.0,0.07692307692307693,0.38461538461538464,0.15384615384615385,0.0,0.21480377098358763,-2.2944701533222175e-05,-0.038826104858862794,0.017266337423276084,0.009383404788777474,0.04048759546665443,0.00989965462023189,0.003714214025415774,-0.008893020931362235,-0.013405885609343375,-0.011069605528723511,-0.008134679445552812,0.004200053211634206,0.008684264187261738,-0.0003344869721138768,0.01011860775235961,-0.004510815448424253,0.015922062260726053,-0.013524057131846593,0.0006224082154839582,-0.004621061469319124,-0.008771028059407687,0.0005727960650556384,-0.003991607676046225,-0.009616672950748925,-0.0063953762209557835,0.011102977792677552,0.012753282192176977,-0.0014265285241162233,6.873265638414973e-05,-5.800000000000001,-9.0,-5.576310333277183,13
2026-01-29,9,-0.46113333333333334,-0.9022,0.3869083321666774,0.6666666666666666,0.033216733907112786,0.004724449382368311,0.005683519858489665,0.012367360848963152,-0.6831734067454442,0.7777777777777778,0.0,0.0,0.0,0.1111111111111111,0.1111111111111111,0.1111111111111111,0.0,0.0,0.3333333333333333,0.0,0.0,0.0,0.1111111111111111,0.1111111111111111,0.0,0.0,0.1111111111111111,0.5555555555555556,0.1111111111111111,0.0,0.22126340298605826,-0.03356182593402543,0.014391900402723248,-0.010054759873664266,-0.014433264688459482,0.034814143530578,0.001137042875503441,0.005239830215874302,-0.002264989827641781,0.0004617647855915755,-0.007395478836012025,0.002944723453811581,0.002613783437749776,-0.006743160448910179,0.029812109874901755,0.011874035473629892,0.003758897529119551,0.003249491798226221,-0.01646336507747965,0.0007280923892068905,-0.004705166578739287,0.0033053461183988743,-0.01842088168352961,-0.013959462405184598,0.014729089732278159,-0.00813352695351097,-0.001048765824405465,0.008493663467413547,0.0017570940194930875,-0.010129844193655101,-5.377777777777777,-10.0,-5.866342196692376,9
2026-01-30,9,-0.19093333333333332,-0.8834,0.38307186336247667,0.4444444444444444,0.03841590416316429,0.003193768350877205,0.0051254984506920636,0.017086917244284527,-0.7578387097735783,0.6666666666666666,0.0,0.2222222222222222,0.0,0.1111111111111111,0.1111111111111111,0.0,0.0,0.0,0.3333333333333333,0.2222222222222222,0.0,0.0,0.0,0.0,0.2222222222222222,0.0,0.0,0.6666666666666666,0.1111111111111111,0.0,0.2102835491947376,-0.047806777270890846,-0.02860015118962914,0.007988024590489091,-0.01039576408952795,0.0007689432211054036,0.0001445314626418637,0.01860158900144916,-0.005866463093204028,-0.021300563685641257,-0.0054819453526611175,-0.022540641175063002,0.0011602310118269516,-0.010789790599479335,0.021099427826242405,-0.0011313520916196402,-0.004656042768730617,-0.01076127634890652,0.0015368813251340986,0.0008736174924099706,-0.010497276617636438,0.0038408616358476086,-0.0008579805170736642,0.011361594234191636,0.012597575310464158,-0.0054927369039479736,-0.000574156384396183,0.0074133885393839315,0.007415843355528686,6.333489744562395e-05,-5.833333333333333,-9.5,-4.252937415796778,9
2026-01-31,3,-0.17956666666666665,-0.4404,0.287067314986108,0.6666666666666666,0.042420649838314124,0.0035870117065346153,0.004843016258221141,0.03009752268206579,-0.7967418546365915,0.6666666666666666,0.0,0.0,0.0,0.0,0.0,0.0,0.0,0.0,0.3333333333333333,0.0,0.0,0.0,0.0,0.0,0.3333333333333333,0.0,0.0,0.6666666666666666,0.0,0.0,0.17386113915531878,-0.1025143101733844,0.019980537949540588,0.0029928091978356727,-0.0235608308833551,-0.015948593054588445,0.016502174637845615,-0.0008473942493654416,-0.016259298003020773,0.006568525751963196,0.009948260565206637,0.007266353620484992,-0.026173360940058777,0.012343670005428464,-0.023947049721387243,-0.006561922098964061,-0.0392457446576893,-0.040964839193787746,0.017053744019815256,-0.008384171231467273,-0.006390873756800637,-0.01126093740743999,0.008589706433867054,-0.01668974160682301,-0.008194650387054294,-0.01748706905492813,-0.020083761291348617,0.021988220671577113,-0.02250343143788715,-0.019899572919234918,-6.166666666666667,-7.0,-7.280441672103223,3
2026-02-01,4,0.20945,-0.5574,0.6093895552107864,0.25,0.031933903347388874,0.003974547717698553,0.006655877155122734,0.009267856238297331,-0.6916035353535354,1.0,0.0,0.0,0.0,0.5,0.5,0.0,0.5,0.25,0.5,0.25,0.0,0.0,0.0,0.25,0.0,0.0,0.5,0.0,0.25,0.0,0.21425345192971168,0.1094240143366705,0.006011905609837408,0.055514266557815314,-0.031197500251028,0.02818125196125728,0.0031998353344065396,0.03676230175589964,0.030949163781585003,0.010891951620146357,0.004619295003062197,0.007510517270033067,-0.01750355159308044,0.015213531494185672,0.006443842923951403,0.0064071585876057475,0.005968618790450721,0.0055129923231043276,-0.02098422620127984,0.011167100913162864,-0.013119105009973693,0.01514382082720307,-0.015038712036182103,-0.019516217798906582,0.00013386181307619457,0.009667037662173231,0.0005419628256841695,0.007444931663348541,0.007689942763234197,-0.01037106729252902,-7.1,-9.0,-2.0996585093120474,4
2026-02-23,8,-0.17073750000000001,-0.765,0.5521404892067131,0.5,0.04371326257261272,0.003116065270701033,0.0032766888554495513,0.023737701881839463,-0.7650027056277057,0.125,0.0,0.0,0.0,0.125,0.125,0.0,0.0,0.0,0.125,0.0,0.0,0.0,0.0,0.0,0.125,0.0,0.125,0.625,0.125,0.0,0.16795052135372804,-0.05969131212357265,0.03675640705415884,-0.017142913911104417,0.00907249788395746,0.004274657237856261,-0.0022627610699790853,-0.0010424471150545702,0.010484125045638885,0.022183142301023657,-0.010909503378039354,-0.007073782869337847,0.003921270855842256,-0.008724939886958917,-0.002971806673014524,-0.01571898939065481,0.007896332291052304,0.006151668151111878,-0.02114242241745943,0.0230994506554199,0.010453117200980133,0.008691954608612083,0.006788881909482803,-0.0022596268871467864,0.007200635159943136,0.00023307485226933258,0.004386700440882614,0.0040184429927701045,0.004257196795607314,0.018216357198025113,-5.9375,-9.0,-6.527814233302527,8
2026-02-24,14,-0.2963571428571429,-0.8271,0.3788737332071012,0.6428571428571429,0.03574144627537096,0.0038535456724339318,0.005521792763496692,0.017664763533437128,-0.7312666475490416,0.6428571428571429,0.0,0.0,0.0,0.0,0.0,0.07142857142857142,0.0,0.07142857142857142,0.35714285714285715,0.14285714285714285,0.0,0.0,0.21428571428571427,0.07142857142857142,0.0,0.0,0.0,0.6428571428571429,0.07142857142857142,0.0,0.20880077532425437,-0.07351745778353082,0.0051584472501147935,-0.015978050713138976,-5.36782834080574e-05,0.007391534810134355,-7.04641177217666e-05,0.0025768719774221524,-0.0031993124719530857,0.015228368101812112,0.009507626122248947,-0.003463348611400454,-0.0056282176853179045,-0.0017216915080573599,0.018823395354560287,0.005563661542314404,-0.0012493230990251194,-0.008051358678671955,0.009302493978357123,-0.0007443988055017574,0.006363317725353763,-0.0048362887311073225,-0.0044495909040560555,0.0033568241657833744,-0.014487326336903123,-0.019960848027495252,-0.003433440686759113,0.00024293972416831417,-0.005108973761906185,0.004010481505022314,-5.278571428571429,-9.5,-4.929658722132381,14
2026-02-25,11,-0.21349090909090906,-0.7906,0.4552795854297565,0.5454545454545454,0.027821097508406948,0.005546296510205408,0.005253093572398272,0.01082928050379643,-0.5497578550555826,0.6363636363636364,0.0,0.18181818181818182,0.09090909090909091,0.09090909090909091,0.0,0.18181818181818182,0.09090909090909091,0.0,0.2727272727272727,0.09090909090909091,0.0,0.0,0.18181818181818182,0.0,0.0,0.09090909090909091,0.0,0.6363636363636364,0.09090909090909091,0.0,0.19689009048973258,-0.03505836054959148,-0.0024194753721441084,-0.0018981987467368263,0.016659385570814852,-0.002416152340635642,0.02706478060431592,0.008929143109211111,-0.0035157540468752553,-0.006243898013596513,-0.0038067766530994473,0.010878172278700955,-0.004409208460758921,0.01320286921659708,0.006451257154025284,0.004408948244044319,-0.009846330349927183,-0.009396503467826941,0.00942316047158334,0.009562203627993622,0.020514251529332287,-0.002230224445074151,-0.0032844253454789,0.0063218478467904245,0.002261765466082981,0.003694822237940565,0.005257968453258155,0.0037263060597053435,-0.0019980503770029943,0.002747962827791667,-5.945454545454546,-9.2,-3.6898201709902154,11
2026-02-26,9,-0.06776666666666667,-0.9442,0.5727019425495256,0.3333333333333333,0.03166149907257235,0.005235516201992518,0.0061268917541439346,0.016048456671700077,-0.512797493559744,0.7777777777777778,0.0,0.1111111111111111,0.0,0.1111111111111111,0.1111111111111111,0.2222222222222222,0.2222222222222222,0.0,0.5555555555555556,0.1111111111111111,0.0,0.0,0.2222222222222222,0.2222222222222222,0.0,0.0,0.1111111111111111,0.2222222222222222,0.2222222222222222,0.0,0.20425852307654133,-0.004210757733223987,0.005194357222769825,0.013882423719301991,0.02145350709005885,0.004663490038824183,0.023387016883969595,-0.0015412961818914315,-0.009735875491674349,0.0010147829353665896,-0.010015792766880034,0.018422506115303244,-0.01504067010678162,-0.01629962869146333,-0.005838385812862588,-0.001405140068700543,-0.009795249446137204,-0.002952083889179322,-0.004897366025285584,0.008972658072668796,-0.007107214978221105,0.007887234421079779,0.004229613047998719,0.0018577073810914333,0.00947664422838156,-0.006308715782407118,-0.0011437638837774365,0.003936794890323713,-0.0265388705411338,0.0060062783890214334,-5.977777777777778,-9.0,-4.238676992053619,9
2026-02-27,13,-0.22873846153846153,-0.8126,0.524772808839631,0.6153846153846154,0.044850988526288,0.002568023524639858,0.007044026181886235,0.02689489576913125,-0.7609266135106811,0.5384615384615384,0.0,0.0,0.0,0.0,0.0,0.0,0.07692307692307693,0.0,0.15384615384615385,0.0,0.15384615384615385,0.0,0.0,0.07692307692307693,0.0,0.0,0.0,0.6923076923076923,0.23076923076923078,0.0,0.1794102384021348,-0.0718933871892729,0.007862362972538305,0.009718595594746474,0.02211098960884753,0.004221095908253377,-0.014767854591846458,-0.002334217734431236,-0.018817447333674294,0.005947355096127922,-0.01709564321774349,-0.006139478160970121,0.0019079169153434238,0.009617310399375505,0.01457634576782783,-0.019395583802044557,-0.01411194213114429,-0.0008385393243855452,-0.00954139368715964,0.009562351546475617,0.004688775621247208,-0.011680778521592904,-0.012985076216223178,-0.011644518606568673,-0.007641924637238672,-0.0022462752976286295,-0.0036406149118679773,0.0008286307850617988,0.011727552419711459,0.015356247617527682,-5.953846153846154,-10.0,-5.561933461550889,13
2026-02-28,6,0.10896666666666667,-0.2263,0.3341589122957319,0.3333333333333333,0.02528575206520305,0.0028310235640690994,0.007898874098861565,0.005860847307933725,-0.6186474250141483,0.6666666666666666,0.0,0.3333333333333333,0.0,0.16666666666666666,0.0,0.5,0.16666666666666666,0.3333333333333333,0.5,0.0,0.5,0.0,0.16666666666666666,0.16666666666666666,0.0,0.0,0.0,0.6666666666666666,0.0,0.0,0.20439669051579126,0.050727168133315764,0.002673883173939529,-0.019506611038074242,0.03941934486289134,0.044259480105158365,0.042908022909122955,-0.01968441250208418,-0.04541482489154657,0.0008038396167248449,0.03241268861103972,-0.016359432768693234,0.004784337031982441,0.0038324996550526693,0.00027015915586705723,0.023703571619076103,-0.0007069777191616387,0.008199000963075378,0.00022596903175547346,0.001497930294014282,0.010773385604557971,0.005712309530717473,-0.007587593292132866,0.008674698755246221,-0.009699354167817044,-0.01222801594270746,0.012706522719468254,0.001185932343353436,0.010195149102509665,0.004876965164415475,-5.133333333333334,-5.8,-4.375882872510715,6
2026-03-01,4,-0.088175,-0.25,0.11824828046670842,0.5,0.026532655690488568,0.003899256151616445,0.013979316293115352,0.0037168382711446355,-0.7232623720037907,1.0,0.0,0.0,0.0,0.0,0.0,1.0,0.0,0.25,1.0,0.0,0.25,0.0,0.25,0.25,0.0,0.0,0.25,0.0,0.25,0.0,0.18816653138061096,0.10450520172466976,0.011916770833863987,-0.031322950620032264,0.04162852289923419,0.03024609140885027,0.06357877812672694,-0.019897499532220503,-0.07775718153525171,0.05857457142056835,-0.01106720461600206,0.012558726935888966,0.021503588440685808,-0.015120791601549754,-0.028529308509733824,0.04737134563321431,0.0238277067565483,0.012676512495000947,-0.007542981580690356,0.007526399432476623,0.03603003940598643,-0.03814069142189462,-0.014989497866477297,-0.006269314448160958,-0.02236142449232592,-0.009133365856937829,0.04105436641477936,-0.011622715580606837,0.025924792640593393,0.0407527450114697,-6.25,-9.0,-2.3141589287128976,4
2026-03-02,11,-0.3825545454545454,-0.9468,0.5570211815786476,0.6363636363636364,0.03690244865578087,0.0029736560867852685,0.006898568677158803,0.012442424087471461,-0.7795639235830624,0.6363636363636364,0.09090909090909091,0.0,0.0,0.18181818181818182,0.09090909090909091,0.6363636363636364,0.09090909090909091,0.0,0.7272727272727273,0.0,0.18181818181818182,0.0,0.0,0.45454545454545453,0.09090909090909091,0.0,0.09090909090909091,0.2727272727272727,0.09090909090909091,0.0,0.22198032670801526,0.024385500470665625,0.04666554812371779,-0.013090804330070012,0.007656047126366645,0.03469257033116318,0.05565636791704168,-0.016210846620383974,-0.06943327374099392,0.0165405500077762,-0.003798765818440736,0.014031725075874062,0.025765458647818987,0.0019272221384672786,-0.002222944199424879,0.05358913911753656,0.0013053688941983685,-0.007443300132492314,0.005462547821953405,0.002903238664318458,0.027749045650834338,-0.026323572992897146,-0.007204673984550658,0.003063876470795898,-0.0005256336820046607,-0.003439141172606745,0.02719024454411032,0.009695377457737868,0.016155871947081752,0.031080410020289197,-5.7,-10.0,-6.826103475224289,11
2026-03-03,6,-0.25376666666666664,-0.765,0.43903132765973163,0.5,0.024928018344259603,0.006366222602086236,0.005654689456292658,0.016084676370183605,-0.5503584378012295,0.6666666666666666,0.0,0.16666666666666666,0.0,0.16666666666666666,0.16666666666666666,0.3333333333333333,0.16666666666666666,0.16666666666666666,0.5,0.3333333333333333,0.16666666666666666,0.0,0.16666666666666666,0.16666666666666666,0.16666666666666666,0.0,0.0,0.5,0.0,0.0,0.19721084270244393,0.0015606593557750878,-0.02415826710932449,0.012561162838361712,0.0220369429468249,0.02678943942299215,-0.0038893210200422732,-0.010647345991103743,-0.023284080195886122,-0.017741767715810205,0.0006838683440587266,0.007535643424788523,-0.0186811357471257,-0.004532011738874077,-0.018638727354321132,-0.0011419721230536718,0.01836294500736627,0.004942693286683009,0.023363090932033755,0.012908797993414697,0.021300562469750848,-0.0014229147594785284,-0.013017094327370747,0.0014351850044127335,0.0010525643811636354,0.0073893538524220275,0.03320023781565262,0.003621477398452403,-0.014562270714731956,-0.013162428563146089,-5.583333333333333,-7.0,-3.4229598149684066,6
2026-03-04,5,-0.14980000000000002,-0.5994,0.39342480857210826,0.6,0.0522987293963725,0.0030892179969640586,0.0028258136970668386,0.014063975001001802,-0.7613461538461539,0.4,0.0,0.8,0.0,0.2,0.0,0.4,0.0,0.0,0.4,0.0,0.2,0.0,0.0,0.0,0.4,0.0,0.0,0.4,0.2,0.0,0.18917883075589273,0.03210143497722935,0.021623277524611552,-0.0007918808796498356,0.09593406818170973,0.012951876648507105,0.03714514432662458,-0.008965206948339136,-0.014907961108948847,-0.010469487512304154,0.012723349095036845,-0.007103164439806754,0.0169428442942656,-0.028196152718786234,0.005417567379450176,0.0028711623078983895,-0.005500309389765428,0.011918489582895103,-0.008027891020053166,-0.011109017293975853,0.017413568144668934,0.0037830322866686263,0.004953850729191494,-0.012435982916955352,0.005642073054425605,0.00769816301886952,0.004987859904860779,-0.004891831210687375,0.0222947779375823,-0.000517518266049272,-6.6,-10.0,-5.990657939590022,5
2026-03-05,13,-0.3534,-0.9337,0.45895699689622343,0.6923076923076923,0.038671905351444776,0.0029062312415600246,0.005551828897633573,0.010678299383326154,-0.7740336116670309,0.7692307692307693,0.07692307692307693,0.15384615384615385,0.0,0.07692307692307693,0.07692307692307693,0.46153846153846156,0.15384615384615385,0.07692307692307693,0.5384615384615384,0.07692307692307693,0.07692307692307693,0.0,0.23076923076923078,0.23076923076923078,0.0,0.0,0.07692307692307693,0.38461538461538464,0.07692307692307693,0.0,0.22288507530192792,-0.004112405670525675,0.015342295190265077,-0.01430979841593145,0.040331301761855586,0.030844555225689595,0.020988569966735645,0.0036118031409156986,-0.024147606034461165,0.006324019723832534,-0.013590923230338385,0.0026765583035842037,0.0052132877512887105,-0.007293485499410682,0.007279624243219217,0.018138374874174013,0.008908389182518116,0.0038729741144989446,-0.010072933448915158,0.012480923806507267,0.026027790538402824,-0.009770026753353636,-0.003936634582871013,-0.0016312949998257323,0.0007424841329895924,-0.004128211997222464,0.003820333976228749,-0.016560397502167003,0.006017817848272284,0.01432984770043997,-5.523076923076923,-9.0,-3.9226724285398977,14
2026-03-06,7,0.023014285714285706,-0.4404,0.3039235289156985,0.2857142857142857,0.036193860285530344,0.0029599397552861092,0.0019070017847567934,0.013508372738332778,-0.6805559922993337,0.7142857142857143,0.0,0.0,0.0,0.14285714285714285,0.14285714285714285,0.42857142857142855,0.0,0.0,0.42857142857142855,0.0,0.0,0.0,0.0,0.0,0.0,0.14285714285714285,0.0,0.2857142857142857,0.5714285714285714,0.0,0.17317797646815744,-0.03568714833459801,0.03298447273177936,-0.005407979378792429,0.0035169738810654364,-0.007859538009130196,-0.02360173957104879,0.0007359979397266223,-0.0010898178657411887,-0.021683021326531875,-0.01586982680074827,0.014602454260502927,0.018244990356807274,0.010307705299175522,0.018174070006302334,0.0031169529437697955,0.008516023001390436,0.03128428468746606,0.004592195649872786,-0.0060671100725052185,0.01187660545694256,-0.022378786878663633,-0.0192380534218291,-0.007225316675299962,0.02365542144248999,0.008702352994368907,-0.009524387987598708,0.014279099771311397,0.012849188851194234,0.019066772082773357,-7.6000000000000005,-9.0,-6.229151542439396,7
2026-03-07,8,-0.3382625,-0.891,0.38207869397920785,0.625,0.02964527043196288,0.003972527859841076,0.004427530048712922,0.013206624102742329,-0.6862660061649568,0.625,0.0,0.125,0.0,0.0,0.0,0.125,0.0,0.0,0.25,0.125,0.0,0.0,0.0,0.375,0.0,0.0,0.125,0.375,0.125,0.0,0.18868236241812314,-0.038864318922717835,-0.014786811367216423,-0.021273395485129215,-0.00838368264420157,-0.011120718199933812,-0.004152359915428297,0.010690806761466613,-0.032384021531765464,0.008709180090860327,0.02537000584585801,-0.023410423424982795,0.003640480611749543,-0.007530599842145931,-0.010523323602914424,0.003765102844397455,-0.0019203650090791151,-0.0323722702038029,0.018616394374096616,0.016579975908365914,0.0025279205041168684,-0.0057590823557646465,-0.017457825344811977,0.005033018646809813,-0.013311724760489486,0.0007265091472329722,-0.008937295591707122,0.014475900014367556,-0.001763150696044864,-0.003365310481666018,-6.1875,-9.5,-4.318439582864051,8
2026-03-08,5,-0.24242,-0.7717,0.35200701981636673,0.4,0.030150395090390684,0.003031110113714251,0.007839649248034035,0.016159710803545356,-0.7350252525252525,1.0,0.0,0.2,0.0,0.0,0.0,0.0,0.0,0.0,0.2,0.2,0.0,0.0,0.0,0.2,0.0,0.0,0.0,0.8,0.0,0.0,0.21319825406301957,-0.04991269623852105,-0.02447776555620857,0.009893867612666567,-0.00015326204615895707,-0.00687475498305225,-0.0004105777271512873,0.01268564799431079,0.0002467849059896874,0.004486285610653296,-0.0012210844746475477,-0.02346990316333303,0.010579580090585664,-0.01100763865945124,0.06064166254166531,-0.017917627683498742,-0.02386489791573728,-0.014010495738286305,-0.01786308631628779,0.021687598824564665,0.01037453525552857,-0.01941294204076208,-0.005561625163140379,-0.012005803971497902,0.015941252468756037,0.00047351459487949275,-0.01616367123836452,-0.030607517878164413,-0.0061128188024286035,-0.004771745759614697,-4.88,-5.0,-6.042208340228906,5
2026-03-30,10,-0.53871,-0.891,0.430558578928453,0.8,0.033715662130803,0.0028204974749832137,0.006230377532361835,0.0199395677047775,-0.7163255355959851,0.6,0.0,0.2,0.0,0.2,0.2,0.3,0.4,0.3,0.5,0.1,0.3,0.0,0.1,0.1,0.1,0.0,0.0,0.5,0.2,0.0,0.18925800431279632,0.007564436061148354,0.0186713056763759,0.011339342631279633,0.03421205095211055,-0.008222811431544061,0.0013918742532013418,-0.003737004029784685,-0.027029206450676347,-0.00028051435716457547,0.0005887074745236358,0.00011580596306642174,-0.014354036007171816,-0.007212633592109917,-0.003774418561091092,0.030205383066385406,0.0026208335931706636,0.003658593697446936,-0.0178972980910611,0.01919483601032943,0.0035262761494034567,-0.021755384757267654,-0.005119051535681024,0.001481670503414976,-0.006150551486122384,0.009385791724070256,0.008782327614484161,0.009153042612134964,-0.002932512342266548,0.012008517358531303,-6.04,-10.0,-5.677544327605458,10
2026-03-31,4,-0.23515,-0.7579,0.4944159753352097,0.75,0.029313713311192077,0.0025449823226615376,0.0038790971776543836,0.013610534159029982,-0.7598809523809524,0.5,0.0,0.0,0.0,0.0,0.0,0.0,0.0,0.0,0.0,0.25,0.0,0.0,0.0,0.25,0.0,0.0,0.0,0.75,0.0,0.0,0.18587042110749874,-0.04640980600039909,-0.006056887920681585,-0.022327699466981047,0.018309985325536363,0.023456816186551297,-0.024384335975841734,0.0009439713511164996,0.0028958413891740364,0.005170532419741173,-0.017849190028063056,0.008692571364302504,-0.017390075280849807,-0.014981280833812585,0.040529834710723314,-0.030925428849581396,-0.004702767846927929,0.010929899279292183,0.0015019056569634732,0.006843950352611195,0.01931662905907403,0.001481085804055704,-0.004171387324073666,-0.038315286671362234,0.010859671386957558,-0.029403748262561504,0.0004710246382108055,-0.032512108403033015,0.005439945526602166,-0.035662762638783235,-4.85,-5.0,-3.3615317911483125,4
2026-04-01,11,-0.2817727272727273,-0.8176,0.4948880562125319,0.7272727272727273,0.033600996502982726,0.005761396885066181,0.007707447712672012,0.016875425453599893,-0.6091290140091661,0.5454545454545454,0.0,0.09090909090909091,0.0,0.2727272727272727,0.09090909090909091,0.18181818181818182,0.09090909090909091,0.0,0.36363636363636365,0.5454545454545454,0.09090909090909091,0.0,0.0,0.09090909090909091,0.36363636363636365,0.0,0.0,0.5454545454545454,0.0,0.0,0.20417294779869677,-0.005842364042711348,-0.027412241629582088,0.014710248250593172,0.015017099101707938,0.009281038125966699,-0.0004860624506430133,0.007205142917188764,0.007904292218137708,-0.00042873139931065373,-0.016028021511070314,-0.007970295325684216,0.0037877368167536433,-0.02134115083132462,0.0029799218271032144,0.0030659981240772414,-0.001907525948175619,0.00939258265092041,-0.006666733747540506,0.0006528944973665597,-0.0009741725656990234,-0.0013012919901382633,0.0018755994904274271,0.006584663151800897,0.009426247187619596,0.007241752423700707,0.009004707756171702,-0.001744273347449328,0.004446871365632371,0.004894110295623483,-6.054545454545454,-9.2,-3.3768219169452065,11
2026-04-02,11,-0.32987272727272726,-0.8885,0.4393830540448939,0.6363636363636364,0.05178427807186154,0.0034567591521044772,0.004641923344819828,0.02933404621197919,-0.7282953079986295,0.36363636363636365,0.0,0.09090909090909091,0.0,0.0,0.0,0.09090909090909091,0.0,0.0,0.09090909090909091,0.09090909090909091,0.0,0.0,0.18181818181818182,0.0,0.0,0.09090909090909091,0.0,0.5454545454545454,0.18181818181818182,0.0,0.17818598862097712,-0.08863163770287764,0.02043600053330359,0.007562059623178014,0.01789604516773139,0.0012222927509790054,-0.009700468839494915,-0.017079358486202297,-0.00728335624560739,0.024575775189934243,-0.001927553640594342,-0.003479557052198508,0.0013745951048422446,-0.020574700943836864,-0.0037379007267391282,-0.01860321314135719,0.007627713564381439,0.000811580053363848,0.0031813314269272873,-0.0014775074683842345,-0.0026938444241102217,0.016066880437442345,0.007761772481895777,0.006418885843567543,0.007073182032149536,0.009812083472298479,-0.001892885598031535,-0.001519800214335023,0.004972038775242299,0.0038931729108128282,-5.972727272727273,-9.5,-6.91827420436093,11
2026-04-03,11,-0.29526363636363634,-0.836,0.38754935498005216,0.6363636363636364,0.04161914314286626,0.005522564224835095,0.005283242305930864,0.015796913381947157,-0.616541746941894,0.5454545454545454,0.0,0.36363636363636365,0.0,0.36363636363636365,0.09090909090909091,0.18181818181818182,0.09090909090909091,0.18181818181818182,0.2727272727272727,0.09090909090909091,0.09090909090909091,0.0,0.09090909090909091,0.2727272727272727,0.09090909090909091,0.09090909090909091,0.0,0.2727272727272727,0.18181818181818182,0.0,0.20345711165390828,-0.018093727578448092,0.0022978964450324625,-0.016920154363320013,0.030255349915593723,0.00969909224267413,-0.012062652954842096,0.0038969182265770146,0.007532954135330543,-0.030597350548126952,-0.016768416339342965,-0.004278130171068519,-0.006958523626729934,0.006319341790733412,0.0055343051052366785,0.014376062102967914,-0.0029204555702496736,0.045381318404864965,-0.015102457383761909,0.006680515864012001,0.01042540789358991,-0.0014330957479622077,-0.010646353370917001,0.010769865154705054,0.01174363800968982,0.00666852624849111,-0.0027203031851453885,0.0017432074356226893,0.0061849493657183926,0.01163640854691491,-6.5,-9.0,-4.708705259456942,11
2026-04-04,2,-0.22649999999999998,-0.8934,0.943139024746617,0.5,0.03806445639153004,0.00980908454331333,0.00951683748169839,0.014859750345777464,-0.5614236509758899,0.5,0.0,0.0,0.0,0.0,0.0,0.0,0.0,0.0,0.0,0.5,0.0,0.0,0.0,0.0,0.0,0.0,0.0,1.0,0.0,0.0,0.20473680747692827,-0.08954088677102282,-0.0306933858151845,0.05489083935789142,-0.015305903434492382,0.009624109646327062,-0.005499010338952455,0.030202126262002565,0.01414112983824222,-0.030304916128628165,-0.005664876979005215,-0.014676395614005397,0.0020046401624400946,0.011168861962232964,0.006130770419599814,-0.013332042274590887,0.047221502519761864,0.08256025781321188,-0.043860824234179606,0.024206580205464505,-0.0044529652877979345,0.02502205617606837,-0.022096942165197003,-0.0023973723172506286,0.018192513280296512,0.03177815276401367,0.002944880499544897,0.020773817952642475,0.019798358883316165,0.003050256286642322,-5.0,-5.0,-7.062247319206633,3
2026-04-05,9,-0.23926666666666666,-0.7269,0.42347419047682233,0.6666666666666666,0.03198976283086573,0.007147728957171879,0.009441117917348607,0.012751564488473727,-0.5620273906047615,0.7777777777777778,0.0,0.3333333333333333,0.0,0.1111111111111111,0.1111111111111111,0.5555555555555556,0.0,0.0,0.6666666666666666,0.2222222222222222,0.0,0.0,0.0,0.3333333333333333,0.0,0.0,0.0,0.6666666666666666,0.0,0.0,0.22181889693457002,0.0014293598162703125,-0.05061701895143656,0.004290806886646524,0.02580639599875935,-0.0045823862981977884,0.008127771676780185,0.001990863616987679,-0.003008629757520776,0.0011813474584152668,0.007957907544107646,0.014707041914446658,0.0017527795664296676,-0.002635350495167502,0.0134641022371295,0.01724226258346037,-0.011904291984281489,0.013437538648850608,-0.0028785318303873077,-0.008630394916207722,-0.00014780501379849562,-0.016125299180014395,0.010006929323137105,0.0019783047636231887,0.0038202678471573725,0.005405452077352361,0.002594564291720993,-0.00044729000301036944,0.00201584507078423,0.009950150083672667,-4.800000000000001,-5.0,-3.7083635579687177,9
2026-04-27,8,-0.336125,-0.743,0.43863399891025323,0.875,0.041523298565498565,0.004371254506484663,0.009404859677694213,0.00699801893622442,-0.738974541429475,0.625,0.0,0.25,0.0,0.125,0.125,0.5,0.125,0.0,0.5,0.0,0.125,0.0,0.0,0.5,0.0,0.0,0.125,0.25,0.125,0.0,0.18598126458955724,0.03883299791235035,-0.016411743833729567,-0.017178654949227965,0.026310921631879203,-0.0004583830055127063,0.0324254818617377,-0.008026474402687517,-0.020000696441822848,-0.0016429388024764794,0.002159833681694326,0.006430986966878248,-0.003701187285835134,-0.0019910373427947923,0.0007049792108837546,0.025649750475215092,0.0007838938544890012,0.010215137979150996,-0.0022307514153292623,-0.002484448782205621,0.003760899326088105,0.01240034069871331,-0.002018697550890452,0.00887924331472316,0.001528049191150318,0.002394292781930407,-0.001287560083487769,-0.0003423828381459025,0.008909029345762808,-0.006940648273314212,-6.2625,-9.5,-5.303738473702449,8
2026-04-28,12,-0.03685833333333334,-0.8225,0.4966064061724488,0.4166666666666667,0.02757592929431249,0.0066832450294105105,0.006855131415380325,0.01597009905863129,-0.5007494393768903,0.75,0.0,0.16666666666666666,0.0,0.08333333333333333,0.0,0.25,0.08333333333333333,0.0,0.3333333333333333,0.4166666666666667,0.16666666666666666,0.0,0.08333333333333333,0.25,0.0,0.0,0.0,0.5,0.16666666666666666,0.0,0.19486965142249613,-0.0058674056475950635,-0.041385719408168826,0.03293301774455154,0.009552467484075238,0.03998963591350372,-0.010312726478003234,0.024529249699634877,-0.005607069079635436,-0.017246934435344637,-0.018269940567413993,-0.018042778251026875,0.028097332281199237,0.006426921282261019,0.008789056506741869,0.02218938048074991,0.02007438577663819,0.009148932549800847,0.013459715977838444,0.061840850090071404,-0.028144459274808447,0.011298060493536767,0.0038422663323191292,-0.007594523803552917,-0.019526144762599607,-0.012180665561028063,-0.009193220929016494,-0.014227445905598567,0.010995888212832573,-0.006552884737079031,-5.6499999999999995,-9.0,-3.3964049058660293,12
2026-04-29,10,-0.21137,-0.8807,0.5711385452662855,0.6,0.044271292212243914,0.005079866657207154,0.004913399887942598,0.021343273412251205,-0.62574917232288,0.4,0.0,0.1,0.0,0.0,0.0,0.1,0.0,0.0,0.3,0.0,0.2,0.0,0.1,0.2,0.0,0.0,0.0,0.5,0.2,0.0,0.2105711448741495,-0.0559712173265423,-0.01159816575875906,-0.021899047141354284,0.019163231775091195,-0.032998357577835105,-0.007788984921284746,0.0006147921164595503,0.002012645725144989,-0.0004939886348652802,-0.005783094316161357,-0.00928799654727164,-0.008037476474736406,-0.02837964287220531,7.679739533168021e-05,0.030470401872335122,-0.007832181590827872,0.02288513050683711,-0.010072322088726401,-0.0016638822266061147,0.007699318706695084,0.0047323284894525254,-0.003669863164532229,0.005486361881953139,-0.021988127187014938,0.0007284612837357765,0.009978419190497547,-0.003733521647232612,0.0128302698007488,0.004617574574532701,-5.970000000000001,-10.0,-4.940438932193025,10
2026-04-30,8,-0.170125,-0.8074,0.534152101799799,0.375,0.03181582440767179,0.00451691547609111,0.008334558104666906,0.014249230749827604,-0.6528678665409843,0.375,0.0,0.0,0.0,0.125,0.125,0.125,0.0,0.0,0.375,0.125,0.0,0.0,0.125,0.375,0.125,0.0,0.0,0.25,0.125,0.0,0.1918329734500337,-0.03880875432773775,-0.0267199293666236,-0.013486953437085166,-0.02178004993666949,-0.010893750983831073,-0.016127162039488288,0.01289335291543996,-0.004510663140128747,-0.009003603746905415,-0.00916820734780825,0.005330002874076357,-0.010640211337422177,-0.014944829136021054,-0.0034895516388116477,0.0016273996747416108,-0.00016393653301693956,-0.010320008049509714,-0.006334973575236675,-0.0019378736879422022,0.006720203247051865,0.006145958033885936,0.00933534269730488,-0.008826467062010296,0.010900630361860059,-0.008283682764082817,-0.012306918150940031,0.008003927372500332,0.0060595896047619955,0.010391026173107895,-5.7875,-9.0,-5.235812419925936,8
2026-05-01,11,-0.2661363636363636,-0.7964,0.38058341338720286,0.45454545454545453,0.033357338198279844,0.005523848885607209,0.008952885054364977,0.013124884055312164,-0.5519088807611826,0.6363636363636364,0.0,0.0,0.0,0.18181818181818182,0.09090909090909091,0.09090909090909091,0.0,0.0,0.45454545454545453,0.09090909090909091,0.0,0.0,0.09090909090909091,0.2727272727272727,0.09090909090909091,0.09090909090909091,0.0,0.36363636363636365,0.09090909090909091,0.0,0.19341192282033495,-0.01875211844314587,-0.017826412625436692,-0.017104476064137817,-0.006202989738984046,-0.01788423810451722,-0.004445234417555475,-0.005228515927656755,-0.00607510209049127,-0.013221544644080728,-0.006407565381707846,-0.010602789942005093,-0.001431692573089361,-0.008733233745566981,0.003026744996420114,0.005230617537521969,0.0005127886780770165,-0.012906360876133121,-0.0013033324453728932,0.002990119007603071,0.01540173011946024,-0.008201671630883697,0.003754080158143574,-0.0030332868905272856,-0.0011589479055573902,0.009374369387189312,0.0059200280238749904,0.00034056207778280557,-0.007438053402565525,0.005165607623989787,-5.663636363636364,-9.0,-3.1255841054251934,11
2026-05-02,6,-0.12298333333333333,-0.5574,0.36476559276700793,0.5,0.025514580734193076,0.007042946022416438,0.008579782025607188,0.006552407289024273,-0.5180195266512402,0.5,0.16666666666666666,0.0,0.0,0.0,0.0,0.5,0.0,0.0,0.3333333333333333,0.16666666666666666,0.16666666666666666,0.0,0.0,0.0,0.16666666666666666,0.0,0.0,0.6666666666666666,0.16666666666666666,0.0,0.20050917800627222,0.004486237875271245,-0.06061518461859657,-0.02304939412087612,-0.01328823460625603,-0.0062198354635059445,-0.000823713073767209,0.0016163271735214688,0.005032058300933449,-0.014882244198963633,-0.0308333036553546,-0.022203956296264215,-0.00767295503020982,-0.0025542962598621008,-0.018859139193732014,0.004831904642694559,0.02499140162247443,0.014654623908570209,0.0006280708475689484,-0.006675728192140036,0.004352559501198843,0.0022008970540145748,-0.01905196452702639,-0.0065626117122988365,-0.018826329934853243,-0.03333083725668124,0.01868120773397485,-0.01993024661935973,0.009170435585523665,1.8659727109566575e-05,-6.083333333333333,-10.0,-2.6302644908286283,6
2026-05-03,4,-0.225025,-0.9001,0.45005,0.25,0.046063030259284474,0.0033889774347789616,0.0027933898162905797,0.012777998231131554,-0.707244469870328,0.25,0.0,0.0,0.0,0.0,0.0,0.0,0.0,0.0,0.0,0.25,0.0,0.0,0.25,0.0,0.25,0.0,0.0,0.5,0.0,0.0,0.17097023846055712,-0.031196850052605314,-0.022379461672549856,-0.015605606517138364,-0.015861427166813134,0.02758820423619421,0.005775907898288709,0.013436050862227156,0.022864332129950586,-0.0035907477196516244,-0.00162803295692364,-0.006101478284219423,0.007814382610332795,-0.008129816584006931,0.01046221605663512,-0.010629437625303474,-0.014893098539681501,0.021349778854210997,-0.009136717927636116,0.0016219664170971327,-0.005128773178662234,-0.004145514920114668,-0.0052750523075417634,0.010080556479701365,0.00533126164511737,-0.019127691257547937,-0.0025573603284853434,-0.0070108116100597966,-0.005871720832447174,0.024953600477936357,-5.625,-7.5,-6.383020350322955,4
2026-06-01,10,-0.03177000000000001,-0.7269,0.4594443239150722,0.3,0.028977082663313225,0.006298273869627953,0.004350946592543343,0.017845441461412474,-0.5765541128927857,0.5,0.1,0.3,0.0,0.1,0.0,0.1,0.0,0.0,0.2,0.2,0.1,0.0,0.1,0.0,0.0,0.0,0.0,0.8,0.1,0.0,0.21906114975572155,-0.011712848970691784,-0.03679434426119499,0.012737838669416763,0.023188377127881448,-0.013251709412729526,0.026306543503170687,-0.005672561049962733,-0.006789357398168899,0.014479947083185582,-0.01375384938848804,0.00455325963203171,-0.014225426148352493,-0.0296519526701365,-0.005708607064450077,-0.008149744251210973,0.015671531295715635,-0.0020855588594801216,0.01395615131548437,0.003605503735270891,0.015772081685282,0.001758143271252427,0.004457961470174071,0.012065818874810804,0.00700864892818614,-0.0038621395761896673,-0.003472643965327171,-0.005100020241527723,-0.0055600587557524716,-0.009218211269205263,-5.4,-9.0,-3.157821532055234,10
2026-06-02,9,-0.5885777777777778,-0.9217,0.298480936484132,1.0,0.04118874681126159,0.003212881525107141,0.007723082076430344,0.028725303882636253,-0.7579573204573204,0.2222222222222222,0.0,0.0,0.0,0.1111111111111111,0.0,0.1111111111111111,0.0,0.0,0.1111111111111111,0.0,0.0,0.0,0.0,0.2222222222222222,0.1111111111111111,0.0,0.0,0.4444444444444444,0.2222222222222222,0.0,0.1890675606495652,-0.09247853371989558,0.03325207787389803,0.004761453366396185,0.01770708286297369,0.003610662634670875,0.004799104094684144,-0.016268901452526727,-0.025264442641362815,0.005289160516007502,0.016809178372101264,0.018448646785417838,-0.004506919929042292,-0.021030447732795984,-0.008293860572815488,0.021442385617320883,0.019729579103945728,0.010441896250725705,0.001274564011531638,0.012409030225213979,0.004227117873041617,-0.0020893075833458073,0.008451126829218825,0.008653744163273122,0.01829656614344146,-0.0067851794292975364,0.018566240858036858,-0.003470528310023099,-0.017298161417257922,0.010074654720168512,-5.922222222222222,-9.0,-6.730497011640116,9
2026-06-03,8,-0.060637500000000004,-0.4215,0.37881041974468294,0.5,0.024441388199564474,0.004063126075068622,0.0059929005952885,0.009813817555977922,-0.43055642274392275,0.25,0.0,0.125,0.0,0.0,0.0,0.125,0.125,0.0,0.125,0.25,0.0,0.0,0.0,0.25,0.125,0.125,0.0,0.5,0.0,0.0,0.16062472871836736,0.005403670165714547,-0.03017079457046615,-0.02672571369627093,0.023381650181245116,-0.02588853165668355,0.022411292725799704,0.008753571497868264,0.007991595741726403,-0.0024892437319487936,-0.017106857122914643,0.00515393006855063,-0.00255725701793419,-0.01650236371687845,-0.019329262328408245,-0.015252957060686695,-0.014361696636252148,-0.0002507947923356862,-0.004300462790596952,0.013182562944010885,0.010174335273073735,0.00023657795895103942,-0.00034221415589712916,0.005094733180589915,0.014488327119439271,5.151031598517233e-05,-0.007579150782251861,-0.008434808434054952,-0.006032595760126559,0.003006002047811382,-5.4375,-7.5,-1.2093072440441075,8
2026-06-04,7,-0.16198571428571432,-0.8834,0.5814483910275885,0.5714285714285714,0.04752229376176149,0.003228071035070759,0.005108639984554815,0.02706807385983104,-0.7785237970870673,0.2857142857142857,0.0,0.0,0.0,0.0,0.0,0.0,0.0,0.0,0.2857142857142857,0.0,0.0,0.0,0.0,0.0,0.2857142857142857,0.0,0.0,0.5714285714285714,0.14285714285714285,0.0,0.1917723968391773,-0.09413418456427995,0.01667191522498495,-0.010697670397865929,0.015418314940918125,-0.0049569708120716675,-0.026519720492267158,-0.014719952203141113,-0.008480791589880332,-0.004560197935123414,-0.0015985978876725871,-0.00976953558170129,-0.010372574606152414,-0.023707385757207537,0.01330400398019721,-0.006139486228712965,0.007252523652030126,0.019915281846041445,-0.015292183351739097,0.010803454200414868,-0.004459510324365341,-0.0005032756656913943,-0.0021394216037642698,-0.003241464116912872,0.0206017076281102,0.0005281456424900678,-0.005217698372234935,-2.237360638619635e-05,0.011999694654346268,-0.004544192259992752,-6.142857142857143,-9.0,-5.431262856684255,8
2026-06-05,11,-0.132,-0.872,0.4910986234963401,0.36363636363636365,0.04012590032881962,0.006773766836661025,0.006711543879160625,0.013212354249521403,-0.49174992239853377,0.5454545454545454,0.0,0.0,0.0,0.18181818181818182,0.18181818181818182,0.0,0.0,0.0,0.45454545454545453,0.09090909090909091,0.0,0.0,0.18181818181818182,0.18181818181818182,0.0,0.0,0.0,0.45454545454545453,0.18181818181818182,0.0,0.1753498800722344,-0.009653102700676137,0.014349267132541511,0.00885476107966886,-0.0022920443559315087,-0.002701307554458239,0.007496944827270708,0.018215412810996586,0.014169333327643797,0.0014497384492312903,-0.0017039534464990313,-0.00468806792970512,0.004298101782079051,0.0015410725378938476,0.009794177610364364,-0.004577807115027133,0.006684957974561872,0.0024582758376296395,-0.011928186308543363,0.01261004872131375,0.011384073655443942,0.0016252820902536438,0.0012396429899685449,-0.011125112245736752,0.00046589460903816285,-0.0032949633450791997,0.006507084735706565,-0.0011799692450035948,0.005411541263787844,-0.008922833739417489,-5.854545454545455,-9.0,-3.9845060057819044,11
2026-06-06,8,-0.14521249999999997,-0.6808,0.4533513536115543,0.5,0.046545744810486275,0.00587260102481047,0.005150519368962939,0.022415290403076302,-0.6151382035076931,0.25,0.125,0.125,0.125,0.125,0.125,0.125,0.0,0.125,0.125,0.0,0.0,0.0,0.0,0.0,0.0,0.0,0.125,0.375,0.375,0.125,0.1807696096584689,-0.05678460991373928,0.030771524920959227,-0.011319030354581618,0.013839682129686018,-0.008305320701479296,0.00329177209631892,0.005185829436423908,-0.0056773331533545215,0.018353393576462464,-0.004356488499415478,-0.00815749105881049,-0.004827020079170288,0.002538976034437154,-0.010281096648216678,0.005195898630505992,-0.006949726952543355,-0.0071700589863654025,-0.011911796542149489,0.005623624150646112,0.0014012947468839709,-0.004862063902596457,0.015979023396427174,-0.002039859473391175,0.01287066795843009,-0.0036331052654240553,-0.006089863335988866,-0.004360114605030702,-0.0030047616380334905,-0.0012029489123474733,-7.125,-10.0,-5.1676068148228556,8
2026-06-07,6,-0.06650000000000002,-0.6449,0.4118837991472838,0.3333333333333333,0.043170001595944724,0.008647778451402396,0.004849017718820765,0.019207750483769243,-0.5404621222684263,0.5,0.0,0.0,0.0,0.0,0.0,0.3333333333333333,0.16666666666666666,0.0,0.3333333333333333,0.0,0.16666666666666666,0.0,0.16666666666666666,0.16666666666666666,0.0,0.16666666666666666,0.0,0.3333333333333333,0.16666666666666666,0.0,0.15474896113339456,-0.012275055608316895,0.006752613139186789,0.005203681029752545,0.022061495244431472,-0.0014625488111080637,0.021130216825487325,-0.014101945757070413,-0.0360814336026013,-0.005898192722087533,-0.020378533186530646,-0.018413411530513516,0.0007375893795557703,-0.016255588594795794,0.0017317220070872912,0.02097306660766496,-0.019160414697474325,0.005938940609793418,0.0011343572161614474,-0.004561936232148054,0.007977336019879587,-0.01143403271503634,0.008618843129638586,-0.011588085654049346,0.0025225507874144927,-0.008285675786778635,0.023268159512539233,0.002599375380872078,-0.0013467314350574533,0.011035414423302657,-6.1000000000000005,-10.0,-3.9741416545973416,6
2026-06-08,1,-0.4588,-0.4588,0.0,1.0,0.04898105112620665,0.004647836968180193,0.002860207365033965,0.01465856274579907,-0.8211920529801324,1.0,0.0,0.0,0.0,0.0,0.0,0.0,0.0,0.0,0.0,0.0,0.0,0.0,0.0,0.0,0.0,0.0,0.0,1.0,0.0,0.0,0.34079711831005666,-0.07392465154750828,-0.06419354685195505,-0.017540542297152198,-0.0241442990826522,-0.04477554841973715,-0.017042730044092198,-0.07023375815338352,-0.04793878633288029,0.01756760903256296,0.015678254496294956,-0.02708026176535363,0.003411032600324765,0.03996278413314934,0.08869959351970862,-0.03924787561262168,0.0031866321381274387,-0.017316838174454004,-0.015956046659004255,0.0021105555480449628,-0.03300537557829381,0.011666294687691918,-0.0020677852945252422,-0.02255304613730447,0.011940154531977906,-0.003965173019399478,-0.002506880057377136,-0.030440427539003743,-0.03112143335792559,-0.01959156988698122,-5.0,-5.0,-6.2545720555962,1
2026-06-16,2,-0.13419999999999999,-0.4215,0.4063035564697902,0.5,0.056696619597774923,0.0009746588693957114,0.008034992630628061,0.04181524271383065,-0.9169354838709678,1.0,0.0,0.0,0.0,0.0,0.0,0.0,0.0,0.0,0.0,0.0,0.0,0.0,0.0,0.0,0.0,0.0,0.0,1.0,0.0,0.0,0.18568859637515944,-0.09043435740562819,-0.008895805385953262,0.09916278505474753,0.025850952359803774,-0.05153519331924093,-0.013442707300638753,0.0097299126868208,-0.05299012470922114,-0.00555062775104149,-0.007073241579046888,-0.016535636794908822,-0.02131205040138271,-0.010659531113695723,0.0215667423752179,-0.019082128172679177,-0.030079923640733478,-0.031302594201607935,0.0005668591561188759,-0.010155536128481212,-0.016460531143790487,-0.0047354448528074584,-0.00786466992020798,-0.03463164088588038,0.0109233372908659,-0.00677093961311943,-0.009292114955256281,-0.008978320357351889,-0.004863960829652708,0.0027912326083303035,-5.0,-5.0,-6.69893878762623,2
2026-06-18,2,-0.32395,-0.7506,0.603374216386481,0.5,0.05090309250866436,0.0010080645161290322,0.006148360437216742,0.0486870167955212,-0.8697916666666667,0.5,0.0,0.0,0.0,0.0,0.0,0.0,0.0,0.0,0.0,0.0,0.0,0.0,0.0,0.0,0.0,0.0,0.0,1.0,0.0,0.0,0.15304656117373044,-0.08957227961266892,0.016700725062758968,0.00854929819315997,0.01801407838365205,-0.010740942647110233,-0.020670316607853702,0.007479959759278565,0.0021442871576439378,-0.012399515817113547,-0.025551296749764068,0.025866784010562117,0.0020142529054742913,0.02256996289515553,-0.005628815721526521,-0.016645170266277983,-0.020261168794314065,-0.012019836646159588,0.055350555849249757,-0.009264435140961964,0.011371316544516185,0.006453360531624376,0.001122773283480895,0.019330221048800892,0.005062999909303024,-0.01092227883894919,0.02028407988046977,0.012763963148265799,-0.01222894357441242,0.02108042913780355,-5.0,-5.0,-10.05944315748062,2
2026-06-20,2,0.32594999999999996,0.25,0.10740952006223653,0.0,0.012828142237476324,0.009441441512686784,0.003802871479353581,0.012828142237476324,0.08114035087719301,0.5,0.0,0.5,0.5,0.0,0.0,0.5,0.0,0.0,0.5,0.5,0.0,0.0,0.0,0.5,0.0,0.5,0.0,0.0,0.0,0.0,0.20826166193856638,0.06941715320184802,-0.0703998159630214,0.0033652042300381588,0.048971413111706344,0.03887404370477874,-0.04770430807415979,0.03263794956588621,-0.019394106512013724,-0.005478837945407305,0.04573810052016046,0.006855715789844492,0.04639369482686171,-0.04087685035833928,-0.02689677660280921,-0.04479605722904849,0.023897451395741745,0.021335143986250457,0.058301017037879974,-0.01997432088110255,0.04192547347693893,-0.023425715969220558,0.0153366691381302,-0.012344310702526945,0.009153255160423902,-0.00828055419108226,0.009903517162660273,-0.04745468825264593,-0.007040934535571747,-0.012978116384496793,-5.800000000000001,-7.2,-0.55714079318067,2
2026-06-29,7,-0.0631142857142857,-0.5574,0.47201860284163744,0.42857142857142855,0.03196292121043851,0.009998082077670363,0.002595591812039507,0.018606389410789098,-0.5398562380617271,0.42857142857142855,0.14285714285714285,0.0,0.0,0.2857142857142857,0.2857142857142857,0.0,0.14285714285714285,0.14285714285714285,0.42857142857142855,0.14285714285714285,0.14285714285714285,0.0,0.14285714285714285,0.14285714285714285,0.0,0.0,0.0,0.42857142857142855,0.2857142857142857,0.0,0.205472987360231,0.022350882806457844,0.03204718436629396,0.02809246685709429,-0.0033825037996213702,-0.00555088234002223,-0.043612865865789496,-0.0020128257929715107,-0.019266798521510944,-0.03302642727971478,-0.030733418867400945,-0.014846754144453562,0.005907765926516312,-0.01917753229795125,-0.014621844540542647,-0.006638676233875825,-0.001185182989621807,0.00025682871348235616,-0.0009722904567657578,-0.01729434532293295,-0.006572794990566397,-0.014257861238601724,0.0008108560624634319,0.013376534947057381,-0.024244289995660077,-0.01950175028661231,-0.013585377308609795,-0.021492200342945685,-0.005472119253180493,0.011027201541995909,-6.5,-9.5,-1.1617088703018,7
2026-06-30,11,-0.0746090909090909,-0.8591,0.4551858421667912,0.45454545454545453,0.03656559896153541,0.005967976934609432,0.0065299750528155145,0.011558318242673156,-0.525582091371565,0.5454545454545454,0.0,0.09090909090909091,0.0,0.09090909090909091,0.09090909090909091,0.0,0.18181818181818182,0.0,0.2727272727272727,0.0,0.0,0.0,0.09090909090909091,0.0,0.0,0.09090909090909091,0.0,0.7272727272727273,0.09090909090909091,0.0,0.17426251271827098,-0.035756595167205384,0.0031062902629522067,-0.015683559908940048,0.016407870546121705,0.016390380235113067,-0.012125762731827593,0.005585525151136288,0.023950034142832366,-0.010029770422393032,0.00508183922751205,-0.0009727899140290413,-0.005909919202677014,0.001082955171959267,-0.003987278156717262,0.0037779829894147993,0.0016717493108843332,0.021472408776953486,-0.017331688904552403,0.022984235013346496,0.007438914884631348,0.0034170867373045644,-0.0020916626843132486,0.006940128220451872,0.007994116344897493,-0.007678370522096622,0.006585675810414976,-0.009170388527776437,-0.009432687139731288,-0.003808564857048646,-5.945454545454546,-9.2,-2.966574374844218,11
2026-07-01,13,-0.19536923076923077,-0.802,0.359328072900461,0.46153846153846156,0.039551303086176576,0.003435309546127914,0.007131651210504583,0.013910554078301727,-0.7580017064581843,0.38461538461538464,0.0,0.15384615384615385,0.0,0.23076923076923078,0.23076923076923078,0.0,0.07692307692307693,0.0,0.46153846153846156,0.3076923076923077,0.0,0.0,0.0,0.3076923076923077,0.15384615384615385,0.0,0.0,0.46153846153846156,0.07692307692307693,0.0,0.22621870192274213,-0.001944638128891616,0.026389323132379367,0.013861002798939391,-0.000676478441922353,0.010411657296529918,-0.012852183332601703,0.018352436864647905,0.005980169212908666,-0.00029572509270522294,-0.010734854633440873,0.013954421246591103,0.0020495312089889176,0.0014421398451659382,0.006659816887431266,-0.02641283168159114,-0.011936520020915938,-0.009340513784759153,0.0026486013294744156,0.001606473621589979,-0.014207192095316986,-0.017359155246280174,0.002080027071073089,-0.006450600256831145,0.0020864730229841902,0.011066337929072936,-0.004786541414205355,0.003108025022684317,-0.00914057333897529,0.001083651299165312,-5.43076923076923,-10.0,-5.140087522563087,13
2026-07-02,17,-0.15701176470588235,-0.8658,0.4344578271857249,0.47058823529411764,0.026152210056164967,0.005641087810880553,0.005289222898971344,0.013992819532314573,-0.4221358390901886,0.47058823529411764,0.0,0.11764705882352941,0.0,0.11764705882352941,0.058823529411764705,0.058823529411764705,0.0,0.0,0.17647058823529413,0.17647058823529413,0.058823529411764705,0.0,0.17647058823529413,0.058823529411764705,0.11764705882352941,0.0,0.11764705882352941,0.5294117647058824,0.0,0.0,0.21150743527616223,-0.0027936998393666306,-0.034291306572286774,-0.022879828318041896,-0.002603700173135447,0.004194378571780783,-0.018783018180667348,0.0019896024363382815,-0.003130645219801961,-0.00766118723185773,0.004265117156208625,-0.0028998387165408515,-0.009186103017625845,-0.002221378413648368,0.002630007765672743,-0.022064093535455326,-0.003893896748290147,-0.013192829269391337,0.0032547878923186325,0.012160399137126023,0.008212903393257816,-0.0003140465628532987,-0.011034471601170163,-0.013997089194144071,0.0032776021527063407,-0.010958117819724656,-0.005709255449579863,-0.0033831874573354123,-0.009519443943923683,0.003529700868071712,-5.270588235294118,-9.2,-3.7304550355852024,18
2026-07-03,5,-0.151,-0.6705,0.34202101543618624,0.4,0.04450726227166188,0.006802749262885937,0.006631477861546199,0.011398284255427113,-0.5732959850606909,0.4,0.0,0.0,0.0,0.0,0.0,0.0,0.0,0.0,0.2,0.0,0.0,0.0,0.2,0.2,0.0,0.0,0.0,0.4,0.2,0.0,0.13765391357602236,-0.023050034665861384,-0.019753614140165198,-0.0027423070226857632,0.0054260708197591805,-0.009764429169002347,0.011089202361018532,0.005746806958191926,0.0034349370225013067,0.01539001256824821,-0.014459391308606948,0.02527922103828137,0.007287484840968318,0.014028764671449829,-0.01262267899066156,-0.02438470834079224,-0.016999758542252615,0.0013445622039499102,-0.003189362133947173,0.025010740874930004,0.007263661722114703,-0.009657835697918686,-0.003495854724122461,0.012864970742220044,0.011128635304561412,-0.0007912905592252437,-0.0015096090734816787,0.01622795433948359,-0.03130356058187353,0.01671277959192498,-5.68,-9.0,-6.653870621887184,5
2026-07-04,4,-0.18869999999999998,-0.4588,0.22780304358516953,0.5,0.02280564533445671,0.014901235094485876,0.0018318634000911939,0.002213098309769676,-0.2362012987012987,0.75,0.0,0.0,0.0,0.25,0.25,0.25,0.25,0.0,0.25,0.25,0.0,0.0,0.25,0.25,0.0,0.0,0.0,0.5,0.0,0.0,0.1949306616541716,0.08233278746882527,-0.034006169719110926,-0.005847681680159587,0.014363791819884501,0.011615751316923443,0.004608706333808563,0.023225576696365522,-0.007696802483284024,-0.01590568209108865,-0.012605131108005197,0.01852623527254668,-0.020121470357063246,0.009273622636750778,0.01476970583856638,0.0056333476882328235,-0.011363157483579751,0.00674449832290787,-0.012032577561964136,0.03555913145882357,0.01391022144822937,0.01096707431397176,0.0013464877755526748,0.013126856027921924,-0.0029559611264834184,-0.010115950872564528,0.012363105315449088,0.0014559316657309354,0.0026841469201508102,-0.03170656039914228,-5.9,-9.2,-0.535524987656305,4
2026-07-05,2,-0.5700999999999999,-0.8442,0.3876359374464653,1.0,0.05066979398394429,0.006697939839442887,0.007381032981913144,0.024651803849501885,-0.703525641025641,1.0,0.0,0.0,0.0,0.5,0.5,0.0,0.0,0.0,1.0,0.0,0.0,0.0,0.0,0.0,0.0,0.0,0.0,1.0,0.0,0.0,0.23151029240063004,0.09478164872753751,0.08790685800944185,0.07355434091831822,0.009515521913910842,0.013476045755910706,-0.044954424245144384,-0.013454229429381227,-0.013433885511522288,-0.024582988721585375,-0.039200322287710705,-0.04458330268471866,0.005203513305434558,-0.02610428901094578,0.035378018874651786,-0.00458118630694738,-0.016283369078817004,0.012349275697204606,-0.013472466874824129,0.014589391459409934,0.020805825156978357,-0.007836058939641977,0.016752833958676088,0.01414457972006019,0.018495849123239726,0.017544198639314185,-0.01437394598082858,0.0075219364173482565,0.005925543870370564,-0.011748940561362057,-5.0,-5.0,-6.934210931960395,2
2026-07-27,11,-0.14619090909090907,-0.8402,0.454881310793366,0.45454545454545453,0.029821856956926598,0.003095295527929423,0.005900187213396857,0.01510010988817592,-0.7629532893474669,0.5454545454545454,0.0,0.0,0.0,0.0,0.0,0.09090909090909091,0.0,0.0,0.36363636363636365,0.18181818181818182,0.09090909090909091,0.0,0.0,0.2727272727272727,0.09090909090909091,0.09090909090909091,0.09090909090909091,0.36363636363636365,0.09090909090909091,0.0,0.1950273333873712,-0.04241675157248233,-0.018578366748297877,-0.006390146822443891,-0.020243801255250913,-0.012361283550354955,0.019826480895551387,0.009053172728582708,0.005810112453408094,0.0034485473820390408,0.006218177232147776,0.0065839576575720815,4.584384221771062e-05,-0.018074886273908103,0.007786655592656139,-0.0037035141207541022,0.007578945838196271,-0.0030989639223156142,0.006414661755986094,0.002778073761931168,0.004086976183882023,0.004652374361444248,0.009296224633179709,0.0007894727432765459,0.0003970024666299582,-0.003436100652847973,0.003779019419006062,-0.010068488677758782,0.008158073356924983,-0.011102546716532116,-6.4818181818181815,-9.2,-3.37733250086082,11
2026-07-28,12,-0.23931666666666665,-0.6597,0.31753522305216453,0.5,0.04287399103829928,0.004556787541707742,0.004822731891163354,0.01895625962795967,-0.6568942366887752,0.6666666666666666,0.0,0.25,0.0,0.25,0.25,0.16666666666666666,0.25,0.16666666666666666,0.3333333333333333,0.0,0.16666666666666666,0.0,0.16666666666666666,0.25,0.08333333333333333,0.0,0.08333333333333333,0.3333333333333333,0.08333333333333333,0.0,0.197228319871927,-0.03669296055763807,0.021468099612292586,0.010872719484182098,0.05677614481535003,-0.021131113513777524,-0.017673788906488193,0.009182195727340048,-0.022831162271407395,-0.008271443698806556,-0.006018428924159015,-0.00587658575028203,-0.010604247247618033,-0.00513725690782644,0.0026383066474097838,0.0030376038431896898,-0.011691222582885819,0.029519928629181482,-0.006580327381717312,0.001792244561999292,-0.00029002105708631523,0.009349708907191591,0.001107901674843622,-0.005055627598494681,-0.011716699308874012,-0.0003220659113432403,-0.007110067810654593,-0.0044659593270394505,0.0033615272997044835,0.005175877871810775,-5.7749999999999995,-9.0,-5.332727114845963,12
2026-07-29,8,-0.347175,-0.8885,0.499221330101761,0.5,0.0423841268949437,0.0020870679034351003,0.0030471092433339625,0.020460412060763402,-0.8269243548848811,0.25,0.0,0.0,0.0,0.0,0.0,0.125,0.0,0.0,0.375,0.25,0.0,0.0,0.125,0.125,0.0,0.0,0.0,0.75,0.0,0.0,0.2020802750526721,-0.10151573728202751,0.031172484668735727,0.010117596347428915,0.0030181871534201593,0.016362746556433275,0.0071379197729495485,0.0010317911463100723,0.003910330595651913,-0.0023858964534318465,0.005018344920467253,0.005600676328902859,-0.008646102249510098,-0.01238005669057829,0.0038018499683141064,0.0033860615143686845,-0.0020585203394032185,0.0009312885380599696,0.02809261225839558,-0.0052162470159639995,0.001017063450854205,0.01621546920464809,0.0023042352540868748,0.02413978260670992,0.019295624717003666,-0.02060021140543014,-0.004667766205482361,-0.003819929850588789,0.004264132276258116,0.014451489714529935,-5.1,-5.8,-7.249333058242956,8
2026-07-30,14,-0.2796214285714286,-0.8402,0.48565571087499265,0.6428571428571429,0.04941408190426484,0.0026365354825240426,0.0029784486999609406,0.021977395925433612,-0.8000093053412491,0.42857142857142855,0.0,0.0,0.0,0.07142857142857142,0.14285714285714285,0.14285714285714285,0.0,0.0,0.2857142857142857,0.0,0.0,0.0,0.0,0.14285714285714285,0.07142857142857142,0.07142857142857142,0.0,0.6428571428571429,0.07142857142857142,0.0,0.1909454118959569,-0.08091372291220054,0.04764981783672766,-0.010150539268057424,-0.0006649433878634628,-0.009216453919393963,-0.010070498697466597,0.006271327717433931,-0.0263828358779489,-0.004708627400898288,0.006744903574522553,0.003216702790503759,-0.005509496773823482,-0.001228050260040151,-0.00836839150800403,-0.008902111472425468,0.007732448191514869,0.012265738577235952,0.012460721124252009,0.005283901152056831,0.013293713986685936,0.010548380500621787,-0.007817719364427555,0.004125026216318306,-0.006769688519091488,-0.0044844983106982015,0.007284691184187604,0.011117406817490709,0.002374684343294748,0.014404749351446058,-6.1000000000000005,-9.5,-6.854862182283996,14
2026-07-31,8,-0.5358499999999999,-0.875,0.38467266604218187,0.875,0.052253235972796144,0.003925644153441581,0.005423573091991602,0.022754635530649544,-0.794979065970527,0.625,0.0,0.125,0.0,0.0,0.125,0.125,0.0,0.0,0.375,0.0,0.125,0.0,0.0,0.25,0.0,0.0,0.0,0.75,0.0,0.0,0.1926007832853018,-0.07761861491244369,0.03209747015675254,0.0011816377134514769,0.031632909380890334,-0.004406577775437285,-0.005819747729808752,0.004438197760030651,-0.02935171477739468,0.009903086786982268,-0.012225969069205625,-0.007204189648159056,-0.005353976338669522,0.006163335616399,0.00895586626328188,0.0029599851166259676,-0.009414629986373529,-0.004156697456404666,0.0001826052611937001,-0.0010087660224483682,0.014341726147842945,0.004515488455770123,-0.01613073244763842,0.015494749558220099,0.004154137857871259,0.01219108651268002,-0.014024920709720836,-0.0005163053765735336,0.02057415218331702,-0.009580158462774569,-4.85,-5.0,-7.173207354391497,8
2026-08-01,6,-0.18089999999999998,-0.6908,0.44127045221723155,0.5,0.021185175533246586,0.009534283008197352,0.003650990478002778,0.009932618452977956,-0.4055681818181818,0.3333333333333333,0.0,0.16666666666666666,0.0,0.5,0.3333333333333333,0.0,0.0,0.0,0.6666666666666666,0.16666666666666666,0.16666666666666666,0.0,0.0,0.16666666666666666,0.16666666666666666,0.0,0.16666666666666666,0.3333333333333333,0.16666666666666666,0.0,0.22343645983424595,0.045271214755357087,0.0333061621142171,0.008885244797691219,-0.030867869608508652,-0.0302009113568875,-0.003516765567457029,0.0024710349008660363,-0.022565265369852806,-0.001840594846030008,0.006609994738030989,-0.011098128752377314,0.0020025498034196244,-0.01807385581777731,-0.007286650779200894,-0.017379139167924804,-0.01180684122699807,-0.004349101855076775,0.010416448615180034,-0.016587344202152722,0.002661919270212557,-0.011177800407788504,-0.0017950341994556864,-0.007866971219546853,0.003702690765849844,-0.00547386713675899,-0.030119438090714518,0.005816560732175475,-0.011017529927872716,0.02413312564190292,-6.566666666666666,-9.5,-3.12796485042548,6
2026-08-02,7,-0.298,-0.4404,0.20462706728745997,0.7142857142857143,0.03893481883753229,0.004349055025105491,0.009603535853750358,0.007878037596637213,-0.6638376243639401,0.8571428571428571,0.0,0.0,0.0,0.0,0.0,0.14285714285714285,0.0,0.0,0.14285714285714285,0.0,0.14285714285714285,0.0,0.0,0.14285714285714285,0.0,0.0,0.14285714285714285,0.2857142857142857,0.42857142857142855,0.0,0.17509544721958872,-0.004539428313299845,-0.015174939175040128,-0.013606935619920707,0.009899151629172525,0.014781723964913581,0.011149585578809561,0.02062562824979449,-0.027250407972704355,0.0012607413352769142,-0.01630306410320067,0.009035245087513211,0.015186746582656082,-0.0011843262665856959,0.0031554882316965718,0.0007430295457946533,-0.017213414393537463,-0.00041108351627645146,-0.03163544675743586,0.012770740934899192,0.0005731194100015465,0.005612388755996637,-0.009956862980310071,-0.010939515475447787,-0.012210234439365749,0.006733022522558421,0.02060293136372262,0.025662498889244132,0.015240975520279112,-0.009748099788443116,-7.0,-10.0,-4.385060371094249,7
2026-08-31,7,-0.11204285714285714,-0.7783,0.47550829245185217,0.42857142857142855,0.03807720235888016,0.0027148153185563967,0.0076372983477100585,0.011316604797889358,-0.7259949956994293,0.14285714285714285,0.0,0.0,0.0,0.0,0.0,0.14285714285714285,0.0,0.0,0.14285714285714285,0.14285714285714285,0.2857142857142857,0.0,0.14285714285714285,0.14285714285714285,0.0,0.0,0.14285714285714285,0.2857142857142857,0.2857142857142857,0.0,0.19143505762926635,-0.02955703749606749,0.004870912230371204,-0.042123371704369576,-0.010749139063145388,-0.007777019875110007,0.01136632199509205,-0.004452048265039562,-0.027308175926879237,0.01828810660347229,-0.01999056223005818,-0.009555553802181788,0.025971892864260528,-0.010358528589407182,-0.0173450731273118,-0.010292462113536762,-0.0017867402143260432,0.023127863686476218,-0.011842258216551342,-0.008196627929809214,0.0004582981172266677,0.011785394956277364,-0.01731767036002516,-0.014412944894691974,-0.030996024211428008,0.020848335910690536,0.019395632414302814,0.012552110690636633,0.001701944652968955,0.0145998030031175,-5.914285714285714,-9.0,-5.250529164760818,7
2026-09-01,5,-0.3028,-0.5267,0.27700583928863304,0.6,0.041701808699069975,0.0025584334100703355,0.013515474014477492,0.004310118437089313,-0.817027445460943,0.2,0.0,0.2,0.0,0.2,0.2,0.0,0.0,0.2,0.2,0.0,0.0,0.0,0.2,0.4,0.0,0.0,0.0,0.2,0.2,0.0,0.18704389850000047,0.014635488916069823,0.03085673569832431,-0.03000841996069057,0.025076914446173167,-0.02040798634970193,0.031082333041476416,0.002863289035468921,0.029679961397071963,0.03292043707909621,-0.0012500883414864744,-0.01844960713918998,-0.001968900532394854,-0.006323402492501148,0.0037662184611373687,-0.008819995358140889,-0.00990490180648736,0.013455558173154386,-0.00935139917881021,-0.0019175810269990538,0.014290167020368023,-0.009067828960048211,0.0015099296148809297,-0.006334631011321035,0.0033264036899661046,-0.01819533145799201,-0.004309057812322117,-0.012299842558644315,0.009014699621367736,0.010254619393932988,-6.08,-9.0,-4.905923562321072,5
