date,usd_idr,fx_return_lag_0,fx_return_lag_1,fx_return_lag_2,fx_return_lag_3,fx_return_lag_4,fx_volatility_5,fx_volatility_20,fx_momentum_5,fx_day_of_week,target
2021-09-29,14307,0.002659576035758796,0.0007711992530014285,0.0005612459807772427,-0.00042096401379397466,0.0004911419148017321,0.00112929498913039,0.001884146918222906,0.00407046108498843,2,UP
2021-09-30,14321,0.0009780635123685373,0.002659576035758796,0.0007711992530014285,0.0005612459807772427,-0.00042096401379397466,0.0011155726120824255,0.0018932141378935866,0.004559483726150448,3,DOWN
2021-10-01,14315,-0.00041905294648715,0.0009780635123685373,0.002659576035758796,0.0007711992530014285,0.0005612459807772427,0.0011150028566710164,0.0018636334965906744,0.004561403508771988,4,DOWN
2021-10-04,14276,-0.002728132922164461,-0.00041905294648715,0.0009780635123685373,0.002659576035758796,0.0007711992530014285,0.001995285831691204,0.0019388837135455106,0.0012624491513535396,0,DOWN
2021-10-05,14260,-0.001121390641764047,-0.002728132922164461,-0.00041905294648715,0.0009780635123685373,0.002659576035758796,0.0020509856300402235,0.0018122162686573043,-0.0006307379634171717,1,DOWN
2021-10-06,14245,-0.0010524470362782274,-0.001121390641764047,-0.002728132922164461,-0.00041905294648715,0.0009780635123685373,0.0013386396276482706,0.0014427337417546632,-0.0043335430208988335,2,DOWN
2021-10-07,14238,-0.0004915212681901174,-0.0010524470362782274,-0.001121390641764047,-0.002728132922164461,-0.00041905294648715,0.000931119495639551,0.001440704751917547,-0.005795684658892575,3,DOWN
2021-10-08,14225,-0.0009134666692869377,-0.0004915212681901174,-0.0010524470362782274,-0.001121390641764047,-0.002728132922164461,0.0008556197009146801,0.0012497389717725249,-0.006287111421585778,4,DOWN
2021-10-11,14210,-0.0010550379033853635,-0.0009134666692869377,-0.0004915212681901174,-0.0010524470362782274,-0.001121390641764047,0.00025482494177416425,0.001126997583135828,-0.004623143737741642,0,UP
2021-10-12,14217,0.00049248954455159,-0.0010550379033853635,-0.0009134666692869377,-0.0004915212681901174,-0.0010524470362782274,0.0006548378311462873,0.0011367731462251876,-0.003015427769985979,1,UP
2021-10-13,14221,0.00028131373699838387,0.00049248954455159,-0.0010550379033853635,-0.0009134666692869377,-0.0004915212681901174,0.0006968022597500248,0.001139402491994843,-0.0016848016848016734,2,DOWN
2021-10-14,14155,-0.004651826826696295,0.00028131373699838387,0.00049248954455159,-0.0010550379033853635,-0.0009134666692869377,0.002065933464724672,0.00151948916118216,-0.00582947043124038,3,DOWN
2021-10-15,14084,-0.005028517271056866,-0.004651826826696295,0.00028131373699838387,0.00049248954455159,-0.0010550379033853635,0.0026699090340905353,0.0018524845902103458,-0.009912126537785615,4,UP
2021-10-18,14096,0.0008516679010175157,-0.005028517271056866,-0.004651826826696295,0.00028131373699838387,0.00049248954455159,0.0029578837375170094,0.0018337188885530682,-0.008022519352568591,0,DOWN
2021-10-19,14080,-0.0011357184639273798,0.0008516679010175157,-0.005028517271056866,-0.004651826826696295,0.00028131373699838387,0.002750790777103651,0.0018383481867623825,-0.009636350847576858,1,UP
2021-10-21,14133,0.0037571376561173144,-0.0011357184639273798,0.0008516679010175157,-0.005028517271056866,-0.004651826826696295,0.0037199041948931966,0.002071971537677844,-0.006188031783981418,3,UP
2021-10-22,14162,0.002049832843568452,0.0037571376561173144,-0.0011357184639273798,0.0008516679010175157,-0.005028517271056866,0.003375284871038997,0.00213592682806283,0.0004945249028611709,4,UP
2021-10-25,14183,0.0014817430828883615,0.002049832843568452,0.0037571376561173144,-0.0011357184639273798,0.0008516679010175157,0.0017829466099965581,0.0021737375928391127,0.007029253053109974,0,DOWN
2021-10-26,14165,-0.0012699310299906367,0.0014817430828883615,0.002049832843568452,0.0037571376561173144,-0.0011357184639273798,0.0021591189689736993,0.002176968314077458,0.004895005675368935,1,UP
2021-10-27,14184,0.001340435489426813,-0.0012699310299906367,0.0014817430828883615,0.002049832843568452,0.0037571376561173144,0.0018090974753694263,0.0021957249922047966,0.00738636363636358,2,UP
2021-10-28,14199,0.0010569708203138105,0.001340435489426813,-0.0012699310299906367,0.0014817430828883615,0.002049832843568452,0.0012828391422047868,0.0021096377859426093,0.004669921460411786,3,DOWN
2021-10-29,14171,-0.0019739167494872414,0.0010569708203138105,0.001340435489426813,-0.0012699310299906367,0.0014817430828883615,0.0016231041022453031,0.0021129682265161234,0.0006355034599632159,4,UP
2021-11-01,14235,0.0045060978872675786,-0.0019739167494872414,0.0010569708203138105,0.001340435489426813,-0.0012699310299906367,0.0025519271111217236,0.002394405650243221,0.0036663611365719273,0,UP
2021-11-02,14261,0.0018248180246291173,0.0045060978872675786,-0.0019739167494872414,0.0010569708203138105,0.001340435489426813,0.0023087216314674284,0.002365683903443601,0.006777267913872231,1,UP
2021-11-03,14301,0.0028009261361683253,0.0018248180246291173,0.0045060978872675786,-0.0019739167494872414,0.0010569708203138105,0.0023977435858002303,0.0024340082629953153,0.008248730964466988,2,UP
2021-11-04,14327,0.0018164040204368761,0.0028009261361683253,0.0018248180246291173,0.0045060978872675786,-0.0019739167494872414,0.002375290496289864,0.002444327808675084,0.009014719346432942,3,UP
2021-11-05,14374,0.0032751501350157587,0.0018164040204368761,0.0028009261361683253,0.0018248180246291173,0.0045060978872675786,0.0011230536800198362,0.002524966104878996,0.01432502999082641,4,DOWN
2021-11-08,14268,-0.007401751549605742,0.0032751501350157587,0.0018164040204368761,0.0028009261361683253,0.0018248180246291173,0.004441696034512681,0.003070645143686135,0.0023182297154900056,0,DOWN
2021-11-09,14233,-0.0024560554081568486,-0.007401751549605742,0.0032751501350157587,0.0018164040204368761,0.0028009261361683253,0.004525393672978127,0.0031152612327593372,-0.0019633966762498956,1,UP
2021-11-10,14253,0.0014041987844057627,-0.0024560554081568486,-0.007401751549605742,0.0032751501350157587,0.0018164040204368761,0.004317266465156106,0.0031282449931626832,-0.0033564086427522177,2,UP
2021-11-11,14288,0.002452613261249291,0.0014041987844057627,-0.0024560554081568486,-0.007401751549605742,0.0032751501350157587,0.004417176209484518,0.0031712835536847317,-0.0027221330355273743,3,DOWN
2021-11-12,14243,-0.003154466181694088,0.002452613261249291,0.0014041987844057627,-0.0024560554081568486,-0.007401751549605742,0.0039367303542673145,0.003065761745809042,-0.009113677473215565,4,DOWN
2021-11-15,14206,-0.0026011473768308723,-0.003154466181694088,0.002452613261249291,0.0014041987844057627,-0.0024560554081568486,0.002595330567107102,0.0028860826275972184,-0.00434538828146902,0,UP
2021-11-16,14211,0.0003519020341062895,-0.0026011473768308723,-0.003154466181694088,0.002452613261249291,0.0014041987844057627,0.0024672335745200853,0.0028844140405496856,-0.001545703646455454,1,UP
2021-11-17,14259,0.003371973690257621,0.0003519020341062895,-0.0026011473768308723,-0.003154466181694088,0.002452613261249291,0.0029236343290959836,0.0029332828644985185,0.0004209640075774068,2,DOWN
2021-11-18,14231,-0.0019656025984591784,0.003371973690257621,0.0003519020341062895,-0.0026011473768308723,-0.003154466181694088,0.0026869366221154586,0.0028911693336331977,-0.003989361702127714,3,UP
2021-11-19,14237,0.00042152593008595315,-0.0019656025984591784,0.003371973690257621,0.0003519020341062895,-0.0026011473768308723,0.002359331477807919,0.002863443219296744,-0.0004212595661026164,4,UP
2021-11-22,14255,0.0012635127330265854,0.00042152593008595315,-0.0019656025984591784,0.003371973690257621,0.0003519020341062895,0.0019209701003298626,0.002858971307513622,0.0034492467971278806,0,UP
2021-11-23,14272,0.0011918534730182282,0.0012635127330265854,0.00042152593008595315,-0.0019656025984591784,0.003371973690257621,0.0019208848614840057,0.0028428935319647296,0.004292449510942209,1,DOWN
2021-11-24,14272,0.0,0.0011918534730182282,0.0012635127330265854,0.00042152593008595315,-0.0019656025984591784,0.0013126468573245703,0.002834755725192581,0.0009117048881408518,2,UP
2021-11-25,14280,0.0005603810737846829,0.0,0.0011918534730182282,0.0012635127330265854,0.00042152593008595315,0.0005351917323110314,0.0028300326488899614,0.0034431874077718305,3,DOWN
2021-11-26,14280,0.0,0.0005603810737846829,0.0,0.0011918534730182282,0.0012635127330265854,0.0006148291926141343,0.0027811262406180373,0.003020299220341416,4,UP
2021-11-29,14340,0.004192878260035958,0.0,0.0005603810737846829,0.0,0.0011918534730182282,0.0017497068679693136,0.0027574683670276373,0.005962820063135643,0,DOWN
2021-11-30,14320,-0.0013956736389746914,0.004192878260035958,0.0,0.0005603810737846829,0.0,0.002096871694824236,0.0027619133913315786,0.0033632286995515237,1,UP
2021-12-01,14353,0.002301818056743754,-0.0013956736389746914,0.004192878260035958,0.0,0.0005603810737846829,0.002164183226965612,0.002739399978904177,0.0056754484304932795,2,UP
2021-12-02,14378,0.0017402809724365456,0.002301818056743754,-0.0013956736389746914,0.004192878260035958,0.0,0.0021505733163127557,0.002737060718686805,0.006862745098039191,3,UP
2021-12-03,14408,0.0020843473119750732,0.0017402809724365456,0.002301818056743754,-0.0013956736389746914,0.004192878260035958,0.0020170071676391624,0.0026784585099459534,0.008963585434173638,4,UP
2021-12-06,14441,0.0022877752707732304,0.0020843473119750732,0.0017402809724365456,0.002301818056743754,-0.0013956736389746914,0.0015812388665752946,0.0020490442728128824,0.007043235704323525,0,DOWN
2021-12-07,14408,-0.0022877752707731454,0.0022877752707732304,0.0020843473119750732,0.0017402809724365456,0.002301818056743754,0.001976904801149087,0.0020361282227576412,0.0061452513966480105,1,DOWN
2021-12-08,14348,-0.004173048203618808,-0.0022877752707731454,0.0022877752707732304,0.0020843473119750732,0.0017402809724365456,0.002967783894625381,0.0022881092412105676,-0.0003483592280359993,2,UP
2021-12-09,14351,0.0002090665187586408,-0.004173048203618808,-0.0022877752707731454,0.0022877752707732304,0.0020843473119750732,0.0028090821516959163,0.0022330128040696936,-0.0018778689664765702,3,UP
2021-12-10,14378,0.0018796343728850722,0.0002090665187586408,-0.004173048203618808,-0.0022877752707731454,0.0022877752707732304,0.002765411186896908,0.0021131298018506545,-0.002082176568573013,4,DOWN
2021-12-13,14346,-0.00222810285743707,0.0018796343728850722,0.0002090665187586408,-0.004173048203618808,-0.0022877752707731454,0.002370486677633392,0.002086051811953997,-0.006578491794197117,0,UP
2021-12-14,14348,0.00013940196579338425,-0.00222810285743707,0.0018796343728850722,0.0002090665187586408,-0.004173048203618808,0.00237129049697439,0.002087334797458709,-0.004164353137146026,1,DOWN
2021-12-15,14337,-0.0007669514059053393,0.00013940196579338425,-0.00222810285743707,0.0018796343728850722,0.0002090665187586408,0.0015025961702665965,0.0019883188404473135,-0.0007666573738500659,2,UP
2021-12-16,14343,0.00041841004794508266,-0.0007669514059053393,0.00013940196579338425,-0.00222810285743707,0.0018796343728850722,0.0015180577019272984,0.0019172563502272092,-0.000557452442338513,3,DOWN
2021-12-17,14343,0.0,0.00041841004794508266,-0.0007669514059053393,0.00013940196579338425,-0.00222810285743707,0.0010676055828320906,0.0019192301952293256,-0.0024342745861732906,4,UP
2021-12-20,14384,0.002854459417188542,0.0,0.00041841004794508266,-0.0007669514059053393,0.00013940196579338425,0.0013721433318652314,0.0019898456837970594,0.0026488219712812455,0,DOWN
2021-12-21,14349,-0.0024362243629949586,0.002854459417188542,0.0,0.00041841004794508266,-0.0007669514059053393,0.0019264888850061659,0.002081942471455236,6.96961248953798e-05,1,DOWN
2021-12-22,14264,-0.005941372805430285,-0.0024362243629949586,0.002854459417188542,0.0,0.00041841004794508266,0.0033296567581210194,0.0025035446557285816,-0.005091720722605886,2,DOWN
2021-12-23,14251,-0.000911800869764144,-0.005941372805430285,-0.0024362243629949586,0.002854459417188542,0.0,0.0032377744030130514,0.00250697368795191,-0.006414278742243651,3,DOWN
2021-12-24,14219,-0.002247981276837709,-0.000911800869764144,-0.005941372805430285,-0.0024362243629949586,0.002854459417188542,0.0031697483962056234,0.002552163026951168,-0.008645332217806612,4,UP
2021-12-27,14225,0.0004218815981571963,-0.002247981276837709,-0.000911800869764144,-0.005941372805430285,-0.0024362243629949586,0.002376290533120264,0.0023399236501769264,-0.011053948832035587,0,UP
2021-12-28,14237,0.0008432296192141345,0.0004218815981571963,-0.002247981276837709,-0.000911800869764144,-0.005941372805430285,0.0027291489264742587,0.002343466173873721,-0.007805421980625837,1,UP
2021-12-29,14265,0.0019647750338544732,0.0008432296192141345,0.0004218815981571963,-0.002247981276837709,-0.000911800869764144,0.0016304277764792323,0.0023249811955436514,7.010656197414811e-05,2,UP
2021-12-30,14269,0.0002803672829747273,0.0019647750338544732,0.0008432296192141345,0.0004218815981571963,-0.002247981276837709,0.0015461824432514014,0.002279783323111044,0.0012630692582975556,3,UP
2021-12-31,14278,0.0006305391318306174,0.0002803672829747273,0.0019647750338544732,0.0008432296192141345,0.0004218815981571963,0.0006701331652668747,0.002219434390201351,0.004149377593360981,4,DOWN
2022-01-03,14270,-0.0005604595915237604,0.0006305391318306174,0.0002803672829747273,0.0019647750338544732,0.0008432296192141345,0.0009174031750748196,0.0021236129713929405,0.0031634446397188487,0,UP
2022-01-04,14310,0.0027991620796145524,-0.0005604595915237604,0.0006305391318306174,0.0002803672829747273,0.0019647750338544732,0.0013467149879405349,0.0022130235360424883,0.005127484722905029,1,UP
2022-01-05,14365,0.0038360988628932725,0.0027991620796145524,-0.0005604595915237604,0.0006305391318306174,0.0002803672829747273,0.0018426367384745395,0.0022077881992262622,0.007010164738871394,2,UP
2022-01-06,14396,0.0021556977855314518,0.0038360988628932725,0.0027991620796145524,-0.0005604595915237604,0.0006305391318306174,0.0017468607906949891,0.002257101009834858,0.008900413483776015,3,DOWN
2022-01-07,14360,-0.0025038265967061903,0.0021556977855314518,0.0038360988628932725,0.0027991620796145524,-0.0005604595915237604,0.0026087498289818524,0.0022935072928247737,0.005743101274688245,4,DOWN
2022-01-10,14323,-0.002579926822350117,-0.0025038265967061903,0.0021556977855314518,0.0038360988628932725,0.0027991620796145524,0.003056734023874702,0.0023122631488644366,0.0037140854940433954,0,DOWN
2022-01-11,14299,-0.001677032047017826,-0.002579926822350117,-0.0025038265967061903,0.0021556977855314518,0.0038360988628932725,0.0029572802196394057,0.002338704520387751,-0.0007686932215233977,1,UP
2022-01-12,14302,0.00020978287549405043,-0.001677032047017826,-0.002579926822350117,-0.0025038265967061903,0.0021556977855314518,0.0020350004578205084,0.0023358022192031184,-0.0043856595892795,2,UP
2022-01-13,14311,0.0006290847025344544,0.00020978287549405043,-0.001677032047017826,-0.002579926822350117,-0.0025038265967061903,0.0015135670322983827,0.0023388416282149357,-0.005904417893859426,3,DOWN
2022-01-14,14310,-6.987876037923628e-05,0.0006290847025344544,0.00020978287549405043,-0.001677032047017826,-0.002579926822350117,0.0013674713285874271,0.0023387182074374427,-0.0034818941504177747,4,UP
2022-01-17,14323,0.0009080432293686028,-6.987876037923628e-05,0.0006290847025344544,0.00020978287549405043,-0.001677032047017826,0.0010101507872704591,0.0022473527004542903,0.0,0,UP
2022-01-18,14325,0.00013962580307519163,0.0009080432293686028,-6.987876037923628e-05,0.0006290847025344544,0.00020978287549405043,0.0003964303789416104,0.0021861831724384,0.0018183089726553359,1,UP
2022-01-19,14370,0.0031364374901303115,0.00013962580307519163,0.0009080432293686028,-6.987876037923628e-05,0.0006290847025344544,0.0012827807662735245,0.0018172442235780113,0.004754579779051804,2,DOWN
2022-01-20,14354,-0.0011140510830533626,0.0031364374901303115,0.00013962580307519163,0.0009080432293686028,-6.987876037923628e-05,0.0015911520069098579,0.0018252985470940293,0.0030046817133673187,3,DOWN
2022-01-21,14347,-0.00048778789162727825,-0.0011140510830533626,0.0031364374901303115,0.00013962580307519163,0.0009080432293686028,0.0016451978380935897,0.0017330315488294956,0.002585604472396863,4,DOWN
2022-01-24,14327,-0.001394992205017639,-0.00048778789162727825,-0.0011140510830533626,0.0031364374901303115,0.00013962580307519163,0.0018211391678470857,0.0017814213052954164,0.0002792711024226513,0,UP
2022-01-25,14358,0.002161409243056033,-0.001394992205017639,-0.00048778789162727825,-0.0011140510830533626,0.0031364374901303115,0.0020539623672863818,0.0018242190055697226,0.002303664921466053,1,DOWN
2022-01-26,14346,-0.0008361204500485702,0.002161409243056033,-0.001394992205017639,-0.00048778789162727825,-0.0011140510830533626,0.00143501103025266,0.0018070715968050632,-0.001670146137787043,2,UP
2022-01-27,14385,0.0027148392992685675,-0.0008361204500485702,0.002161409243056033,-0.001394992205017639,-0.00048778789162727825,0.001870444462436533,0.0018870977590185632,0.0021596767451581567,3,DOWN
2022-01-28,14381,-0.0002781060992686058,0.0027148392992685675,-0.0008361204500485702,0.002161409243056033,-0.001394992205017639,0.0018468838617299885,0.0018923085383142745,0.0023698334146511346,4,UP
2022-01-31,14392,0.0007646057439893359,-0.0002781060992686058,0.0027148392992685675,-0.0008361204500485702,0.002161409243056033,0.001525207605224017,0.0018815735383248889,0.004536888392545624,0,DOWN
2022-02-02,14347,-0.003131635531979051,0.0007646057439893359,-0.0002781060992686058,0.0027148392992685675,-0.0008361204500485702,0.002145989099689755,0.0019537831320638114,-0.0007661234155175167,2,UP
2022-02-03,14381,0.0023670297879896545,-0.003131635531979051,0.0007646057439893359,-0.0002781060992686058,0.0027148392992685675,0.0023587472708957525,0.001830828433270687,0.002439704447232627,3,DOWN
2022-02-04,14376,-0.0003477414229846502,0.0023670297879896545,-0.003131635531979051,0.0007646057439893359,-0.0002781060992686058,0.0020071449338309637,0.0017640553685212953,-0.0006256517205421863,4,UP
2022-02-07,14404,0.0019457963053708047,-0.0003477414229846502,0.0023670297879896545,-0.003131635531979051,0.0007646057439893359,0.00220175410434249,0.0017209476988241416,0.0015993324525416241,0,DOWN
2022-02-08,14385,-0.0013199487831175188,0.0019457963053708047,-0.0003477414229846502,0.0023670297879896545,-0.003131635531979051,0.0022919395111361935,0.0016366356436899369,-0.0004863813229571967,1,DOWN
2022-02-09,14366,-0.0013216933509013254,-0.0013199487831175188,0.0019457963053708047,-0.0003477414229846502,0.0023670297879896545,0.0017782516308826215,0.0016168127896545028,0.0013243186728932876,2,DOWN
2022-02-10,14344,-0.0015325673497781163,-0.0013216933509013254,-0.0013199487831175188,0.0019457963053708047,-0.0003477414229846502,0.0014506579230349384,0.0016644115321524247,-0.0025728391627842795,3,UP
2022-02-11,14359,0.0010451870094080025,-0.0015325673497781163,-0.0013216933509013254,-0.0013199487831175188,0.0019457963053708047,0.0016152735912761153,0.0016733364839079427,-0.001182526432943809,4,DOWN
2022-02-14,14338,-0.0014635678815593507,0.0010451870094080025,-0.0015325673497781163,-0.0013216933509013254,-0.0013199487831175188,0.0011015863990778937,0.001712304451908332,-0.004582060538739219,0,DOWN
2022-02-15,14292,-0.003213415269517138,-0.0014635678815593507,0.0010451870094080025,-0.0015325673497781163,-0.0013216933509013254,0.001520060347973255,0.0018519629039369738,-0.006465067778936406,1,DOWN
2022-02-16,14278,-0.0009800490808945848,-0.003213415269517138,-0.0014635678815593507,0.0010451870094080025,-0.0015325673497781163,0.0015263504048606126,0.0018609743206023852,-0.006125574272588086,2,UP
2022-02-17,14301,0.0016095738105295525,-0.0009800490808945848,-0.003213415269517138,-0.0014635678815593507,0.0010451870094080025,0.0019563347009864816,0.001746220293766757,-0.002997769102063619,3,UP
2022-02-18,14339,0.0026536328421039065,0.0016095738105295525,-0.0009800490808945848,-0.003213415269517138,-0.0014635678815593507,0.002380782959572977,0.0018473420621772279,-0.001392854655616671,4,DOWN
2022-02-21,14329,-0.0006976419984363185,0.0026536328421039065,0.0016095738105295525,-0.0009800490808945848,-0.003213415269517138,0.002309051848694841,0.0018505391144724697,-0.000627702608453018,0,UP
2022-02-22,14362,0.0023003739536599068,-0.0006976419984363185,0.0026536328421039065,0.0016095738105295525,-0.0009800490808945848,0.0017027208156301073,0.0018944830436138595,0.004897844948222874,1,DOWN
2022-02-23,14355,-0.0004875161150985037,0.0023003739536599068,-0.0006976419984363185,0.0026536328421039065,0.0016095738105295525,0.001570279119874293,0.0018360960187970901,0.005392912172573094,2,UP
2022-02-24,14371,0.0011139735190824403,-0.0004875161150985037,0.0023003739536599068,-0.0006976419984363185,0.0026536328421039065,0.0015435681373950803,0.0018417121545107778,0.004894762604013669,3,DOWN
2022-02-25,14369,-0.0001391788450402746,0.0011139735190824403,-0.0004875161150985037,0.0023003739536599068,-0.0006976419984363185,0.0012651853233220018,0.0017348568631914876,0.0020921961085151874,4,DOWN
2022-03-01,14350,-0.001323166041439431,-0.0001391788450402746,0.0011139735190824403,-0.0004875161150985037,0.0023003739536599068,0.0014240368929258154,0.001757500508200513,0.0014655593551538004,1,UP
2022-03-02,14373,0.0016015043634645871,-0.001323166041439431,-0.0001391788450402746,0.0011139735190824403,-0.0004875161150985037,0.0011933493277676613,0.0017890474595267545,0.0007659100403842878,2,UP
2022-03-04,14383,0.0006955070526573832,0.0016015043634645871,-0.001323166041439431,-0.0001391788450402746,0.0011139735190824403,0.0011511062943898424,0.001642574168392878,0.0019505398815744535,4,UP
2022-03-07,14411,0.0019448502344724553,0.0006955070526573832,0.0016015043634645871,-0.001323166041439431,-0.0001391788450402746,0.0013281552202911108,0.001614725833250938,0.00278338320228233,0,DOWN
2022-03-08,14394,-0.0011803507706120292,0.0019448502344724553,0.0006955070526573832,0.0016015043634645871,-0.001323166041439431,0.0015305731345140734,0.0016375623938819964,0.0017398566358131085,1,DOWN
2022-03-09,14371,-0.0015991659935027042,-0.0011803507706120292,0.0019448502344724553,0.0006955070526573832,0.0016015043634645871,0.0016088705684483347,0.0016146867778583556,0.0014634146341463428,2,DOWN
2022-03-10,14298,-0.005092619747449761,-0.0015991659935027042,-0.0011803507706120292,0.0019448502344724553,0.0006955070526573832,0.00267755510833828,0.0019487187593409247,-0.005218117303276926,3,UP
2022-03-11,14306,0.0005593623415319996,-0.005092619747449761,-0.0015991659935027042,-0.0011803507706120292,0.0019448502344724553,0.0026560187733069215,0.0019423642137765885,-0.005353542376416609,4,UP
2022-03-14,14328,0.0015366350722185952,0.0005593623415319996,-0.005092619747449761,-0.0015991659935027042,-0.0011803507706120292,0.002543949326707035,0.001953523481031548,-0.005759489279022922,0,DOWN
2022-03-15,14321,-0.0004886732618451946,0.0015366350722185952,0.0005593623415319996,-0.005092619747449761,-0.0015991659935027042,0.002560990675887487,0.0019380726366449337,-0.005071557593441689,1,DOWN
2022-03-16,14311,-0.0006985191678267719,-0.0004886732618451946,0.0015366350722185952,0.0005593623415319996,-0.005092619747449761,0.0025413962135131083,0.001917862724262572,-0.004175074803423606,2,DOWN
2022-03-17,14290,-0.0014684803869627128,-0.0006985191678267719,-0.0004886732618451946,0.0015366350722185952,0.0005593623415319996,0.0011720336486781959,0.001804859056254347,-0.0005595188138201035,3,UP
2022-03-18,14340,0.003492843229698169,-0.0014684803869627128,-0.0006985191678267719,-0.0004886732618451946,0.0015366350722185952,0.0020197385912282995,0.0019492849528742755,0.002376625192227033,4,UP
2022-03-21,14341,6.973257560103864e-05,0.003492843229698169,-0.0014684803869627128,-0.0006985191678267719,-0.0004886732618451946,0.0019315464714016425,0.0019215852631792414,0.000907314349525512,0,UP
2022-03-22,14358,0.0011847104072160262,6.973257560103864e-05,0.003492843229698169,-0.0014684803869627128,-0.0006985191678267719,0.001931394770355242,0.0018470670709451235,0.002583618462397963,1,DOWN
2022-03-23,14351,-0.00048765196549652493,0.0011847104072160262,6.973257560103864e-05,0.003492843229698169,-0.0014684803869627128,0.0019002951297469514,0.0018430890452911025,0.0027950527566207306,2,UP
2022-03-24,14361,0.0006965728896869613,-0.00048765196549652493,0.0011847104072160262,6.973257560103864e-05,0.003492843229698169,0.001534484897451525,0.0017748758643115238,0.00496850944716587,3,DOWN
2022-03-25,14341,-0.0013936313314064253,0.0006965728896869613,-0.00048765196549652493,0.0011847104072160262,6.973257560103864e-05,0.0010090410512738112,0.0017992787603463977,6.973500697360357e-05,4,UP
2022-03-28,14360,0.001323995873002916,-0.0013936313314064253,0.0006965728896869613,-0.00048765196549652493,0.0011847104072160262,0.001169523121225704,0.0018070183719657567,0.0013248727424866047,0,UP
2022-03-29,14364,0.0002785127437582336,0.001323995873002916,-0.0013936313314064253,0.0006965728896869613,-0.00048765196549652493,0.0010560362055064413,0.0018082042770826002,0.0004178854993732717,1,DOWN
2022-03-30,14349,-0.001044822997566889,0.0002785127437582336,0.001323995873002916,-0.0013936313314064253,0.0006965728896869613,0.0011560413744976764,0.001798671317381298,-0.0001393631105846005,2,UP
2022-03-31,14357,0.0005573747792873658,-0.001044822997566889,0.0002785127437582336,0.001323995873002916,-0.0013936313314064253,0.0011357314929086797,0.0017644622756628448,-0.00027853213564510426,3,UP
2022-04-01,14364,0.00048744821827951753,0.0005573747792873658,-0.001044822997566889,0.0002785127437582336,0.001323995873002916,0.0008597754289842084,0.0017604089331668216,0.0016037933198522758,4,DOWN
2022-04-04,14362,-0.00013924667571059022,0.00048744821827951753,0.0005573747792873658,-0.001044822997566889,0.0002785127437582336,0.000658218710597866,0.0016955985560489159,0.0001392757660167998,0,DOWN
2022-04-05,14348,-0.0009752700180896297,-0.00013924667571059022,0.00048744821827951753,0.0005573747792873658,-0.001044822997566889,0.0007684463642739307,0.001689778956854263,-0.001113895850737956,1,UP
2022-04-06,14364,0.0011145166938001574,-0.0009752700180896297,-0.00013924667571059022,0.00048744821827951753,0.0005573747792873658,0.0007972813331065824,0.0016770421697254688,0.0010453690152623096,2,DOWN
2022-04-07,14359,-0.00034815305159662934,0.0011145166938001574,-0.0009752700180896297,-0.00013924667571059022,0.00048744821827951753,0.0008011904252092487,0.0011860822349440163,0.0001393048687050591,3,UP
2022-04-08,14365,0.00041776911901306304,-0.00034815305159662934,0.0011145166938001574,-0.0009752700180896297,-0.00013924667571059022,0.0007917482255124916,0.0011843264247696026,6.961849067121939e-05,4,UP
2022-04-11,14370,0.0003480076596807506,0.00041776911901306304,-0.00034815305159662934,0.0011145166938001574,-0.0009752700180896297,0.0007981430096124063,0.0011431344653932848,0.0005570254839157851,0,DOWN
2022-04-12,14364,-0.00041762372709714903,0.0003480076596807506,0.00041776911901306304,-0.00034815305159662934,0.0011145166938001574,0.0006294796385458684,0.0011411658600411535,0.001115137998327187,1,DOWN
2022-04-13,14359,-0.00034815305159662934,-0.00041762372709714903,0.0003480076596807506,0.00041776911901306304,-0.00034815305159662934,0.0004147978214253358,0.0011300915623356639,-0.00034809245335565286,2,DOWN
2022-04-14,14349,-0.0006966699459703354,-0.00034815305159662934,-0.00041762372709714903,0.0003480076596807506,0.00041776911901306304,0.0004948584907987929,0.001083506119328994,-0.000696427327808391,3,UP
2022-04-18,14356,0.00048771991909119216,-0.0006966699459703354,-0.00034815305159662934,-0.00041762372709714903,0.0003480076596807506,0.0005151198432156573,0.0007653789104176626,-0.0006265227984685318,0,DOWN
2022-04-19,14347,-0.0006271121691079346,0.00048771991909119216,-0.0006966699459703354,-0.00034815305159662934,-0.00041762372709714903,0.0004740600991301417,0.0007804225534856088,-0.0016005567153792866,1,UP
2022-04-20,14351,0.0002787650725418837,-0.0006271121691079346,0.00048771991909119216,-0.0006966699459703354,-0.00034815305159662934,0.000536526307567615,0.0007342435183183092,-0.0009050403787246308,2,DOWN
2022-04-21,14348,-0.00020906651875860516,0.0002787650725418837,-0.0006271121691079346,0.00048771991909119216,-0.0006966699459703354,0.0005292554993234912,0.0007276048121632445,-0.0007660700605891524,3,UP
2022-04-22,14361,0.000905639408445425,-0.00020906651875860516,0.0002787650725418837,-0.0006271121691079346,0.00048771991909119216,0.0005985358924978856,0.0007396984050744824,0.0008362952122098477,4,UP
2022-04-25,14452,0.006316614206912081,0.000905639408445425,-0.00020906651875860516,0.0002787650725418837,-0.0006271121691079346,0.0028438735810274564,0.0015454676232702113,0.0066870994706045295,0,DOWN
2022-04-26,14412,-0.002771620399547022,0.006316614206912081,0.000905639408445425,-0.00020906651875860516,0.0002787650725418837,0.003333032265436891,0.0016800527084623181,0.004530563880950744,1,UP
2022-04-27,14418,0.000416233096540073,-0.002771620399547022,0.006316614206912081,0.000905639408445425,-0.00020906651875860516,0.0033271465414361537,0.001680756666327702,0.004668664204585005,2,UP
2022-04-28,14480,0.004290960975183358,0.000416233096540073,-0.002771620399547022,0.006316614206912081,0.000905639408445425,0.0035430958698509625,0.0018858043826849651,0.009199888486200125,3,UP
2022-05-09,14534,0.003722345236873773,0.004290960975183358,0.000416233096540073,-0.002771620399547022,0.006316614206912081,0.003582773232873246,0.002022724495513255,0.012046514866652647,0,UP
2022-05-10,14546,0.0008253095379047395,0.003722345236873773,0.004290960975183358,0.000416233096540073,-0.002771620399547022,0.0028459627280210172,0.0020230346001435203,0.006504290063658935,1,DOWN
2022-05-11,14546,0.0,0.0008253095379047395,0.003722345236873773,0.004290960975183358,0.000416233096540073,0.0019995087235815927,0.0020204875225717273,0.009297807382736556,2,UP
2022-05-12,14585,0.002677561587335879,0.0,0.0008253095379047395,0.003722345236873773,0.004290960975183358,0.001843515930737952,0.0020321873122265206,0.011582743792481587,3,UP
2022-05-13,14619,0.002328449209794017,0.002677561587335879,0.0,0.0008253095379047395,0.003722345236873773,0.0014894207347511646,0.002059419640807765,0.009599447513812143,4,UP
2022-05-17,14651,0.0021865399896972117,0.002328449209794017,0.002677561587335879,0.0,0.0008253095379047395,0.001139724517053003,0.0020578629144281306,0.00805008944543828,1,UP
2022-05-18,14682,0.002113661169413539,0.0021865399896972117,0.002328449209794017,0.002677561587335879,0.0,0.001062828331305604,0.0020672421490073216,0.009349649388147974,2,UP
2022-05-19,14731,0.003331863144211685,0.002113661169413539,0.0021865399896972117,0.002328449209794017,0.002677561587335879,0.0004991633011901565,0.0021178230644720193,0.012718273064760144,3,DOWN
2022-05-20,14661,-0.004763209876673801,0.003331863144211685,0.002113661169413539,0.0021865399896972117,0.002328449209794017,0.0032809024563123287,0.002487546707447292,0.005210833047651686,4,UP
2022-05-23,14665,0.00027279547328679896,-0.004763209876673801,0.003331863144211685,0.002113661169413539,0.0021865399896972117,0.003206962174633637,0.0024733632445529843,0.0031465900540392777,0,DOWN
2022-05-24,14653,-0.0008186097735263212,0.00027279547328679896,-0.004763209876673801,0.003331863144211685,0.002113661169413539,0.0031224131995213154,0.0024780526135312372,0.00013650945327969843,1,DOWN
2022-05-25,14645,-0.0005461123761912745,-0.0008186097735263212,0.00027279547328679896,-0.004763209876673801,0.003331863144211685,0.002896501193715518,0.002501036529254734,-0.002520092630431847,2,DOWN
2022-05-27,14578,-0.004585437319675569,-0.0005461123761912745,-0.0008186097735263212,0.00027279547328679896,-0.004763209876673801,0.0023956244093298633,0.0027776114327828687,-0.010386260267463143,4,DOWN
2022-05-30,14544,-0.0023350055248981994,-0.004585437319675569,-0.0005461123761912745,-0.0008186097735263212,0.00027279547328679896,0.0019158321432697254,0.002863520319415286,-0.007980356046654369,0,UP
2022-05-31,14592,0.0032948958968524846,-0.0023350055248981994,-0.004585437319675569,-0.0005461123761912745,-0.0008186097735263212,0.0028862877862769224,0.0029137880392300984,-0.004977838390726186,1,DOWN
2022-06-02,14526,-0.004533286147999155,0.0032948958968524846,-0.0023350055248981994,-0.004585437319675569,-0.0005461123761912745,0.0032798068570554957,0.003151741794679263,-0.0086671671330103,3,DOWN
2022-06-03,14431,-0.006561476730035717,-0.004533286147999155,0.0032948958968524846,-0.0023350055248981994,-0.004585437319675569,0.003794765509562631,0.0032306836106734582,-0.01461249573233181,4,UP
2022-06-06,14462,0.0021458492988194453,-0.006561476730035717,-0.004533286147999155,0.0032948958968524846,-0.0023350055248981994,0.004235328228214851,0.0032014618350686857,-0.00795719577445464,0,UP
2022-06-07,14464,0.00013828389706046715,0.0021458492988194453,-0.006561476730035717,-0.004533286147999155,0.0032948958968524846,0.004271976327207973,0.0032009543995938196,-0.005500550055005493,1,UP
2022-06-08,14477,0.0008983795220858053,0.00013828389706046715,0.0021458492988194453,-0.006561476730035717,-0.004533286147999155,0.0037587829504532326,0.0030571400192287365,-0.007881030701754388,2,UP
2022-06-09,14555,0.005373394025680126,0.0008983795220858053,0.00013828389706046715,0.0021458492988194453,-0.006561476730035717,0.004374976212315633,0.0031829431794600225,0.0019964202120335006,3,UP
2022-06-10,14569,0.0009614064742722144,0.005373394025680126,0.0008983795220858053,0.00013828389706046715,0.0021458492988194453,0.0020683745430608745,0.0031847829683818766,0.009562746864389071,4,UP
2022-06-13,14672,0.00704493184225011,0.0009614064742722144,0.005373394025680126,0.0008983795220858053,0.00013828389706046715,0.0031100018198652077,0.003544829159710971,0.014520813165537216,0,UP
2022-06-14,14729,0.0038774239932969417,0.00704493184225011,0.0009614064742722144,0.005373394025680126,0.0008983795220858053,0.002708576035494596,0.0035946502117999387,0.01832134955752207,1,UP
2022-06-15,14746,0.0011535200600528844,0.0038774239932969417,0.00704493184225011,0.0009614064742722144,0.005373394025680126,0.0026459003529199186,0.003572577865773124,0.018581197761967205,2,DOWN
2022-06-16,14741,-0.00033913250231766074,0.0011535200600528844,0.0038774239932969417,0.00704493184225011,0.0009614064742722144,0.0029490168389572947,0.003551891269033356,0.012779113706629985,3,UP
2022-06-17,14828,0.005884558223344655,-0.00033913250231766074,0.0011535200600528844,0.0038774239932969417,0.00704493184225011,0.003107936301628559,0.0037475804880737163,0.01777747271604091,4,UP
2022-06-20,14836,0.0005393743388585531,0.005884558223344655,-0.00033913250231766074,0.0011535200600528844,0.0038774239932969417,0.0025829746867727134,0.0036878586016793006,0.011177753544165725,0,DOWN
2022-06-21,14804,-0.0021592451034348637,0.0005393743388585531,0.005884558223344655,-0.00033913250231766074,0.0011535200600528844,0.0029944744261922764,0.00354067628531412,0.005091995383257553,1,UP
2022-06-22,14860,0.0037756247657036736,-0.0021592451034348637,0.0005393743388585531,0.005884558223344655,-0.00033913250231766074,0.0032438406627406428,0.0036154550782595265,0.007730910077309083,2,DOWN
2022-06-23,14835,-0.0016837855468279784,0.0037756247657036736,-0.0021592451034348637,0.0005393743388585531,0.005884558223344655,0.0034853507512315526,0.003639181647518548,0.006376772267824515,3,UP
2022-06-24,14846,0.0007412149525701585,-0.0016837855468279784,0.0037756247657036736,-0.0021592451034348637,0.0005393743388585531,0.0023610790458708244,0.0036288929797653625,0.0012139196115457107,4,DOWN
2022-06-27,14802,-0.002968161920080536,0.0007412149525701585,-0.0016837855468279784,0.0037756247657036736,-0.0021592451034348637,0.0027413221875392077,0.003521787857944952,-0.0022917228363440456,0,UP
2022-06-28,14837,0.0023617541933818207,-0.002968161920080536,0.0007412149525701585,-0.0016837855468279784,0.0037756247657036736,0.0027855050224693135,0.0034604341157766314,0.002229127262901809,1,UP
2022-06-29,14848,0.0007411150751880907,0.0023617541933818207,-0.002968161920080536,0.0007412149525701585,-0.0016837855468279784,0.002132552717829709,0.00341804771478279,-0.0008075370121130021,2,UP
2022-06-30,14882,0.0022872529312248074,0.0007411150751880907,0.0023617541933818207,-0.002968161920080536,0.0007412149525701585,0.0021631521950458365,0.0031827718997678774,0.0031681833501853163,3,UP
2022-07-01,14956,0.004960128139797819,0.0022872529312248074,0.0007411150751880907,0.0023617541933818207,-0.002968161920080536,0.0029100030436563055,0.002709503676819505,0.007409403206250831,4,UP
2022-07-04,14960,0.00026741543146380003,0.004960128139797819,0.0022872529312248074,0.0007411150751880907,0.0023617541933818207,0.0018361697420888822,0.0027288862555698516,0.010674233211728223,0,UP
2022-07-05,14990,0.002003339568175104,0.00026741543146380003,0.004960128139797819,0.0022872529312248074,0.0007411150751880907,0.0018315350333094457,0.0027047295677081,0.010312057693603771,1,UP
2022-07-06,15015,0.001666389320787263,0.002003339568175104,0.00026741543146380003,0.004960128139797819,0.0022872529312248074,0.0017086112266291673,0.0026969045048067554,0.011247306034482651,2,DOWN
2022-07-07,14986,-0.0019332694931746416,0.001666389320787263,0.002003339568175104,0.00026741543146380003,0.004960128139797819,0.002525008338514663,0.0026857157995906367,0.006988308023115231,3,DOWN
2022-07-08,14981,-0.0003337004068741606,-0.0019332694931746416,0.001666389320787263,0.002003339568175104,0.00026741543146380003,0.001593166986125903,0.0027138132844740257,0.0016715699384861615,4,DOWN
2022-07-11,14969,-0.0008013356021461538,-0.0003337004068741606,-0.0019332694931746416,0.001666389320787263,0.002003339568175104,0.0016739852461920297,0.0024033357843093093,0.0006016042780747632,0,UP
2022-07-12,14993,0.0016020295796673166,-0.0008013356021461538,-0.0003337004068741606,-0.0019332694931746416,0.001666389320787263,0.0015673519635187993,0.0023121833567946904,0.00020013342228142328,1,DOWN
2022-07-13,14985,-0.0005337247441395739,0.0016020295796673166,-0.0008013356021461538,-0.0003337004068741606,-0.0019332694931746416,0.0012789044125106365,0.0023326849716388508,-0.0019980019980020414,2,UP
2022-07-14,14999,0.0009338314445958976,-0.0005337247441395739,0.0016020295796673166,-0.0008013356021461538,-0.0003337004068741606,0.0010400149249334592,0.0023171707066824447,0.0008674763112237471,3,DOWN
2022-07-15,14999,0.0,0.0009338314445958976,-0.0005337247441395739,0.0016020295796673166,-0.0008013356021461538,0.0010095984767684463,0.0019982502496946044,0.0012015219277752287,4,DOWN
2022-07-18,14986,-0.0008671002711034801,0.0,0.0009338314445958976,-0.0005337247441395739,0.0016020295796673166,0.0010268402474758688,0.002024089208119769,0.0011356804061728454,0,UP
2022-07-19,14992,0.0004002935539473127,-0.0008671002711034801,0.0,0.0009338314445958976,-0.0005337247441395739,0.0007190464693705263,0.0019254158992880255,-6.669779230306094e-05,1,DOWN
2022-07-20,14984,-0.0005337603542789638,0.0004002935539473127,-0.0008671002711034801,0.0,0.0009338314445958976,0.0007190529124163351,0.0017914484899533175,-6.673340006668749e-05,2,UP
2022-07-21,15017,0.002199927556356212,-0.0005337603542789638,0.0004002935539473127,-0.0008671002711034801,0.0,0.0011988521660255805,0.0017621684528955125,0.0012000800053337812,3,UP
2022-07-22,15024,0.00046602976776335167,0.002199927556356212,-0.0005337603542789638,0.0004002935539473127,-0.0008671002711034801,0.0011936454649716169,0.0017621617128789648,0.001666777785185758,4,DOWN
2022-07-25,14992,-0.002132196969840711,0.00046602976776335167,0.002199927556356212,-0.0005337603542789638,0.0004002935539473127,0.0015824203751785063,0.0016812285615545807,0.00040037368210321667,0,DOWN
2022-07-26,14984,-0.0005337603542789638,-0.002132196969840711,0.00046602976776335167,0.002199927556356212,-0.0005337603542789638,0.001590278994728196,0.001649321033572511,-0.0005336179295624133,1,UP
2022-07-27,15020,0.0023996811942012222,-0.0005337603542789638,-0.002132196969840711,0.00046602976776335167,0.002199927556356212,0.0019036021707999687,0.001703270064213466,0.002402562733582414,2,DOWN
2022-07-28,14958,-0.0041363725665128515,0.0023996811942012222,-0.0005337603542789638,-0.002132196969840711,0.00046602976776335167,0.0024908332894502017,0.0019511770363433451,-0.003928880601984375,3,DOWN
2022-07-29,14860,-0.0065732344798627275,-0.0041363725665128515,0.0023996811942012222,-0.0005337603542789638,-0.002132196969840711,0.0034209874708966124,0.002178402098211421,-0.01091586794462196,4,UP
2022-08-01,14874,0.0009416829914952847,-0.0065732344798627275,-0.0041363725665128515,0.0023996811942012222,-0.0005337603542789638,0.003699959303171099,0.002193171197530727,-0.007870864461045901,0,UP
2022-08-02,14888,0.0009407970588412273,0.0009416829914952847,-0.0065732344798627275,-0.0041363725665128515,0.0023996811942012222,0.0038595632338822546,0.002147124094112074,-0.006406833956219993,1,UP
2022-08-03,14917,0.0019459828318438308,0.0009407970588412273,0.0009416829914952847,-0.0065732344798627275,-0.0041363725665128515,0.003755185603894815,0.002161744951569664,-0.006857523302263635,2,UP
2022-08-04,14929,0.0008041278996596365,0.0019459828318438308,0.0009407970588412273,0.0009416829914952847,-0.0065732344798627275,0.003487819116509589,0.0021412810892169534,-0.001938761866559724,3,DOWN
2022-08-05,14904,-0.0016759967721657791,0.0008041278996596365,0.0019459828318438308,0.0009407970588412273,0.0009416829914952847,0.0013477770935822083,0.0021668872660289373,0.002960969044414563,4,UP
2022-08-08,14915,0.0007377846674243997,-0.0016759967721657791,0.0008041278996596365,0.0019459828318438308,0.0009407970588412273,0.0013375719284448868,0.002173881742201983,0.0027564878311145957,0,DOWN
2022-08-09,14862,-0.003559798231434327,0.0007377846674243997,-0.0016759967721657791,0.0008041278996596365,0.0019459828318438308,0.0022275488266006033,0.002255956360530747,-0.001746372917786121,1,UP
2022-08-10,14875,0.0008743316964160479,-0.003559798231434327,0.0007377846674243997,-0.0016759967721657791,0.0008041278996596365,0.0019903868445285133,0.0022747306209773828,-0.002815579540122015,2,DOWN
2022-08-11,14799,-0.005122340511982581,0.0008743316964160479,-0.003559798231434327,0.0007377846674243997,-0.0016759967721657791,0.002632950478068613,0.002485579706668963,-0.008707883984191866,3,DOWN
2022-08-12,14688,-0.0075287770415761865,-0.005122340511982581,0.0008743316964160479,-0.003559798231434327,0.0007377846674243997,0.0036836399367344715,0.0029120964739324964,-0.01449275362318836,4,UP
2022-08-15,14727,0.002651709865890583,-0.0075287770415761865,-0.005122340511982581,0.0008743316964160479,-0.003559798231434327,0.0042192367150389225,0.00302758605788335,-0.012604760308414398,0,UP
2022-08-16,14767,0.0027124177476118574,0.002651709865890583,-0.0075287770415761865,-0.005122340511982581,0.0008743316964160479,0.004739452765834261,0.0031214021822439653,-0.006392141030816867,1,UP
2022-08-18,14822,0.003717602037530229,0.0027124177476118574,0.002651709865890583,-0.0075287770415761865,-0.005122340511982581,0.005210136519866655,0.0032781626002989714,-0.003563025210084003,3,UP
2022-08-19,14858,0.002425877200447256,0.003717602037530229,0.0027124177476118574,0.002651709865890583,-0.0075287770415761865,0.004680023684823852,0.003288488000505306,0.003986755861882463,4,UP
2022-08-22,14882,0.0016139882454550886,0.002425877200447256,0.003717602037530229,0.0027124177476118574,0.002651709865890583,0.0007523175576851411,0.0033167258429324725,0.01320806100217875,0,UP
2022-08-23,14893,0.0007388749286610539,0.0016139882454550886,0.002425877200447256,0.003717602037530229,0.0027124177476118574,0.0011276400679925956,0.0033033218299767567,0.011271813675561848,1,DOWN
2022-08-24,14851,-0.002824100854922393,0.0007388749286610539,0.0016139882454550886,0.002425877200447256,0.003717602037530229,0.0024696669866584803,0.0033500799875562388,0.005688359179250924,2,DOWN
2022-08-25,14827,-0.0016173600129190727,-0.002824100854922393,0.0007388749286610539,0.0016139882454550886,0.002425877200447256,0.002213844053075608,0.003290390608231595,0.0003373363918499628,3,DOWN
2022-08-26,14814,-0.0008771634447916219,-0.0016173600129190727,-0.002824100854922393,0.0007388749286610539,0.0016139882454550886,0.0017855364144680227,0.0031875623691191815,-0.002961367613406929,4,UP
2022-08-29,14887,0.004915669303822712,-0.0008771634447916219,-0.0016173600129190727,-0.002824100854922393,0.0007388749286610539,0.0030019988001862997,0.0030652643934131166,0.0003359763472652322,0,DOWN
2022-08-30,14875,-0.0008063974632267061,0.004915669303822712,-0.0008771634447916219,-0.0016173600129190727,-0.002824100854922393,0.0029950955599095906,0.0030646466414447054,-0.0012086215000335354,1,DOWN
2022-08-31,14853,-0.0014800863842977774,-0.0008063974632267061,0.004915669303822712,-0.0008771634447916219,-0.0016173600129190727,0.0027561921026899856,0.003073468123883223,0.00013467106592157663,2,UP
2022-09-01,14884,0.0020849454369804787,-0.0014800863842977774,-0.0008063974632267061,0.004915669303822712,-0.0008771634447916219,0.0027007724183158014,0.003078531858039177,0.003844338031968597,3,UP
2022-09-02,14900,0.0010744024670373247,0.0020849454369804787,-0.0014800863842977774,-0.0008063974632267061,0.004915669303822712,0.002539913961234233,0.0030833486040438693,0.0058053192925611175,4,UP
2022-09-05,14920,0.0013413818242013111,0.0010744024670373247,0.0020849454369804787,-0.0014800863842977774,-0.0008063974632267061,0.0015133571079149455,0.003075844336502236,0.002216699133472222,0,DOWN
2022-09-06,14885,-0.002348600307875059,0.0013413818242013111,0.0010744024670373247,0.0020849454369804787,-0.0014800863842977774,0.0019311197578952787,0.0031168642732830954,0.0006722689075631116,1,UP
2022-09-07,14927,0.002817659183362841,-0.002348600307875059,0.0013413818242013111,0.0010744024670373247,0.0020849454369804787,0.0019884673910635312,0.003070226367419454,0.004982158486501076,2,DOWN
2022-09-08,14905,-0.0014749265210678676,0.002817659183362841,-0.002348600307875059,0.0013413818242013111,0.0010744024670373247,0.0021322879608663115,0.0030886867833667076,0.0014109110454179064,3,DOWN
2022-09-09,14846,-0.003966258434679583,-0.0014749265210678676,0.002817659183362841,-0.002348600307875059,0.0013413818242013111,0.002762452955286007,0.002995196308680842,-0.0036241610738254604,4,DOWN
2022-09-12,14839,-0.0004716186713658098,-0.003966258434679583,-0.0014749265210678676,0.002817659183362841,-0.002348600307875059,0.0025326514604247733,0.0023980788285434982,-0.00542895442359248,0,UP
2022-09-13,14861,0.0014814817524428803,-0.0004716186713658098,-0.003966258434679583,-0.0014749265210678676,0.002817659183362841,0.0026335455371297345,0.002357033391588659,-0.0016123614376889472,1,UP
2022-09-14,14923,0.004163315172898528,0.0014814817524428803,-0.0004716186713658098,-0.003966258434679583,-0.0014749265210678676,0.0030676804868526707,0.002450704062778971,-0.0002679707911837914,2,DOWN
2022-09-15,14899,-0.001609550344128802,0.004163315172898528,0.0014814817524428803,-0.0004716186713658098,-0.003966258434679583,0.003083822368260526,0.002373786164220814,-0.0004025494800402596,3,UP
2022-09-16,14939,0.002681146454978199,-0.001609550344128802,0.004163315172898528,0.0014814817524428803,-0.0004716186713658098,0.0023307811369099735,0.002386701023199501,0.006264313619830153,4,UP
2022-09-19,14980,0.0027407350288932344,0.002681146454978199,-0.001609550344128802,0.004163315172898528,0.0014814817524428803,0.0021755088074837795,0.0024329005461459696,0.009501988004582573,0,DOWN
2022-09-20,14975,-0.0003338340875603778,0.0027407350288932344,0.002681146454978199,-0.001609550344128802,0.004163315172898528,0.0024008335392189965,0.002435193150436774,0.007671085391292687,1,UP
2022-09-21,15011,0.002401121676526057,-0.0003338340875603778,0.0027407350288932344,0.002681146454978199,-0.001609550344128802,0.0020157922974871918,0.002364526812802201,0.005896937613080411,2,UP
2022-09-22,15033,0.001464518967658246,0.002401121676526057,-0.0003338340875603778,0.0027407350288932344,0.002681146454978199,0.0012930695279521878,0.002316761085248195,0.008993892207530774,3,UP
2022-09-23,15035,0.00013303179479500174,0.001464518967658246,0.002401121676526057,-0.0003338340875603778,0.0027407350288932344,0.0013550551834747694,0.0022916743147372073,0.006426132940625218,4,UP
2022-09-26,15119,0.0055714145575717485,0.00013303179479500174,0.001464518967658246,0.002401121676526057,-0.0003338340875603778,0.002346184689080997,0.002358277370432649,0.009279038718291055,0,UP
2022-09-27,15155,0.002378279511702452,0.0055714145575717485,0.00013303179479500174,0.001464518967658246,0.002401121676526057,0.0020044999211483953,0.0023535197854508394,0.012020033388981721,1,UP
2022-09-28,15243,0.005789870769938104,0.002378279511702452,0.0055714145575717485,0.00013303179479500174,0.001464518967658246,0.002516772109765616,0.0025170363071368666,0.01545533275597899,2,UP
2022-09-29,15247,0.0002623811100655158,0.005789870769938104,0.002378279511702452,0.0055714145575717485,0.00013303179479500174,0.002754382838357283,0.0025199575946939883,0.014235348899088729,3,DOWN
2022-09-30,15232,-0.0009842843407604602,0.0002623811100655158,0.005789870769938104,0.002378279511702452,0.0055714145575717485,0.0030563554235519554,0.002567168279873853,0.013102760226139099,4,UP
2022-10-03,15293,0.003996729316976862,-0.0009842843407604602,0.0002623811100655158,0.005789870769938104,0.002378279511702452,0.0027387031639340116,0.0026476110724047174,0.011508697665189471,0,DOWN
2022-10-04,15276,-0.0011122380027164835,0.003996729316976862,-0.0009842843407604602,0.0002623811100655158,0.005789870769938104,0.0031274135194879825,0.002572924429336701,0.007984163642362319,1,DOWN
2022-10-05,15196,-0.005250734037890663,-0.0011122380027164835,0.003996729316976862,-0.0009842843407604602,0.0002623811100655158,0.003313286018738614,0.0029296616922977847,-0.003083382536246182,2,UP
2022-10-06,15197,6.580462608899186e-05,-0.005250734037890663,-0.0011122380027164835,0.003996729316976862,-0.0009842843407604602,0.003301378203019046,0.0028840197543734533,-0.003279333639404469,3,UP
2022-10-07,15246,0.003219133614613988,6.580462608899186e-05,-0.005250734037890663,-0.0011122380027164835,0.003996729316976862,0.003707407373470955,0.0026768338264329676,0.0009191176470588758,4,UP
2022-10-10,15299,0.00347029321915996,0.003219133614613988,6.580462608899186e-05,-0.005250734037890663,-0.0011122380027164835,0.003577240358343684,0.002682366197521675,0.00039233636304181196,0,UP
2022-10-11,15362,0.0041094607912483755,0.00347029321915996,0.003219133614613988,6.580462608899186e-05,-0.005250734037890663,0.003891164898588012,0.0027437142474531187,0.00562974600680799,1,UP
2022-10-12,15373,0.0007157963539721117,0.0041094607912483755,0.00347029321915996,0.003219133614613988,6.580462608899186e-05,0.0018019833276957705,0.0026857037718476906,0.01164780205317184,2,DOWN
2022-10-13,15357,-0.0010413277869064925,0.0007157963539721117,0.0041094607912483755,0.00347029321915996,0.003219133614613988,0.002176689817438799,0.002654058668376453,0.010528393761926713,3,UP
2022-10-14,15390,0.0021465517072319913,-0.0010413277869064925,0.0007157963539721117,0.0041094607912483755,0.00347029321915996,0.002089264452105185,0.002644358222418522,0.009445100354191327,4,UP
2022-10-17,15480,0.005830920310793144,0.0021465517072319913,-0.0010413277869064925,0.0007157963539721117,0.0041094607912483755,0.0027122683961271813,0.002806753807858048,0.011830838616903039,0,DOWN
2022-10-18,15469,-0.0007108469070531696,0.005830920310793144,0.0021465517072319913,-0.0010413277869064925,0.0007157963539721117,0.0027871845524916504,0.0028219446921019724,0.006965238901184723,1,UP
2022-10-19,15491,0.0014211888696981252,-0.0007108469070531696,0.005830920310793144,0.0021465517072319913,-0.0010413277869064925,0.0027623816883606796,0.0028162208910113276,0.007675795225395188,2,UP
2022-10-20,15579,0.005664643406065603,0.0014211888696981252,-0.0007108469070531696,0.005830920310793144,0.0021465517072319913,0.0028293981401320664,0.0029605469847533606,0.014455948427427145,3,UP
2022-10-21,15610,0.001987880997049153,0.005664643406065603,0.0014211888696981252,-0.0007108469070531696,0.005830920310793144,0.002840416014066191,0.0029350558845261873,0.014294996751137212,4,DOWN
2022-10-24,15590,-0.0012820514576555005,0.001987880997049153,0.005664643406065603,0.0014211888696981252,-0.0007108469070531696,0.002746862068453883,0.002880539888815201,0.007105943152454719,0,UP
2022-10-25,15616,0.0016663466010515375,-0.0012820514576555005,0.001987880997049153,0.005664643406065603,0.0014211888696981252,0.002479375721545766,0.0028739471745512727,0.009502876721184217,1,DOWN
2022-10-26,15596,-0.0012815585503857345,0.0016663466010515375,-0.0012820514576555005,0.001987880997049153,0.005664643406065603,0.002871232522982828,0.0027505149098165657,0.006778129236330699,2,DOWN
2022-10-27,15573,-0.0014758256071492263,-0.0012815585503857345,0.0016663466010515375,-0.0012820514576555005,0.001987880997049153,0.0017437613290556622,0.0028067487131264632,-0.0003851338340072896,3,DOWN
2022-10-28,15542,-0.00199260872615123,-0.0014758256071492263,-0.0012815585503857345,0.0016663466010515375,-0.0012820514576555005,0.001449089943664291,0.002854018088015253,-0.004356181934657255,4,UP
2022-10-31,15596,0.0034684343333003507,-0.00199260872615123,-0.0014758256071492263,-0.0012815585503857345,0.0016663466010515375,0.002375293583264175,0.0028272135046893184,0.00038486209108401503,0,UP
2022-11-01,15647,0.0032647341995692834,0.0034684343333003507,-0.00199260872615123,-0.0014758256071492263,-0.0012815585503857345,0.0027245583157398797,0.0028260611639822934,0.0019851434426230163,1,UP
2022-11-02,15652,0.00031949902824580554,0.0032647341995692834,0.0034684343333003507,-0.00199260872615123,-0.0014758256071492263,0.0025675772110727644,0.0023991209631620426,0.0035906642728904536,2,UP
2022-11-03,15681,0.0018510840507284894,0.00031949902824580554,0.0032647341995692834,0.0034684343333003507,-0.00199260872615123,0.00227127872840429,0.00237690894389807,0.006935079946060574,3,UP
2022-11-04,15736,0.0035012926878635097,0.0018510840507284894,0.00031949902824580554,0.0032647341995692834,0.0034684343333003507,0.001387366532383479,0.0023880388007693704,0.012482306009522492,4,DOWN
2022-11-07,15692,-0.002800052739451767,0.0035012926878635097,0.0018510840507284894,0.00031949902824580554,0.0032647341995692834,0.0025862598523547003,0.002534175977128898,0.006155424467812365,0,DOWN
2022-11-08,15684,-0.0005099439172208978,-0.002800052739451767,0.0035012926878635097,0.0018510840507284894,0.00031949902824580554,0.0023860158127207032,0.0024713175173461136,0.0023646705438742366,1,DOWN
2022-11-09,15654,-0.0019146090474387919,-0.0005099439172208978,-0.002800052739451767,0.0035012926878635097,0.0018510840507284894,0.0026195592906276175,0.002557802934039297,0.00012777919754669576,2,UP
2022-11-10,15701,0.0029979292107382488,-0.0019146090474387919,-0.0005099439172208978,-0.002800052739451767,0.0035012926878635097,0.0028586608183286274,0.002555444008651462,0.0012754288629550636,3,DOWN
2022-11-11,15493,-0.01333609557922984,0.0029979292107382488,-0.0019146090474387919,-0.0005099439172208978,-0.002800052739451767,0.0061270938437637205,0.004101555878589537,-0.015442297915607472,4,UP
2022-11-14,15499,0.00038719670075901345,-0.01333609557922984,0.0029979292107382488,-0.0019146090474387919,-0.0005099439172208978,0.006330165966511155,0.003892855773627535,-0.01229926076981902,0,UP
2022-11-15,15564,0.004185049407393495,0.00038719670075901345,-0.01333609557922984,0.0029979292107382488,-0.0019146090474387919,0.007006625550030524,0.003994354513193748,-0.007651109410864554,1,UP
2022-11-16,15610,0.00295117940503354,0.004185049407393495,0.00038719670075901345,-0.01333609557922984,0.0029979292107382488,0.007273728262427452,0.004031314192163161,-0.0028107831864060406,2,UP
2022-11-17,15687,0.004920609346762503,0.00295117940503354,0.004185049407393495,0.00038719670075901345,-0.01333609557922984,0.007554447479540127,0.003983150658341212,-0.000891662951404415,3,UP
2022-11-18,15692,0.0003186844732029365,0.004920609346762503,0.00295117940503354,0.004185049407393495,0.00038719670075901345,0.002127826055487433,0.003964367840120146,0.012844510424062427,4,UP
2022-11-21,15707,0.0009554445135892178,0.0003186844732029365,0.004920609346762503,0.00295117940503354,0.004185049407393495,0.001994241194604166,0.003950047594981536,0.013420220659397408,0,UP
2022-11-22,15716,0.0005728288353180006,0.0009554445135892178,0.0003186844732029365,0.004920609346762503,0.00295117940503354,0.0019604601575368787,0.003938767354075185,0.009766126959650512,1,DOWN
2022-11-23,15700,-0.001018589341950954,0.0005728288353180006,0.0009554445135892178,0.0003186844732029365,0.004920609346762503,0.0022350804385231457,0.0039335780618929474,0.005765534913517056,2,DOWN
2022-11-24,15647,-0.0033815070343421643,-0.001018589341950954,0.0005728288353180006,0.0009554445135892178,0.0003186844732029365,0.0017685430205433713,0.004002165205923609,-0.0025498820679543677,3,UP
2022-11-25,15668,0.0013412104836647766,-0.0033815070343421643,-0.001018589341950954,0.0005728288353180006,0.0009554445135892178,0.0019392918664846558,0.003973738938922604,-0.001529441753759908,4,UP
2022-11-28,15729,0.0038857264549205586,0.0013412104836647766,-0.0033815070343421643,-0.001018589341950954,0.0005728288353180006,0.002706757640834043,0.003991732318751518,0.0014006493919909158,0,UP
2022-11-29,15737,0.0005084853602218589,0.0038857264549205586,0.0013412104836647766,-0.0033815070343421643,-0.001018589341950954,0.0027051694961913093,0.0039357026366805496,0.0013362178671416647,1,UP
2022-11-30,15742,0.0003176721015309732,0.0005084853602218589,0.0038857264549205586,0.0013412104836647766,-0.0033815070343421643,0.0026107615068255716,0.003935701858298629,0.002675159235668856,2,DOWN
2022-12-01,15617,-0.007972235214549636,0.0003176721015309732,0.0005084853602218589,0.0038857264549205586,0.0013412104836647766,0.004474290518975152,0.004324000761371918,-0.0019173004409791528,3,DOWN
2022-12-02,15429,-0.012111209044819887,-0.007972235214549636,0.0003176721015309732,0.0005084853602218589,0.0038857264549205586,0.00667905847364962,0.004979391267431491,-0.015254020934388546,4,DOWN
2022-12-05,15409,-0.0012971011611725097,-0.012111209044819887,-0.007972235214549636,0.0003176721015309732,0.0005084853602218589,0.005652063568275635,0.00496186930238764,-0.02034458643270387,0,UP
2022-12-06,15576,0.010779513770182257,-0.0012971011611725097,-0.012111209044819887,-0.007972235214549636,0.0003176721015309732,0.008761702549009662,0.005609644268272961,-0.010230666581940606,1,UP
2022-12-07,15619,0.0027568538056867635,0.010779513770182257,-0.0012971011611725097,-0.012111209044819887,-0.007972235214549636,0.00899183414384204,0.005638053739412805,-0.007813492567653402,2,UP
2022-12-08,15624,0.00032007169879244313,0.0027568538056867635,0.010779513770182257,-0.0012971011611725097,-0.012111209044819887,0.008249610565612343,0.00559192213692571,0.00044822949350065144,3,DOWN
2022-12-09,15587,-0.0023709600674638263,0.00032007169879244313,0.0027568538056867635,0.010779513770182257,-0.0012971011611725097,0.005254615103457249,0.004708733537574651,0.010240456283621802,4,UP
2022-12-12,15642,0.0035223706725056947,-0.0023709600674638263,0.00032007169879244313,0.0027568538056867635,0.010779513770182257,0.004921433762470556,0.004763570775025386,0.015121033162437625,0,UP
2022-12-13,15661,0.0012139413048771741,0.0035223706725056947,-0.0023709600674638263,0.00032007169879244313,0.0027568538056867635,0.0023065782229834946,0.0046869744463980826,0.0054571135079610755,1,DOWN
2022-12-14,15619,-0.0026854236087114724,0.0012139413048771741,0.0035223706725056947,-0.0023709600674638263,0.00032007169879244313,0.0025892154283834712,0.004689306711092593,0.0,2,UP
2022-12-15,15630,0.0007040225577999468,-0.0026854236087114724,0.0012139413048771741,0.0035223706725056947,-0.0023709600674638263,0.0026067155749818958,0.004550533000140914,0.00038402457757302777,3,DOWN
2022-12-16,15617,-0.0008320799276764763,0.0007040225577999468,-0.0026854236087114724,0.0012139413048771741,0.0035223706725056947,0.0023206032385129968,0.004551144125708651,0.0019246808237634028,4,UP
2022-12-19,15621,0.0002560983431628432,-0.0008320799276764763,0.0007040225577999468,-0.0026854236087114724,0.0012139413048771741,0.0015473992420745007,0.004544160786828615,-0.001342539317222835,0,DOWN
2022-12-20,15608,-0.0008325595280616239,0.0002560983431628432,-0.0008320799276764763,0.0007040225577999468,-0.0026854236087114724,0.0013095710061827573,0.004541233386628977,-0.0033842027967562194,1,DOWN
2022-12-21,15601,-0.00044858855569773786,-0.0008325595280616239,0.0002560983431628432,-0.0008320799276764763,0.0007040225577999468,0.0006859385883095687,0.004538569972523602,-0.0011524425379345615,2,DOWN
2022-12-22,15594,-0.0004487898777041291,-0.00044858855569773786,-0.0008325595280616239,0.0002560983431628432,-0.0008320799276764763,0.00044449122356572933,0.004481339436362676,-0.002303262955854146,3,UP
2022-12-23,15605,0.0007051508353346337,-0.0004487898777041291,-0.00044858855569773786,-0.0008325595280616239,0.0002560983431628432,0.0006205737239303623,0.004472300770681258,-0.0007683934174297358,4,UP
2022-12-26,15636,0.0019845722079655736,0.0007051508353346337,-0.0004487898777041291,-0.00044858855569773786,-0.0008325595280616239,0.0011562143489571989,0.004400484209073665,0.0009602458229307498,0,UP
2022-12-27,15659,0.0014698836325975346,0.0019845722079655736,0.0007051508353346337,-0.0004487898777041291,-0.00044858855569773786,0.0011034649822248236,0.0044149678324506055,0.0032675550999488046,1,UP
2022-12-28,15703,0.00280594533951088,0.0014698836325975346,0.0019845722079655736,0.0007051508353346337,-0.0004487898777041291,0.001242721438351063,0.0044665192440608735,0.006538042433177349,2,UP
2022-12-29,15731,0.001781510937551034,0.00280594533951088,0.0014698836325975346,0.0019845722079655736,0.0007051508353346337,0.0007650507909461824,0.004080286346291125,0.008785430293702712,3,DOWN
2022-12-30,15592,-0.008875325635108088,0.001781510937551034,0.00280594533951088,0.0014698836325975346,0.0019845722079655736,0.0048933292532264356,0.003594871639201043,-0.0008330663248958814,4,DOWN
2023-01-02,15572,-0.0012835324570504409,-0.008875325635108088,0.001781510937551034,0.00280594533951088,0.0014698836325975346,0.004750316799423738,0.0035945108399277805,-0.004093118444615018,0,UP
2023-01-03,15590,0.0011552533214759205,-0.0012835324570504409,-0.008875325635108088,0.001781510937551034,0.00280594533951088,0.0047143426874720566,0.002676627158415331,-0.004406411648253394,1,UP
2023-01-04,15615,0.0016023076653567283,0.0011552533214759205,-0.0012835324570504409,-0.008875325635108088,0.001781510937551034,0.004504948465162007,0.002627051080626834,-0.005604024708654398,2,DOWN
2023-01-05,15610,-0.0003202562077011829,0.0016023076653567283,0.0011552533214759205,-0.0012835324570504409,-0.008875325635108088,0.00425731569519275,0.0026266825844273012,-0.007691818701926145,3,UP
2023-01-06,15635,0.0016002563824639954,-0.0003202562077011829,0.0016023076653567283,0.0011552533214759205,-0.0012835324570504409,0.0012938223763948736,0.0025914496118284217,0.002757824525397634,4,DOWN
2023-01-09,15574,-0.003909133755010319,0.0016002563824639954,-0.0003202562077011829,0.0016023076653567283,0.0011552533214759205,0.0023368468399875184,0.0026156863515579406,0.00012843565373743537,0,UP
2023-01-10,15589,0.0009626801757495656,-0.003909133755010319,0.0016002563824639954,-0.0003202562077011829,0.0016023076653567283,0.0023150610835797137,0.0026090425911723374,-6.414368184737285e-05,1,DOWN
2023-01-11,15527,-0.003985093331511188,0.0009626801757495656,-0.003909133755010319,0.0016002563824639954,-0.0003202562077011829,0.002662913682534887,0.002688387156619934,-0.005635606788344516,2,DOWN
2023-01-12,15366,-0.01042316755358948,-0.003985093331511188,0.0009626801757495656,-0.003909133755010319,0.0016002563824639954,0.004838690451588165,0.0034996507734670022,-0.01563100576553489,3,DOWN
2023-01-13,15177,-0.012376152467534414,-0.01042316755358948,-0.003985093331511188,0.0009626801757495656,-0.003909133755010319,0.005411001079782663,0.004345910917570471,-0.029293252318516094,4,DOWN
2023-01-16,15019,-0.01046505775446505,-0.012376152467534414,-0.01042316755358948,-0.003985093331511188,0.0009626801757495656,0.005585483155392085,0.004767856476087399,-0.035636316938487234,0,UP
2023-01-17,15154,0.008948457285737847,-0.01046505775446505,-0.012376152467534414,-0.01042316755358948,-0.003985093331511188,0.008762068613436693,0.00535554046942753,-0.02790429148758744,1,DOWN
2023-01-18,15137,-0.0011224457287534587,0.008948457285737847,-0.01046505775446505,-0.012376152467534414,-0.01042316755358948,0.00898946164389797,0.0053508545547404605,-0.02511753719327625,2,DOWN
2023-01-19,15113,-0.001586777192444549,-0.0011224457287534587,0.008948457285737847,-0.01046505775446505,-0.012376152467534414,0.008535427600547419,0.00534502732833899,-0.01646492255629306,3,UP
2023-01-20,15121,0.0005292055425484838,-0.001586777192444549,-0.0011224457287534587,0.008948457285737847,-0.01046505775446505,0.006908638246351051,0.005341235052212068,-0.003689793766884053,4,DOWN
2023-01-24,14930,-0.012711894579433062,0.0005292055425484838,-0.001586777192444549,-0.0011224457287534587,0.008948457285737847,0.007724312682750068,0.005815575772152296,-0.005925827285438445,1,UP
2023-01-25,14958,0.0018736622183767493,-0.012711894579433062,0.0005292055425484838,-0.001586777192444549,-0.0011224457287534587,0.005815189451532192,0.005830071778068983,-0.01293387884386965,2,UP
2023-01-26,14964,0.00040104271642398177,0.0018736622183767493,-0.012711894579433062,0.0005292055425484838,-0.001586777192444549,0.00595054035547776,0.005743595895130228,-0.011428948933077887,3,UP
2023-01-27,14978,0.000935141341275545,0.00040104271642398177,0.0018736622183767493,-0.012711894579433062,0.0005292055425484838,0.006130168748900343,0.00571412835544393,-0.008932706941044088,4,UP
2023-01-30,14979,6.676235940662677e-05,0.000935141341275545,0.00040104271642398177,0.0018736622183767493,-0.012711894579433062,0.006089698915783201,0.005532062922558666,-0.009390913299384906,0,UP
2023-01-31,14992,0.0008675053094844402,6.676235940662677e-05,0.000935141341275545,0.00040104271642398177,0.0018736622183767493,0.0006834144595292152,0.005567631959104929,0.004152712659075686,1,DOWN
2023-02-01,14991,-6.670446588873435e-05,0.0008675053094844402,6.676235940662677e-05,0.000935141341275545,0.00040104271642398177,0.0004542841487262792,0.00553899523467849,0.002206177296429912,2,DOWN
2023-02-02,14868,-0.00823876859517197,-6.670446588873435e-05,0.0008675053094844402,6.676235940662677e-05,0.000935141341275545,0.003912438030176932,0.0056421322527775925,-0.006415396952686447,3,UP
2023-02-03,14898,0.0020157233190787626,-0.00823876859517197,-6.670446588873435e-05,0.0008675053094844402,6.676235940662677e-05,0.00409162812878984,0.00571230597435098,-0.005341167044999318,4,UP
2023-02-06,15055,0.010483186179612504,0.0020157233190787626,-0.00823876859517197,-6.670446588873435e-05,0.0008675053094844402,0.006660931421627595,0.006344658527260405,0.005073769944589079,0,UP
2023-02-07,15139,0.005564033696044656,0.010483186179612504,0.0020157233190787626,-0.00823876859517197,-6.670446588873435e-05,0.006959865600621635,0.006536696209965942,0.009805229455709608,1,DOWN
2023-02-08,15122,-0.0011235584936635423,0.005564033696044656,0.010483186179612504,0.0020157233190787626,-0.00823876859517197,0.0070519208637654434,0.006513336623915199,0.008738576479220939,2,DOWN
2023-02-09,15120,-0.00013226638469122676,-0.0011235584936635423,0.005564033696044656,0.010483186179612504,0.0020157233190787626,0.0047355790778756,0.006493560259450698,0.016949152542372836,3,UP
2023-02-10,15140,0.0013218772579158475,-0.00013226638469122676,-0.0011235584936635423,0.005564033696044656,0.010483186179612504,0.004794668718044541,0.006149732898910158,0.016243791112900974,4,UP
2023-02-13,15216,0.00500725779373175,0.0013218772579158475,-0.00013226638469122676,-0.0011235584936635423,0.005564033696044656,0.0030177691360879118,0.005624740748852824,0.010694121554300828,0,DOWN
2023-02-14,15168,-0.0031595602903684815,0.00500725779373175,0.0013218772579158475,-0.00013226638469122676,-0.0011235584936635423,0.0030557405685316267,0.005114676840730819,0.0019155822709557846,1,UP
2023-02-15,15194,0.0017126675683637787,-0.0031595602903684815,0.00500725779373175,0.0013218772579158475,-0.00013226638469122676,0.002968209966759269,0.004726309668372156,0.004761274963629214,2,DOWN
2023-02-16,15176,-0.0011853804483167379,0.0017126675683637787,-0.0031595602903684815,0.00500725779373175,0.0013218772579158475,0.0030987017757204377,0.004727209553301739,0.0037037037037037646,3,UP
2023-02-17,15199,0.0015144035816110335,-0.0011853804483167379,0.0017126675683637787,-0.0031595602903684815,0.00500725779373175,0.003108929033222768,0.004718833494680904,0.003896961690885048,4,DOWN
2023-02-20,15168,-0.0020416907016581644,0.0015144035816110335,-0.0011853804483167379,0.0017126675683637787,-0.0031595602903684815,0.0021671717236405714,0.004746728409707646,-0.003154574132492094,0,UP
2023-02-21,15179,0.000724948132056088,-0.0020416907016581644,0.0015144035816110335,-0.0011853804483167379,0.0017126675683637787,0.0016748668582567757,0.0036550828885671956,0.0007252109704640741,1,UP
2023-02-22,15218,0.0025660441096089404,0.000724948132056088,-0.0020416907016581644,0.0015144035816110335,-0.0011853804483167379,0.0019025611914105008,0.0036687712769838243,0.001579570883243342,2,DOWN
2023-02-23,15187,-0.002039139006198052,0.0025660441096089404,0.000724948132056088,-0.0020416907016581644,0.0015144035816110335,0.002099115288123755,0.003725038907791382,0.0007248286768581913,3,UP
2023-02-24,15216,0.0019077070549016186,-0.002039139006198052,0.0025660441096089404,0.000724948132056088,-0.0020416907016581644,0.002169455040921266,0.0037340628289167566,0.001118494637805112,4,UP
2023-02-27,15274,0.003804530663157977,0.0019077070549016186,-0.002039139006198052,0.0025660441096089404,0.000724948132056088,0.002218237321932732,0.003789182109305795,0.006988396624472593,0,DOWN
2023-02-28,15240,-0.0022284862076921903,0.003804530663157977,0.0019077070549016186,-0.002039139006198052,0.0025660441096089404,0.002766114039425767,0.00385645393846554,0.004018710059951358,1,UP
2023-03-01,15250,0.0006559527949204875,-0.0022284862076921903,0.003804530663157977,0.0019077070549016186,-0.002039139006198052,0.002587751803821188,0.003851087094739039,0.002102773031935845,2,UP
2023-03-02,15273,0.0015070605348880685,0.0006559527949204875,-0.0022284862076921903,0.003804530663157977,0.0019077070549016186,0.002202513646100549,0.0032014579585340447,0.00566273786791327,3,UP
2023-03-03,15306,0.0021583447994207665,0.0015070605348880685,0.0006559527949204875,-0.0022284862076921903,0.003804530663157977,0.002227369002531775,0.0032031918555732145,0.005914826498422787,4,DOWN
2023-03-06,15301,-0.00032672264805293255,0.0021583447994207665,0.0015070605348880685,0.0006559527949204875,-0.0022284862076921903,0.0017182112510942165,0.0023899054245324408,0.001767709833704334,0,UP
2023-03-07,15359,0.0037834356938148445,-0.00032672264805293255,0.0021583447994207665,0.0015070605348880685,0.0006559527949204875,0.001555748444921664,0.0022314108886192065,0.00780839895013119,1,UP
2023-03-08,15451,0.005972104734789912,0.0037834356938148445,-0.00032672264805293255,0.0021583447994207665,0.0015070605348880685,0.00238354338296665,0.0024735837041730963,0.013180327868852482,2,DOWN
2023-03-09,15438,-0.0008417236406189877,0.005972104734789912,0.0037834356938148445,-0.00032672264805293255,0.0021583447994207665,0.002844346483015523,0.002496803424471599,0.010803378511097916,3,UP
2023-03-10,15468,0.0019413712173885446,-0.0008417236406189877,0.005972104734789912,0.0037834356938148445,-0.00032672264805293255,0.0028458246887370434,0.0025043068337420784,0.010584084672677463,4,DOWN
2023-03-13,15374,-0.006095602818110412,0.0019413712173885446,-0.0008417236406189877,0.005972104734789912,0.0037834356938148445,0.0046659266225639725,0.0027992148316419076,0.004770930004574847,0,UP
2023-03-14,15380,0.00039019315055756554,-0.006095602818110412,0.0019413712173885446,-0.0008417236406189877,0.005972104734789912,0.004389723847262861,0.0026630895430799187,0.0013672765153980304,1,DOWN
2023-03-15,15365,-0.0009757684950498939,0.00039019315055756554,-0.006095602818110412,0.0019413712173885446,-0.0008417236406189877,0.0030210707009929796,0.0026767806287510344,-0.005565982784285772,2,UP
2023-03-16,15418,0.003443462454622367,-0.0009757684950498939,0.00039019315055756554,-0.006095602818110412,0.0019413712173885446,0.0036589275286369963,0.002717763457130667,-0.001295504599041375,3,DOWN
2023-03-17,15364,-0.003508547553412071,0.003443462454622367,-0.0009757684950498939,0.00039019315055756554,-0.006095602818110412,0.003651221527768981,0.0028749373829779178,-0.006723558313938449,4,UP
2023-03-20,15372,0.0005205622189390558,-0.003508547553412071,0.003443462454622367,-0.0009757684950498939,0.00039019315055756554,0.0025268218366068552,0.002810203919064283,-0.00013008976193573663,0,DOWN
2023-03-21,15349,-0.0014973473713265207,0.0005205622189390558,-0.003508547553412071,0.003443462454622367,-0.0009757684950498939,0.0025893206019644167,0.0028514647291011525,-0.0020156046814043815,1,DOWN
2023-03-24,15189,-0.010478843675389234,-0.0014973473713265207,0.0005205622189390558,-0.003508547553412071,0.003443462454622367,0.005242641716797976,0.003725643378672569,-0.01145460462089165,4,DOWN
2023-03-27,15174,-0.0009880447399987255,-0.010478843675389234,-0.0014973473713265207,0.0005205622189390558,-0.003508547553412071,0.004321766581803994,0.00370413246677217,-0.01582565832144245,0,DOWN
2023-03-28,15088,-0.005683711024781448,-0.0009880447399987255,-0.010478843675389234,-0.0014973473713265207,0.0005205622189390558,0.004468769068088491,0.0038785848790084216,-0.017964071856287456,1,UP
2023-03-29,15094,0.0003975879715749515,-0.005683711024781448,-0.0009880447399987255,-0.010478843675389234,-0.0014973473713265207,0.004440494735474009,0.0037560487505224355,-0.01808482956023938,2,DOWN
2023-03-30,15062,-0.00212229818351674,0.0003975879715749515,-0.005683711024781448,-0.0009880447399987255,-0.010478843675389234,0.004373034732225137,0.003753689133259254,-0.018698286533324615,3,DOWN
2023-03-31,14977,-0.005659324668901467,-0.00212229818351674,0.0003975879715749515,-0.005683711024781448,-0.0009880447399987255,0.002759435393775265,0.0039061185450673295,-0.013957469221146934,4,UP
2023-04-03,14990,0.0008676211042478466,-0.005659324668901467,-0.00212229818351674,0.0003975879715749515,-0.005683711024781448,0.0031614438885919117,0.003887926650074957,-0.012126005008567309,0,DOWN
2023-04-04,14913,-0.0051499963338611015,0.0008676211042478466,-0.005659324668901467,-0.00212229818351674,0.0003975879715749515,0.0030308573510305194,0.003925141246826687,-0.011598621420996769,1,UP
2023-04-05,14933,0.0013402132944863893,-0.0051499963338611015,0.0008676211042478466,-0.005659324668901467,-0.00212229818351674,0.003263571415945868,0.003964410080369346,-0.01066648999602493,2,UP
2023-04-06,14943,0.0006694336841244692,0.0013402132944863893,-0.0051499963338611015,0.0008676211042478466,-0.005659324668901467,0.003498714219348416,0.0038160490233657045,-0.007900677200902928,3,DOWN
2023-04-10,14905,-0.0025462356292212684,0.0006694336841244692,0.0013402132944863893,-0.0051499963338611015,0.0008676211042478466,0.0027999274568822905,0.0034065055992877776,-0.004807371302664065,0,DOWN
2023-04-11,14888,-0.001141207790085128,-0.0025462356292212684,0.0006694336841244692,0.0013402132944863893,-0.0051499963338611015,0.0026090561337460028,0.003402732999571268,-0.006804536357571722,1,DOWN
2023-04-12,14866,-0.001478793036847869,-0.001141207790085128,-0.0025462356292212684,0.0006694336841244692,0.0013402132944863893,0.0015987496404774818,0.003288089533453152,-0.0031516126869174377,2,DOWN
2023-04-13,14792,-0.00499023221827802,-0.001478793036847869,-0.001141207790085128,-0.0025462356292212684,0.0006694336841244692,0.002081002908083747,0.003224021885027091,-0.009442175048550161,3,DOWN
2023-04-14,14666,-0.008554604413215962,-0.00499023221827802,-0.001478793036847869,-0.001141207790085128,-0.0025462356292212684,0.0030836392049892825,0.0034943672349303364,-0.01853710767583483,4,UP
2023-04-17,14773,0.007269300667863371,-0.008554604413215962,-0.00499023221827802,-0.001478793036847869,-0.001141207790085128,0.005886201567358177,0.004101904672917464,-0.0088560885608856,0,UP
2023-04-18,14855,0.0055353185750998835,0.007269300667863371,-0.008554604413215962,-0.00499023221827802,-0.001478793036847869,0.006759589217897057,0.004270273348196792,-0.0022165502418054484,1,UP
2023-04-26,14882,0.0018159200604985653,0.0055353185750998835,0.007269300667863371,-0.008554604413215962,-0.00499023221827802,0.006793973369925437,0.004327672179297483,0.001076281447598637,2,DOWN
2023-04-27,14751,-0.008841551877157497,0.0018159200604985653,0.0055353185750998835,0.007269300667863371,-0.008554604413215962,0.007690798656921799,0.004585585759443976,-0.00277176852352623,3,DOWN
2023-04-28,14661,-0.006119970141784557,-0.008841551877157497,0.0018159200604985653,0.0055353185750998835,0.007269300667863371,0.007113084244617735,0.004671332936532966,-0.00034092458748125054,4,UP
2023-05-02,14703,0.002860647639392745,-0.006119970141784557,-0.008841551877157497,0.0018159200604985653,0.0055353185750998835,0.006189424216021406,0.004384541305320051,-0.004738374060786588,1,UP
2023-05-03,14706,0.0002040191785103631,0.002860647639392745,-0.006119970141784557,-0.008841551877157497,0.0018159200604985653,0.005167797351854314,0.0044017387142910635,-0.010030292830696785,2,DOWN
2023-05-04,14632,-0.005044662685465929,0.0002040191785103631,0.002860647639392745,-0.006119970141784557,-0.008841551877157497,0.004793162286662756,0.004372500211057789,-0.016798817363257612,3,UP
2023-05-05,14674,0.002866309203237839,-0.005044662685465929,0.0002040191785103631,0.002860647639392745,-0.006119970141784557,0.0042972398299422595,0.0044638049600944285,-0.00521998508575694,4,UP
2023-05-08,14709,0.0023823310454033956,0.002866309203237839,-0.005044662685465929,0.0002040191785103631,0.002860647639392745,0.003370013827588962,0.0045390377658321695,0.003273992224268385,0,UP
2023-05-09,14757,0.003257995144106593,0.0023823310454033956,0.002866309203237839,-0.005044662685465929,0.0002040191785103631,0.003439044494895139,0.004514379936305844,0.0036727198530912553,1,DOWN
2023-05-10,14746,-0.0007456869138536453,0.003257995144106593,0.0023823310454033956,0.002866309203237839,-0.005044662685465929,0.0035012423116227505,0.004498529852891883,0.0027199782401741146,2,DOWN
2023-05-11,14722,-0.0016288859309446728,-0.0007456869138536453,0.003257995144106593,0.0023823310454033956,0.002866309203237839,0.002246922459087644,0.0043877112829777696,0.00615090213231273,3,UP
2023-05-12,14752,0.002035693177723729,-0.0016288859309446728,-0.0007456869138536453,0.003257995144106593,0.0023823310454033956,0.002122635837008988,0.004406982399635716,0.005315524056153764,4,UP
2023-05-15,14812,0.004058996237128168,0.002035693177723729,-0.0016288859309446728,-0.0007456869138536453,0.003257995144106593,0.0024851830544416523,0.0045224280895023675,0.007002515466721038,0,DOWN
2023-05-16,14810,-0.0001350347716588562,0.004058996237128168,0.002035693177723729,-0.0016288859309446728,-0.0007456869138536453,0.002306322159071357,0.0044953901494614295,0.0035915158907637856,1,UP
2023-05-17,14875,0.004379323151986043,-0.0001350347716588562,0.004058996237128168,0.002035693177723729,-0.0016288859309446728,0.002612294592177457,0.004610310552000543,0.008748135087481401,2,UP
2023-05-19,14936,0.004092454807728027,0.004379323151986043,-0.0001350347716588562,0.004058996237128168,0.002035693177723729,0.0019307472507280362,0.004686713628325131,0.014536068468957941,4,DOWN
2023-05-22,14897,-0.0026145558419655977,0.004092454807728027,0.004379323151986043,-0.0001350347716588562,0.004058996237128168,0.0031670938673502113,0.004576114670455429,0.00982917570498909,0,DOWN
2023-05-23,14878,-0.001276238628306229,-0.0026145558419655977,0.004092454807728027,0.004379323151986043,-0.0001350347716588562,0.003180262854674104,0.004094452180783785,0.0044558466108559625,1,UP
2023-05-24,14905,0.0018131153608850756,-0.001276238628306229,-0.0026145558419655977,0.004092454807728027,0.004379323151986043,0.0031425241526629706,0.00380659370652456,0.00641458474004053,2,UP
2023-05-25,14952,0.003148343023226962,0.0018131153608850756,-0.001276238628306229,-0.0026145558419655977,0.004092454807728027,0.0028757940537185184,0.003673688305964855,0.005176470588235338,3,UP
2023-05-26,14959,0.00046805523906213526,0.003148343023226962,0.0018131153608850756,-0.001276238628306229,-0.0026145558419655977,0.002313529920458586,0.003657232695224084,0.0015399035886449752,4,UP
2023-05-29,14973,0.0009354537632579922,0.00046805523906213526,0.003148343023226962,0.0018131153608850756,-0.001276238628306229,0.0016388527630183585,0.0029647809463538895,0.005101698328522586,0,DOWN
2023-05-30,14969,-0.00026718322248318107,0.0009354537632579922,0.00046805523906213526,0.003148343023226962,0.0018131153608850756,0.0013160920452367055,0.0025044221207438148,0.006116413496437767,1,UP
2023-05-31,15003,0.002268785171777582,-0.00026718322248318107,0.0009354537632579922,0.00046805523906213526,0.003148343023226962,0.001381614496874038,0.0024851935242797443,0.006574974840657388,2,DOWN
2023-06-05,14888,-0.007694661764926725,0.002268785171777582,-0.00026718322248318107,0.0009354537632579922,0.00046805523906213526,0.003931942678902159,0.003156851684975639,-0.004280363830925671,0,DOWN
2023-06-06,14839,-0.0032966693159602522,-0.007694661764926725,0.002268785171777582,-0.00026718322248318107,0.0009354537632579922,0.003974777499649343,0.003012824773984464,-0.00802192659937162,1,UP
2023-06-07,14875,0.0024231014077041495,-0.0032966693159602522,-0.007694661764926725,0.002268785171777582,-0.00026718322248318107,0.00425857727958127,0.002997662555942047,-0.00654511453950446,2,UP
2023-06-08,14903,0.0018805835349622422,0.0024231014077041495,-0.0032966693159602522,-0.007694661764926725,0.002268785171777582,0.004492381963583882,0.0029847397389711323,-0.004409112165141282,3,DOWN
2023-06-09,14853,-0.003360669919260056,0.0018805835349622422,0.0024231014077041495,-0.0032966693159602522,-0.007694661764926725,0.004200721197229792,0.0030472283736470377,-0.009998000399920048,4,UP
2023-06-12,14874,0.0014128572337128327,-0.003360669919260056,0.0018805835349622422,0.0024231014077041495,-0.0032966693159602522,0.0028891733891665263,0.003045565340487247,-0.0009403546480386549,0,DOWN
2023-06-13,14868,-0.00040346984610275166,0.0014128572337128327,-0.003360669919260056,0.0018805835349622422,0.0024231014077041495,0.0023504624871963256,0.003014082933175733,0.0019543095895950824,1,UP
2023-06-14,14895,0.0018143337302398642,-0.00040346984610275166,0.0014128572337128327,-0.003360669919260056,0.0018805835349622422,0.00223161299529084,0.003008522775103511,0.0013445378151260012,2,UP
2023-06-15,14943,0.003217376594010378,0.0018143337302398642,-0.00040346984610275166,0.0014128572337128327,-0.003360669919260056,0.0025327572025310332,0.0029613788189184094,0.002684023351003262,3,UP
2023-06-16,14945,0.00013383297664516233,0.003217376594010378,0.0018143337302398642,-0.00040346984610275166,0.0014128572337128327,0.0014312782727346387,0.0029592392509762396,0.0061940348751095,4,UP
2023-06-19,14994,0.0032733253449691085,0.00013383297664516233,0.003217376594010378,0.0018143337302398642,-0.00040346984610275166,0.0017047837292819767,0.0028915800530760196,0.008067769261799196,0,UP
2023-06-20,15040,0.003063197440823456,0.0032733253449691085,0.00013383297664516233,0.003217376594010378,0.0018143337302398642,0.0013508851562018948,0.002830897405293166,0.011568469195587738,1,DOWN
2023-06-21,14982,-0.0038638379960025653,0.003063197440823456,0.0032733253449691085,0.00013383297664516233,0.003217376594010378,0.0031069661948529134,0.002912295122303478,0.005840886203424045,2,DOWN
2023-06-22,14918,-0.004280942992719688,-0.0038638379960025653,0.003063197440823456,0.0032733253449691085,0.00013383297664516233,0.003633549423074753,0.0030702617393219373,-0.0016730241584688166,3,UP
2023-06-23,14998,0.0053483213462260345,-0.004280942992719688,-0.0038638379960025653,0.003063197440823456,0.0032733253449691085,0.004456783766140818,0.003267436860345731,0.003546336567413766,4,UP
2023-06-26,15026,0.0018651750677712458,0.0053483213462260345,-0.004280942992719688,-0.0038638379960025653,0.003063197440823456,0.004295733473166761,0.0032210603411555365,0.002134187008136612,0,DOWN
2023-06-27,15000,-0.001731832844758771,0.0018651750677712458,0.0053483213462260345,-0.004280942992719688,-0.0038638379960025653,0.004090230505313701,0.003250535465234867,-0.0026595744680850686,1,UP
2023-07-03,15034,0.002264101653067047,-0.001731832844758771,0.0018651750677712458,0.0053483213462260345,-0.004280942992719688,0.003746141176061306,0.0032811486412142265,0.003470831664664331,0,DOWN
2023-07-04,15018,-0.0010648210775849544,0.002264101653067047,-0.001731832844758771,0.0018651750677712458,0.0053483213462260345,0.002846737674419285,0.0032919977534025813,0.006703311435849235,1,DOWN
2023-07-05,15013,-0.00033298924752425956,-0.0010648210775849544,0.002264101653067047,-0.001731832844758771,0.0018651750677712458,0.0017782822926937414,0.0032556271230757584,0.0010001333511133748,2,UP
2023-07-06,15062,0.0032585232489921894,-0.00033298924752425956,-0.0010648210775849544,0.002264101653067047,-0.001731832844758771,0.0021704163491104915,0.00277265566402251,0.002395847198189749,3,UP
2023-07-07,15136,0.0049009966303624145,0.0032585232489921894,-0.00033298924752425956,-0.0010648210775849544,0.002264101653067047,0.002485737828427092,0.00277518275635094,0.009066666666666556,4,UP
2023-07-10,15192,0.0036929612004622785,0.0049009966303624145,0.0032585232489921894,-0.00033298924752425956,-0.0010648210775849544,0.0026296578585214268,0.002823776496429328,0.010509511773313829,0,DOWN
2023-07-11,15162,-0.001976675875872536,0.0036929612004622785,0.0049009966303624145,0.0032585232489921894,-0.00033298924752425956,0.0029189367175723453,0.002895196587706735,0.009588493807431098,1,DOWN
2023-07-12,15084,-0.005157718238001508,-0.001976675875872536,0.0036929612004622785,0.0049009966303624145,0.0032585232489921894,0.004310827651982736,0.0030565190033133047,0.0047292346632918925,2,DOWN
2023-07-13,14978,-0.007052121568935353,-0.005157718238001508,-0.001976675875872536,0.0036929612004622785,0.0049009966303624145,0.0052830888999073605,0.003514788903381463,-0.0055769486124020995,3,DOWN
2023-07-14,14945,-0.002205662091274205,-0.007052121568935353,-0.005157718238001508,-0.001976675875872536,0.0036929612004622785,0.004077088757194566,0.003557916022705239,-0.012618921775898517,4,UP
2023-07-17,15007,0.004139963177951446,-0.002205662091274205,-0.007052121568935353,-0.005157718238001508,-0.001976675875872536,0.004249194377692562,0.003648303922590073,-0.012177461822011626,0,DOWN
2023-07-18,14994,-0.0008666378329822307,0.004139963177951446,-0.002205662091274205,-0.007052121568935353,-0.005157718238001508,0.00430871668499358,0.0035947132582523755,-0.011080332409972304,1,DOWN
2023-07-20,14991,-0.00020010005069264774,-0.0008666378329822307,0.004139963177951446,-0.002205662091274205,-0.007052121568935353,0.0040273442777542055,0.00359566723361282,-0.0061654733492442215,3,UP
2023-07-21,15026,0.002332012916791139,-0.00020010005069264774,-0.0008666378329822307,0.004139963177951446,-0.002205662091274205,0.0025586211283781025,0.003558653224959374,0.0032047002269997016,4,UP
2023-07-24,15028,0.00013309376475357078,0.002332012916791139,-0.00020010005069264774,-0.0008666378329822307,0.004139963177951446,0.0020767625200087984,0.0034901830393750644,0.0055536968885914195,0,DOWN
2023-07-25,15007,-0.001398368797869963,0.00013309376475357078,0.002332012916791139,-0.00020010005069264774,-0.0008666378329822307,0.0014320033740355294,0.0033901190098754854,0.0,1,UP
2023-07-26,15032,0.0016645031973116483,-0.001398368797869963,0.00013309376475357078,0.002332012916791139,-0.00020010005069264774,0.00149505095483848,0.0032448391509418803,0.0025343470721621575,2,DOWN
2023-07-27,15003,-0.0019310810062878054,0.0016645031973116483,-0.001398368797869963,0.00013309376475357078,0.002332012916791139,0.0018562749666220727,0.003061366201847177,0.0008004802881729223,3,UP
2023-07-28,15083,0.005318100681238921,-0.0019310810062878054,0.0016645031973116483,-0.001398368797869963,0.00013309376475357078,0.002910663769129151,0.0032618963308184055,0.0037934247304671764,4,UP
2023-07-31,15092,0.0005965203159488625,0.005318100681238921,-0.0019310810062878054,0.0016645031973116483,-0.001398368797869963,0.0028931455588991225,0.0032311261165329165,0.004258717061485173,0,UP
2023-08-01,15117,0.0016551362645068008,0.0005965203159488625,0.005318100681238921,-0.0019310810062878054,0.0016645031973116483,0.002608153854750689,0.0032145268907168966,0.00732991270740313,1,UP
2023-08-02,15171,0.0035657723993849522,0.0016551362645068008,0.0005965203159488625,0.005318100681238921,-0.0019310810062878054,0.0027783510868202277,0.0032790387915746398,0.009246939861628611,2,UP
2023-08-03,15198,0.0017781294816374938,0.0035657723993849522,0.0016551362645068008,0.0005965203159488625,0.005318100681238921,0.0018642334995948781,0.003284556813245524,0.012997400519896063,3,DOWN
2023-08-04,15168,-0.001975894734927138,0.0017781294816374938,0.0035657723993849522,0.0016551362645068008,0.0005965203159488625,0.002034688288333087,0.0032711253427703166,0.005635483657097318,4,UP
2023-08-07,15178,0.0006590654690550659,-0.001975894734927138,0.0017781294816374938,0.0035657723993849522,0.0016551362645068008,0.002030823789584656,0.0030932413253164583,0.005698383249403749,0,UP
2023-08-08,15229,0.003354493887832866,0.0006590654690550659,-0.001975894734927138,0.0017781294816374938,0.0035657723993849522,0.0022677152042095464,0.0030736351193656085,0.007408877422768967,1,DOWN
2023-08-09,15206,-0.0015114180633089677,0.003354493887832866,0.0006590654690550659,-0.001975894734927138,0.0017781294816374938,0.0022346843047774483,0.003058642306931323,0.0023070331553622925,2,DOWN
2023-08-10,15204,-0.00013153567924254026,-0.0015114180633089677,0.003354493887832866,0.0006590654690550659,-0.001975894734927138,0.0021131542419371065,0.00279516687563468,0.00039478878799847905,3,UP
2023-08-11,15225,0.0013802624689584903,-0.00013153567924254026,-0.0015114180633089677,0.003354493887832866,0.0006590654690550659,0.0018083144735207453,0.0021810409507518934,0.003757911392405111,4,UP
2023-08-14,15323,0.006416154000078543,0.0013802624689584903,-0.00013153567924254026,-0.0015114180633089677,0.003354493887832866,0.003104280282146952,0.002393686927910487,0.009553300830148936,0,UP
2023-08-15,15346,0.0014998861594343025,0.006416154000078543,0.0013802624689584903,-0.00013153567924254026,-0.0015114180633089677,0.002996195566476348,0.0022966943964232516,0.007682710617900046,1,DOWN
2023-08-16,15308,-0.0024792861920176334,0.0014998861594343025,0.006416154000078543,0.0013802624689584903,-0.00013153567924254026,0.0032613971773243393,0.0023961527740107326,0.006707878469025319,2,DOWN
2023-08-18,15308,0.0,-0.0024792861920176334,0.0014998861594343025,0.006416154000078543,0.0013802624689584903,0.0032470884084882506,0.0023911311559111008,0.006840305182846729,4,UP
2023-08-21,15329,0.0013708916205146028,0.0,-0.0024792861920176334,0.0014998861594343025,0.006416154000078543,0.0032470789492528088,0.0023735242131231,0.006830870279146195,0,DOWN
2023-08-22,15326,-0.0001957266357577332,0.0013708916205146028,0.0,-0.0024792861920176334,0.0014998861594343025,0.0016051874096997282,0.0023809594093285283,0.00019578411538212492,1,DOWN
2023-08-23,15319,-0.000456844517653492,-0.0001957266357577332,0.0013708916205146028,0.0,-0.0024792861920176334,0.0013832045790045774,0.0023403845255072684,-0.0017594161344975934,2,DOWN
2023-08-24,15253,-0.004317683012762993,-0.000456844517653492,-0.0001957266357577332,0.0013708916205146028,0.0,0.002131763595953762,0.002620392746117248,-0.003592892605173814,3,UP
2023-08-25,15297,0.00288052572333235,-0.004317683012762993,-0.000456844517653492,-0.0001957266357577332,0.0013708916205146028,0.0026908562499001567,0.0025838666334257144,-0.0007185785210347406,4,DOWN
2023-08-28,15294,-0.00019613611909502894,0.00288052572333235,-0.004317683012762993,-0.000456844517653492,-0.0001957266357577332,0.002558332703580907,0.0023818185662857778,-0.0022832539630764925,0,DOWN
2023-08-29,15263,-0.0020289956890484806,-0.00019613611909502894,0.00288052572333235,-0.004317683012762993,-0.000456844517653492,0.00264151294195972,0.0024586250248686318,-0.0041106616207751134,1,DOWN
2023-08-30,15239,-0.0015736676252612134,-0.0020289956890484806,-0.00019613611909502894,0.00288052572333235,-0.004317683012762993,0.002649928732956167,0.002488980197013338,-0.005222272994320765,2,DOWN
2023-08-31,15237,-0.00013125082050605833,-0.0015736676252612134,-0.0020289956890484806,-0.00019613611909502894,0.00288052572333235,0.0019187285862513144,0.0023763770035285835,-0.001048973972333278,3,UP
2023-09-01,15252,0.0009839615080995845,-0.00013125082050605833,-0.0015736676252612134,-0.0020289956890484806,-0.00019613611909502894,0.0012125635989353543,0.0023554620975310965,-0.0029417532849578265,4,DOWN
2023-09-04,15247,-0.0003278796055473489,0.0009839615080995845,-0.00013125082050605833,-0.0015736676252612134,-0.0020289956890484806,0.001203282501536889,0.0023044449178647184,-0.0030731005623120256,0,UP
2023-09-05,15260,0.0008522634665409896,-0.0003278796055473489,0.0009839615080995845,-0.00013125082050605833,-0.0015736676252612134,0.001035370305656392,0.002306610840705812,-0.00019655375745264436,1,UP
2023-09-06,15307,0.0030752142532591968,0.0008522634665409896,-0.0003278796055473489,0.0009839615080995845,-0.00013125082050605833,0.0013519982479175186,0.0022877190171310866,0.004462235054793595,2,UP
2023-09-07,15334,0.0017623450271325525,0.0030752142532591968,0.0008522634665409896,-0.0003278796055473489,0.0009839615080995845,0.001256059297524622,0.0022717096278574702,0.006366082562184072,3,UP
2023-09-08,15341,0.0004563977259337001,0.0017623450271325525,0.0030752142532591968,0.0008522634665409896,-0.0003278796055473489,0.0013071286800479846,0.002268009873259544,0.005835300288486778,4,UP
2023-09-11,15352,0.0007167758427623454,0.0004563977259337001,0.0017623450271325525,0.0030752142532591968,0.0008522634665409896,0.0010713401096110846,0.00225849641958198,0.006886600642749485,0,DOWN
2023-09-12,15344,-0.000521240564316364,0.0007167758427623454,0.0004563977259337001,0.0017623450271325525,0.0030752142532591968,0.0013720109154165092,0.0017677886641222326,0.005504587155963359,1,UP
2023-09-13,15367,0.001497834932112922,-0.000521240564316364,0.0007167758427623454,0.0004563977259337001,0.0017623450271325525,0.000905842443443894,0.001767701304953478,0.003919775266218117,2,DOWN
2023-09-14,15357,-0.0006509569296394343,0.001497834932112922,-0.000521240564316364,0.0007167758427623454,0.0004563977259337001,0.0008960644145573959,0.0016737966891093644,0.0014999347854440792,3,UP
2023-09-15,15367,0.000650956929639474,-0.0006509569296394343,0.001497834932112922,-0.000521240564316364,0.0007167758427623454,0.0009087021146948688,0.0016768522323720855,0.0016948047715272807,4,UP
2023-09-18,15373,0.00039037085726704583,0.000650956929639474,-0.0006509569296394343,0.001497834932112922,-0.000521240564316364,0.000886194346508495,0.0016547697344036455,0.0013678999478894394,0,UP
2023-09-19,15381,0.0005202575392107477,0.00039037085726704583,0.000650956929639474,-0.0006509569296394343,0.001497834932112922,0.0007671240976244676,0.0016547937048770316,0.0024113660062565767,1,UP
2023-09-20,15396,0.0009747539518263854,0.0005202575392107477,0.00039037085726704583,0.000650956929639474,-0.0006509569296394343,0.0006143612757453709,0.0016567983129389039,0.0018871607991148842,2,UP
2023-09-21,15397,6.494982628213698e-05,0.0009747539518263854,0.0005202575392107477,0.00039037085726704583,0.000650956929639474,0.0003345986339396267,0.0012640516618767747,0.0026046753923292254,3,DOWN
2023-09-22,15383,-0.000909681674167693,6.494982628213698e-05,0.0009747539518263854,0.0005202575392107477,0.00039037085726704583,0.0007050445225935045,0.001163750178054702,0.001041192165028848,4,UP
2023-09-25,15399,0.0010395686726617013,-0.000909681674167693,6.494982628213698e-05,0.0009747539518263854,0.0005202575392107477,0.0008003339866964167,0.0011699098159703614,0.0016912769140702277,0,UP
2023-09-26,15464,0.0042121696597539554,0.0010395686726617013,-0.000909681674167693,6.494982628213698e-05,0.0009747539518263854,0.0019243370081483016,0.0013261110872103462,0.005396268123008863,1,UP
2023-09-27,15526,0.004001296077458718,0.0042121696597539554,0.0010395686726617013,-0.000909681674167693,6.494982628213698e-05,0.0023197669818690206,0.0014160539401701926,0.00844375162379829,2,DOWN
2023-09-29,15487,-0.0025150756494512357,0.004001296077458718,0.0042121696597539554,0.0010395686726617013,-0.000909681674167693,0.0029661764141383604,0.001598864399096447,0.005845294537897061,4,UP
2023-10-02,15519,0.002064117355450365,-0.0025150756494512357,0.004001296077458718,0.0042121696597539554,0.0010395686726617013,0.0027351564743550573,0.0016229791851367632,0.008840928297471295,0,UP
2023-10-03,15600,0.005205834566003739,0.002064117355450365,-0.0025150756494512357,0.004001296077458718,0.0042121696597539554,0.003074250484125134,0.0018624520673146527,0.013052795636080194,1,UP
2023-10-04,15636,0.00230503367521705,0.005205834566003739,0.002064117355450365,-0.0025150756494512357,0.004001296077458718,0.0029385538240530363,0.0018787174237138461,0.01112260734609416,2,DOWN
2023-10-05,15601,-0.0022409331655959784,0.00230503367521705,0.005205834566003739,0.002064117355450365,-0.0025150756494512357,0.003293074314387685,0.001975558076931541,0.004830606724204545,3,UP
2023-10-06,15628,0.0017291624277117738,-0.0022409331655959784,0.00230503367521705,0.005205834566003739,0.002064117355450365,0.002657907337941167,0.001974854843318765,0.009104410150448716,4,UP
2023-10-09,15675,0.003002909326160141,0.0017291624277117738,-0.0022409331655959784,0.00230503367521705,0.005205834566003739,0.002712706868804738,0.0020228911034775223,0.010052194084670507,0,UP
2023-10-10,15708,0.00210305019677889,0.003002909326160141,0.0017291624277117738,-0.0022409331655959784,0.00230503367521705,0.002076378749049043,0.0020336235812346733,0.006923076923077032,1,UP
2023-10-11,15710,0.00012731555176658077,0.00210305019677889,0.003002909326160141,0.0017291624277117738,-0.0022409331655959784,0.00206214435203905,0.002010676558673283,0.004732668201586021,2,DOWN
2023-10-12,15702,-0.0005093594914659935,0.00012731555176658077,0.00210305019677889,0.003002909326160141,0.0017291624277117738,0.0014471956010595525,0.0020437275873672433,0.006473943977950203,3,UP
2023-10-13,15709,0.0004457037417389465,-0.0005093594914659935,0.00012731555176658077,0.00210305019677889,0.003002909326160141,0.0014636939506724944,0.002009312141892396,0.005183004863066332,4,UP
2023-10-16,15716,0.0004455051784106034,0.0004457037417389465,-0.0005093594914659935,0.00012731555176658077,0.00210305019677889,0.0009657729461940549,0.002012429701820305,0.00261562998405096,0,UP
2023-10-17,15718,0.0001272507477697701,0.0004455051784106034,0.0004457037417389465,-0.0005093594914659935,0.00012731555176658077,0.00038986240766507383,0.0020183216321550106,0.000636618283677004,1,UP
2023-10-18,15731,0.0008267353963844539,0.0001272507477697701,0.0004455051784106034,0.0004457037417389465,-0.0005093594914659935,0.0004998416283805115,0.002014771207852336,0.001336728198599646,2,UP
2023-10-19,15838,0.006778827947852897,0.0008267353963844539,0.0001272507477697701,0.0004455051784106034,0.0004457037417389465,0.0028361313713218352,0.0023773648879796302,0.008661317029677651,3,UP
2023-10-20,15856,0.001135861799411539,0.006778827947852897,0.0008267353963844539,0.0001272507477697701,0.0004455051784106034,0.0027744393850863912,0.002357327694695787,0.009357693042205018,4,UP
2023-10-23,15943,0.005471883837596114,0.001135861799411539,0.006778827947852897,0.0008267353963844539,0.0001272507477697701,0.0030312355816669127,0.0024485723139778814,0.014443878849579983,0,DOWN
2023-10-24,15869,-0.004652340844522997,0.005471883837596114,0.001135861799411539,0.006778827947852897,0.0008267353963844539,0.004506371808702334,0.002839669937460946,0.009606820206133015,1,UP
2023-10-25,15871,0.00012602394471627297,-0.004652340844522997,0.005471883837596114,0.001135861799411539,0.006778827947852897,0.004559153725455799,0.0027808975941467215,0.008899624944377349,2,UP
2023-10-26,15933,0.0038988855829503438,0.00012602394471627297,-0.004652340844522997,0.005471883837596114,0.001135861799411539,0.0039032143498385864,0.0027757493198828356,0.0059982321000127126,3,UP
2023-10-27,15941,0.0005019765431377597,0.0038988855829503438,0.00012602394471627297,-0.004652340844522997,0.005471883837596114,0.003915932155700225,0.0026363362098989315,0.005360746720484366,4,DOWN
2023-10-30,15916,-0.0015695140868273443,0.0005019765431377597,0.0038988855829503438,0.00012602394471627297,-0.004652340844522997,0.0031225885571174233,0.0027154193873467204,-0.0016935332120679991,0,DOWN
2023-10-31,15897,-0.0011944803859475115,-0.0015695140868273443,0.0005019765431377597,0.0038988855829503438,0.00012602394471627297,0.002164357397550281,0.002601027030220903,0.0017644464049404451,1,UP
2023-11-01,15946,0.0030776019015689047,-0.0011944803859475115,-0.0015695140868273443,0.0005019765431377597,0.0038988855829503438,0.002468290700450396,0.002627917685547452,0.004725600151219256,2,DOWN
2023-11-02,15861,-0.005344748158880816,0.0030776019015689047,-0.0011944803859475115,-0.0015695140868273443,0.0005019765431377597,0.00308534596969916,0.002905252720760511,-0.004518922990020657,3,DOWN
2023-11-03,15771,-0.00569045541600216,-0.005344748158880816,0.0030776019015689047,-0.0011944803859475115,-0.0015695140868273443,0.0035818599311358387,0.00323851369800761,-0.01066432469732137,4,DOWN
2023-11-06,15550,-0.014112171880177578,-0.00569045541600216,-0.005344748158880816,0.0030776019015689047,-0.0011944803859475115,0.006378760175070363,0.0045326335952873215,-0.02299572756974111,0,UP
2023-11-07,15593,0.0027614569775051743,-0.014112171880177578,-0.00569045541600216,-0.005344748158880816,0.0030776019015689047,0.007117514861285728,0.004554112533371927,-0.01912310498836256,1,UP
2023-11-08,15629,0.0023060672573082066,0.0027614569775051743,-0.014112171880177578,-0.00569045541600216,-0.005344748158880816,0.006935497760208556,0.004592466503171051,-0.019879593628496228,2,UP
2023-11-09,15649,0.0012788543209783657,0.0023060672573082066,0.0027614569775051743,-0.014112171880177578,-0.00569045541600216,0.007243956294606394,0.004604715765814655,-0.01336611815144062,3,UP
2023-11-10,15693,0.002807735875548718,0.0012788543209783657,0.0023060672573082066,0.0027614569775051743,-0.014112171880177578,0.007360356112265394,0.004651367249170792,-0.004945786570287214,4,UP
2023-11-13,15713,0.00127364215141106,0.002807735875548718,0.0012788543209783657,0.0023060672573082066,0.0027614569775051743,0.0007643596691016271,0.004659697969243147,0.010482315112540164,0,DOWN
2023-11-14,15699,-0.0008913791498142606,0.00127364215141106,0.002807735875548718,0.0012788543209783657,0.0023060672573082066,0.0014207046666571245,0.0046636892755214055,0.006797922144551993,1,DOWN
2023-11-15,15503,-0.012563462473955376,-0.0008913791498142606,0.00127364215141106,0.002807735875548718,0.0012788543209783657,0.006258426713410335,0.005428107115688788,-0.008061936144347026,2,UP
2023-11-16,15595,0.005916796475541492,-0.012563462473955376,-0.0008913791498142606,0.00127364215141106,0.002807735875548718,0.00708448061285073,0.005368440254517929,-0.0034506997252220506,3,DOWN
2023-11-17,15504,-0.005852294911356159,0.005916796475541492,-0.012563462473955376,-0.0008913791498142606,0.00127364215141106,0.00707375913280801,0.005464215633787808,-0.01204358631236857,4,DOWN
2023-11-20,15419,-0.005497539959194831,-0.005852294911356159,0.005916796475541492,-0.012563462473955376,-0.0008913791498142606,0.006833109205695798,0.0053159845647627385,-0.01871062177814553,0,UP
2023-11-21,15436,0.0011019284861567347,-0.005497539959194831,-0.005852294911356159,0.005916796475541492,-0.012563462473955376,0.007096659467469698,0.005301831501577794,-0.016752659405057657,1,UP
2023-11-22,15584,0.009542303224807038,0.0011019284861567347,-0.005497539959194831,-0.005852294911356159,0.005916796475541492,0.006824940877636345,0.005834270306700963,0.005224795200928778,2,UP
2023-11-23,15593,0.0005773487025690589,0.009542303224807038,0.0011019284861567347,-0.005497539959194831,-0.005852294911356159,0.006266421232218686,0.005736560849227689,-0.00012824623276685987,3,DOWN
2023-11-24,15587,-0.0003848620958344481,0.0005773487025690589,0.009542303224807038,0.0011019284861567347,-0.005497539959194831,0.005414628982536474,0.005727120847317533,0.0053534571723425906,4,DOWN
2023-11-27,15527,-0.003856789507881238,-0.0003848620958344481,0.0005773487025690589,0.009542303224807038,0.0011019284861567347,0.004946771463541,0.005759256376416415,0.0070043452882806445,0,DOWN
2023-11-28,15450,-0.0049714406552782385,-0.003856789507881238,-0.0003848620958344481,0.0005773487025690589,0.009542303224807038,0.005721946316637364,0.005819391058835374,0.0009069707178024355,1,DOWN
2023-11-29,15384,-0.004280995057275833,-0.0049714406552782385,-0.003856789507881238,-0.0003848620958344481,0.0005773487025690589,0.0025014990131774556,0.0057518922110428245,-0.012833675564681735,2,UP
2023-11-30,15484,0.006479224428923141,-0.004280995057275833,-0.0049714406552782385,-0.003856789507881238,-0.0003848620958344481,0.004748783369058492,0.005971199018128728,-0.0069903161675111125,3,UP
2023-12-01,15524,0.00257998079125826,0.006479224428923141,-0.004280995057275833,-0.0049714406552782385,-0.003856789507881238,0.00508116826774613,0.005930294825633514,-0.004041829729903079,4,DOWN
2023-12-04,15446,-0.005037143359587771,0.00257998079125826,0.006479224428923141,-0.004280995057275833,-0.0049714406552782385,0.005281577464445974,0.00515357118324399,-0.005216719263218872,0,UP
2023-12-05,15504,0.0037479850013383653,-0.005037143359587771,0.00257998079125826,0.006479224428923141,-0.004280995057275833,0.005097771009476044,0.005189370331517293,0.0034951456310678974,1,DOWN
2023-12-06,15504,0.0,0.0037479850013383653,-0.005037143359587771,0.00257998079125826,0.006479224428923141,0.004358386433979567,0.005154241373465312,0.007800312012480548,2,UP
2023-12-07,15536,0.002061856400558777,0.0,0.0037479850013383653,-0.005037143359587771,0.00257998079125826,0.0034669751377415696,0.005170624346481137,0.0033583053474555147,3,DOWN
2023-12-08,15500,-0.002319887623768201,0.002061856400558777,0.0,0.0037479850013383653,-0.005037143359587771,0.0034847731661666135,0.005132146341313418,-0.0015459933006957138,4,UP
2023-12-11,15614,0.007327923772898189,-0.002319887623768201,0.002061856400558777,0.0,0.0037479850013383653,0.003673339551868923,0.005420114540513929,0.010876602356597154,0,UP
2023-12-12,15631,0.0010881742152349986,0.007327923772898189,-0.002319887623768201,0.002061856400558777,0.0,0.0035778802970248985,0.00542712481834936,0.008191434468524328,1,DOWN
2023-12-13,15629,-0.00012795905327760043,0.0010881742152349986,0.007327923772898189,-0.002319887623768201,0.002061856400558777,0.0035928946510694723,0.004585226903655842,0.008062435500515885,2,DOWN
2023-12-14,15493,-0.008739853845901749,-0.00012795905327760043,0.0010881742152349986,0.007327923772898189,-0.002319887623768201,0.005812261418240384,0.004822979478491896,-0.00276776519052524,3,UP
2023-12-15,15503,0.0006452445700703242,-0.008739853845901749,-0.00012795905327760043,0.0010881742152349986,0.007327923772898189,0.005737875445680412,0.004646907777088073,0.0001935483870967314,4,UP
2023-12-18,15516,0.0008381959934956404,0.0006452445700703242,-0.008739853845901749,-0.00012795905327760043,0.0010881742152349986,0.0042064246342424704,0.004465037878025517,-0.006276418598693434,0,DOWN
2023-12-19,15506,-0.0006447037809534372,0.0008381959934956404,0.0006452445700703242,-0.008739853845901749,-0.00012795905327760043,0.004032454654233805,0.004465887759852183,-0.007996929179195145,1,UP
2023-12-20,15512,0.00038687214358348995,-0.0006447037809534372,0.0008381959934956404,0.0006452445700703242,-0.008739853845901749,0.004085844343719935,0.0038932087144070105,-0.007486083562607937,2,UP
2023-12-21,15533,0.0013528750654195104,0.00038687214358348995,-0.0006447037809534372,0.0008381959934956404,0.0006452445700703242,0.0007390502525207804,0.003905531894095057,0.0025818111405151445,3,DOWN
2023-12-22,15489,-0.00283669844014846,0.0013528750654195104,0.00038687214358348995,-0.0006447037809534372,0.0008381959934956404,0.001656937452612802,0.003950105362832521,-0.0009030510223827504,4,DOWN
2023-12-27,15414,-0.004853907209820268,-0.00283669844014846,0.0013528750654195104,0.00038687214358348995,-0.0006447037809534372,0.002515082950944896,0.0040030928627701025,-0.006573859242072655,2,UP
2023-12-28,15416,0.0001297437562638226,-0.004853907209820268,-0.00283669844014846,0.0013528750654195104,0.00038687214358348995,0.002589738039252211,0.0038538896280402024,-0.005804204823939174,3,UP
2023-12-29,15439,0.0014908445477242525,0.0001297437562638226,-0.004853907209820268,-0.00283669844014846,0.0013528750654195104,0.002794043165078016,0.0037395356463556127,-0.004706034038164053,4,UP
2024-01-02,15473,0.0021997938477461075,0.0014908445477242525,0.0001297437562638226,-0.004853907209820268,-0.00283669844014846,0.002987059220076605,0.003472968598579293,-0.0038627438357046184,1,UP
2024-01-03,15495,0.001420821732175905,0.0021997938477461075,0.0014908445477242525,0.0001297437562638226,-0.004853907209820268,0.002856032813789365,0.0034365035834578346,0.0003873716831299667,2,UP
2024-01-04,15525,0.0019342365798309684,0.001420821732175905,0.0021997938477461075,0.0014908445477242525,0.0001297437562638226,0.0007970508534577782,0.0032575705821507924,0.007201245620864105,3,DOWN
2024-01-05,15518,-0.00045098734778496735,0.0019342365798309684,0.001420821732175905,0.0021997938477461075,0.0014908445477242525,0.0010400801963718596,0.003154279594078468,0.00661650233523603,4,UP
2024-01-08,15522,0.00025773196018961985,-0.00045098734778496735,0.0019342365798309684,0.001420821732175905,0.0021997938477461075,0.0011313233264284009,0.0031546119734817356,0.005375995854653759,0,DOWN
2024-01-09,15518,-0.00025773196018951235,0.00025773196018961985,-0.00045098734778496735,0.0019342365798309684,0.001420821732175905,0.0010499429773564324,0.003119507827633197,0.0029082918632457044,1,UP
2024-01-10,15568,0.003216884971891625,-0.00025773196018951235,0.00025773196018961985,-0.00045098734778496735,0.0019342365798309684,0.0015817402502150588,0.0031537011879646418,0.004711197160374381,2,DOWN
2024-01-11,15558,-0.0006425496590668942,0.003216884971891625,-0.00025773196018951235,0.00025773196018961985,-0.00045098734778496735,0.001596538347886582,0.002675403061990137,0.002125603864734371,3,UP
2024-01-12,15559,6.427354824328738e-05,-0.0006425496590668942,0.003216884971891625,-0.00025773196018951235,0.00025773196018961985,0.0015415698376993556,0.0026596156631882844,0.002642093053228489,4,DOWN
2024-01-15,15555,-0.00025711898322532,6.427354824328738e-05,-0.0006425496590668942,0.003216884971891625,-0.00025773196018951235,0.0015808080585599125,0.0026595095025170284,0.00212601468882867,0,UP
2024-01-16,15592,0.0023758318556593105,-0.00025711898322532,6.427354824328738e-05,-0.0006425496590668942,0.003216884971891625,0.001728410775715879,0.0018172271240169966,0.004768655754607609,1,UP
2024-01-17,15639,0.003009832248818878,0.0023758318556593105,-0.00025711898322532,6.427354824328738e-05,-0.0006425496590668942,0.001661760277826387,0.001913951540743036,0.0045606372045221555,2,DOWN
2024-01-18,15630,-0.0005756500206933352,0.003009832248818878,0.0023758318556593105,-0.00025711898322532,6.427354824328738e-05,0.0016463316884031015,0.0019244238928113589,0.004627844195912001,3,DOWN
2024-01-19,15628,-0.00012796724056111534,-0.0005756500206933352,0.003009832248818878,0.0023758318556593105,-0.00025711898322532,0.0016734342377035143,0.001913578204237334,0.004434732309274381,4,DOWN
2024-01-22,15627,-6.39897616600226e-05,-0.00012796724056111534,-0.0005756500206933352,0.003009832248818878,0.0023758318556593105,0.00164242352799588,0.0019162937987775813,0.0046287367405979385,0,UP
2024-01-23,15656,0.0018540426626108245,-6.39897616600226e-05,-0.00012796724056111534,-0.0005756500206933352,0.003009832248818878,0.0015404971185053512,0.0019330358650015902,0.004104669061056887,1,UP
2024-01-24,15719,0.004015941652325862,0.0018540426626108245,-6.39897616600226e-05,-0.00012796724056111534,-0.0005756500206933352,0.0019176974470844093,0.00193749627087382,0.005115416586738197,2,UP
2024-01-25,15767,0.003048976509243795,0.004015941652325862,0.0018540426626108245,-6.39897616600226e-05,-0.00012796724056111534,0.0018472865550681796,0.0014918744231606337,0.008765195137556026,3,UP
2024-01-26,15829,0.003924552448256694,0.003048976509243795,0.004015941652325862,0.0018540426626108245,-6.39897616600226e-05,0.0017032675714491257,0.0015954008890379648,0.01286153058612749,4,DOWN
2024-01-29,15825,-0.0002527326733613876,0.003924552448256694,0.003048976509243795,0.004015941652325862,0.0018540426626108245,0.0017763694581981284,0.0016328802206392293,0.012670378191591558,0,DOWN
2024-01-30,15796,-0.00183422460583686,-0.0002527326733613876,0.003924552448256694,0.003048976509243795,0.004015941652325862,0.0026647449228942746,0.0017521860473179354,0.008942258559018867,1,UP
2024-01-31,15803,0.0004430520025638121,-0.00183422460583686,-0.0002527326733613876,0.003924552448256694,0.003048976509243795,0.002379177417876075,0.0017544351499239675,0.005343851390037457,2,DOWN
2024-02-01,15775,-0.0017733869996898767,0.0004430520025638121,-0.00183422460583686,-0.0002527326733613876,0.003924552448256694,0.002351600496427824,0.0018424327806157274,0.0005073888501299084,3,DOWN
2024-02-02,15688,-0.005530319533231667,-0.0017733869996898767,0.0004430520025638121,-0.00183422460583686,-0.0002527326733613876,0.0023098664981568286,0.0023135959477512376,-0.008907701055025585,4,UP
2024-02-05,15705,0.0010830440965646933,-0.005530319533231667,-0.0017733869996898767,0.0004430520025638121,-0.00183422460583686,0.002592054617139752,0.002315566148162768,-0.00758293838862556,0,UP
2024-02-06,15734,0.0018448429164408752,0.0010830440965646933,-0.005530319533231667,-0.0017733869996898767,0.0004430520025638121,0.002975261690155428,0.0023229596145153005,-0.0039250443150165015,1,DOWN
2024-02-07,15685,-0.0031191342644092943,0.0018448429164408752,0.0010830440965646933,-0.005530319533231667,-0.0017733869996898767,0.003033145957802566,0.0023914163455156525,-0.007466936657596679,2,DOWN
2024-02-12,15612,-0.004664992324272916,-0.0031191342644092943,0.0018448429164408752,0.0010830440965646933,-0.005530319533231667,0.003356929175655091,0.002637887728532209,-0.010332805071315398,0,DOWN
2024-02-13,15585,-0.0017309360990681475,-0.004664992324272916,-0.0031191342644092943,0.0018448429164408752,0.0010830440965646933,0.0027561542478356654,0.0026721120066353953,-0.00656552779194286,1,UP
2024-02-15,15606,0.001346542475269147,-0.0017309360990681475,-0.004664992324272916,-0.0031191342644092943,0.0018448429164408752,0.002815410042922227,0.00268538139351656,-0.006303724928366727,3,UP
2024-02-16,15654,0.0030710196880768125,0.001346542475269147,-0.0017309360990681475,-0.004664992324272916,-0.0031191342644092943,0.003183344466398243,0.002719801215270879,-0.005084530316512015,4,DOWN
2024-02-19,15630,-0.0015343309492610842,0.0030710196880768125,0.001346542475269147,-0.0017309360990681475,-0.004664992324272916,0.0029953712145541714,0.0026617665468795914,-0.0035065349059610895,0,UP
2024-02-20,15659,0.0018536871299206044,-0.0015343309492610842,0.0030710196880768125,0.001346542475269147,-0.0017309360990681475,0.0021344566010717166,0.0026907694627285998,0.003010504739943576,1,DOWN
2024-02-21,15658,-6.386307758344844e-05,0.0018536871299206044,-0.0015343309492610842,0.0030710196880768125,0.001346542475269147,0.001779835342652827,0.00269053096143288,0.004683991017003564,2,DOWN
2024-02-22,15630,-0.001789824052337159,-6.386307758344844e-05,0.0018536871299206044,-0.0015343309492610842,0.0030710196880768125,0.0021187706068054777,0.0027234035350573826,0.0015378700499808495,3,DOWN
2024-02-23,15589,-0.0026266071028413925,-0.001789824052337159,-6.386307758344844e-05,0.0018536871299206044,-0.0015343309492610842,0.0017631122941056982,0.0027478738024734627,-0.004152293343554381,4,UP
2024-02-26,15635,0.00294645357926077,-0.0026266071028413925,-0.001789824052337159,-6.386307758344844e-05,0.0018536871299206044,0.0023560506053762983,0.0026705345293748057,0.00031989763275741545,0,UP
2024-02-27,15655,0.0012783638685645133,0.00294645357926077,-0.0026266071028413925,-0.001789824052337159,-6.386307758344844e-05,0.0022588361329101145,0.002582693570240432,-0.0002554441535219665,1,UP
2024-02-28,15673,0.001149131893562169,0.0012783638685645133,0.00294645357926077,-0.0026266071028413925,-0.001789824052337159,0.002321393642816142,0.0024093078249261845,0.0009579767530973893,2,UP
2024-02-29,15715,0.0026761835775998225,0.001149131893562169,0.0012783638685645133,0.00294645357926077,-0.0026266071028413925,0.002225668660314419,0.002511662672931694,0.005438259756877839,3,DOWN
2024-03-01,15696,-0.0012097674265236402,0.0026761835775998225,0.001149131893562169,0.0012783638685645133,0.00294645357926077,0.001651036245603546,0.0024960576887970106,0.006863814227981324,4,UP
2024-03-04,15723,0.0017187056651316857,-0.0012097674265236402,0.0026761835775998225,0.001149131893562169,0.0012783638685645133,0.0014347358645213427,0.002532548253924297,0.005628397825391707,0,UP
2024-03-05,15756,0.0020966366205205905,0.0017187056651316857,-0.0012097674265236402,0.0026761835775998225,0.001149131893562169,0.0015020456109846405,0.0025580466578442986,0.006451612903225712,1,DOWN
2024-03-06,15723,-0.0020966366205205688,0.0020966366205205905,0.0017187056651316857,-0.0012097674265236402,0.0026761835775998225,0.002141390609560027,0.002270685130799993,0.003190199706501584,2,DOWN
2024-03-07,15658,-0.004142640002416465,-0.0020966366205205688,0.0020966366205205905,0.0017187056651316857,-0.0012097674265236402,0.002632962452951496,0.002446822377585394,-0.003627107858733658,3,DOWN
2024-03-08,15603,-0.003518765026677345,-0.004142640002416465,-0.0020966366205205688,0.0020966366205205905,0.0017187056651316857,0.002925139217066137,0.002509813801914473,-0.0059250764525994315,4,DOWN
2024-03-13,15576,-0.0017319353891465444,-0.003518765026677345,-0.004142640002416465,-0.0020966366205205688,0.0020966366205205905,0.0024334941488111934,0.002449686683464652,-0.009349360809005947,2,UP
2024-03-14,15582,0.00038513383876772895,-0.0017319353891465444,-0.003518765026677345,-0.004142640002416465,-0.0020966366205205688,0.0017623477514207933,0.0022319576102582403,-0.011043412033511002,3,UP
2024-03-15,15624,0.002691791665711353,0.00038513383876772895,-0.0017319353891465444,-0.003518765026677345,-0.004142640002416465,0.002826544916836044,0.002280043001447795,-0.006296508299942771,4,UP
2024-03-18,15672,0.0030674870678618796,0.002691791665711353,0.00038513383876772895,-0.0017319353891465444,-0.003518765026677345,0.0028295366483870347,0.002359654648444434,0.0008941116362242152,0,UP
2024-03-19,15712,0.0025490709698704943,0.0030674870678618796,0.002691791665711353,0.00038513383876772895,-0.0017319353891465444,0.0020376628659436753,0.0023290463894550697,0.006985836057168404,1,UP
2024-03-20,15727,0.0009542288964782148,0.0025490709698704943,0.0030674870678618796,0.002691791665711353,0.00038513383876772895,0.0011828135834988764,0.0022986389708495,0.009694401643554285,2,DOWN
2024-03-21,15662,-0.004141584179842504,0.0009542288964782148,0.0025490709698704943,0.0030674870678618796,0.002691791665711353,0.0029988054966948135,0.0024710924173759483,0.005134129123347542,3,UP
2024-03-22,15773,0.007062221176591024,-0.004141584179842504,0.0009542288964782148,0.0025490709698704943,0.0030674870678618796,0.004056724489233463,0.0029309149094088986,0.009536610343061858,4,UP
2024-03-25,15795,0.0013938167487116287,0.007062221176591024,-0.004141584179842504,0.0009542288964782148,0.0025490709698704943,0.004004849369330941,0.0028938935879775267,0.00784839203675336,0,UP
2024-03-26,15797,0.00012661433291157308,0.0013938167487116287,0.007062221176591024,-0.004141584179842504,0.0009542288964782148,0.0040023477697974045,0.0028000422849379317,0.005409877800407248,1,UP
2024-03-27,15853,0.003538708274130549,0.00012661433291157308,0.0013938167487116287,0.007062221176591024,-0.004141584179842504,0.0041464905012042735,0.0028284533971102725,0.008011699624848934,2,UP
2024-03-28,15873,0.0012607957290137303,0.003538708274130549,0.00012661433291157308,0.0013938167487116287,0.007062221176591024,0.0027445111196893594,0.002828264543407231,0.01347209807176597,3,UP
2024-04-01,15909,0.0022654342329981674,0.0012607957290137303,0.003538708274130549,0.00012661433291157308,0.0013938167487116287,0.0012709541137999867,0.0028487130173115585,0.008622329296899656,0,UP
2024-04-02,15934,0.0015702041350717576,0.0022654342329981674,0.0012607957290137303,0.003538708274130549,0.00012661433291157308,0.0012621559422646223,0.0028198872298837957,0.008800253244697798,1,DOWN
2024-04-03,15923,-0.0006905860838852577,0.0015702041350717576,0.0022654342329981674,0.0012607957290137303,0.003538708274130549,0.0015462462310612067,0.0028038027574530484,0.007976198012280777,2,DOWN
2024-04-04,15907,-0.001005340958065593,-0.0006905860838852577,0.0015702041350717576,0.0022654342329981674,0.0012607957290137303,0.001445879411893864,0.00281875304003379,0.0034062953384217387,3,DOWN
2024-04-05,15873,-0.0021397113261190865,-0.001005340958065593,-0.0006905860838852577,0.0015702041350717576,0.0022654342329981674,0.0018482232975332573,0.0028578239552141567,0.0,4,UP
2024-04-16,16176,0.01890910968801131,-0.0021397113261190865,-0.001005340958065593,-0.0006905860838852577,0.0015702041350717576,0.008813109097092533,0.004977484968334716,0.01678295304544597,1,UP
2024-04-17,16240,0.00394867245541628,0.01890910968801131,-0.0021397113261190865,-0.001005340958065593,-0.0006905860838852577,0.008758482127795793,0.004828131649469717,0.019204217396761702,2,DOWN
2024-04-18,16177,-0.0038868543859749065,0.00394867245541628,0.01890910968801131,-0.0021397113261190865,-0.001005340958065593,0.009270268179416225,0.0048502238693939855,0.01595176788293662,3,UP
2024-04-19,16280,0.006346880226837295,-0.0038868543859749065,0.00394867245541628,0.01890910968801131,-0.0021397113261190865,0.009023171568315332,0.0048763776706331535,0.023448796127490956,4,DOWN
2024-04-22,16224,-0.003445733165621576,0.006346880226837295,-0.0038868543859749065,0.00394867245541628,0.01890910968801131,0.009283486880733119,0.005024821874495824,0.02211302211302213,0,UP
2024-04-23,16244,0.0012319824152786769,-0.003445733165621576,0.006346880226837295,-0.0038868543859749065,0.00394867245541628,0.004495939293666666,0.0050251334700930515,0.004203758654797163,1,DOWN
2024-04-24,16161,-0.005122677457544965,0.0012319824152786769,-0.003445733165621576,0.006346880226837295,-0.0038868543859749065,0.004750456495875527,0.005257266326331329,-0.004864532019704382,2,UP
2024-04-25,16208,0.0029040151398210742,-0.005122677457544965,0.0012319824152786769,-0.003445733165621576,0.006346880226837295,0.004680166602269244,0.005261462685620066,0.001916300921060765,3,UP
2024-04-26,16222,0.0008633981418254249,0.0029040151398210742,-0.005122677457544965,0.0012319824152786769,-0.003445733165621576,0.003400877417267881,0.005262046815437141,-0.003562653562653617,4,UP
2024-04-29,16249,0.0016630227724863005,0.0008633981418254249,0.0029040151398210742,-0.005122677457544965,0.0012319824152786769,0.0031316868279848845,0.0050888616282859876,0.0015409270216961701,0,UP
2024-04-30,16276,0.0016602617188044096,0.0016630227724863005,0.0008633981418254249,0.0029040151398210742,-0.005122677457544965,0.0031689145437370594,0.00493820837981369,0.001969958138389627,1,DOWN
2024-05-02,16202,-0.004556938731144073,0.0016602617188044096,0.0016630227724863005,0.0008633981418254249,0.0029040151398210742,0.0029232934176789474,0.005125093827632777,0.0025369717220469212,3,DOWN
2024-05-03,16094,-0.006688159684358412,-0.004556938731144073,0.0016602617188044096,0.0016630227724863005,0.0008633981418254249,0.003930664509962439,0.005423128740815656,-0.007033563672260601,4,DOWN
2024-05-06,16025,-0.004296528917207366,-0.006688159684358412,-0.004556938731144073,0.0016602617188044096,0.0016630227724863005,0.0038607597910877926,0.005507213595708615,-0.01214400197262977,0,UP
2024-05-07,16054,0.001808036902651343,-0.004296528917207366,-0.006688159684358412,-0.004556938731144073,0.0016602617188044096,0.00389967128363261,0.0055123426422353195,-0.01200073850698502,1,UP
2024-05-08,16081,0.0016804111625023867,0.001808036902651343,-0.004296528917207366,-0.006688159684358412,-0.004556938731144073,0.0039049418793536492,0.005504401641409179,-0.011980830670926479,2,UP
2024-05-13,16085,0.00024870981910212766,0.0016804111625023867,0.001808036902651343,-0.004296528917207366,-0.006688159684358412,0.0038353922905856597,0.00549928403721661,-0.007221330699913597,0,UP
2024-05-14,16131,0.002855725804661129,0.00024870981910212766,0.0016804111625023867,0.001808036902651343,-0.004296528917207366,0.002815817698769992,0.005516983096287618,0.00229899341369455,1,DOWN
2024-05-15,16070,-0.0037887067462294504,0.002855725804661129,0.00024870981910212766,0.0016804111625023867,0.001808036902651343,0.002602471071197594,0.005595456379611532,0.0028081123244929618,2,DOWN
2024-05-16,15944,-0.007871596838927658,-0.0037887067462294504,0.002855725804661129,0.00024870981910212766,0.0016804111625023867,0.004413127079675018,0.005877960913546062,-0.006851874922137791,3,UP
2024-05-17,15978,0.002130193149356588,-0.007871596838927658,-0.0037887067462294504,0.002855725804661129,0.00024870981910212766,0.004494808826430259,0.003952702196949544,-0.006405074311298997,4,UP
2024-05-20,15980,0.00012516427827843183,0.002130193149356588,-0.007871596838927658,-0.0037887067462294504,0.002855725804661129,0.004484596887653476,0.003810214391872148,-0.00652782095119675,0,UP
2024-05-21,16024,0.0027496580253884924,0.00012516427827843183,0.002130193149356588,-0.007871596838927658,-0.0037887067462294504,0.0044601505519966155,0.0038168510515163194,-0.006633190750728435,1,DOWN
2024-05-22,15995,-0.0018114249620357493,0.0027496580253884924,0.00012516427827843183,0.002130193149356588,-0.007871596838927658,0.004271432918709335,0.003469539788239233,-0.004667081518357152,2,UP
2024-05-27,16064,0.004304570107837356,-0.0018114249620357493,0.0027496580253884924,0.00012516427827843183,0.002130193149356588,0.002381181951254694,0.003598663954568933,0.007526342197691882,0,UP
2024-05-28,16095,0.0019279212414527516,0.004304570107837356,-0.0018114249620357493,0.0027496580253884924,0.00012516427827843183,0.002369480508186104,0.0036195513162639507,0.007322568531731077,1,UP
2024-05-29,16160,0.004030388342177809,0.0019279212414527516,0.004304570107837356,-0.0018114249620357493,0.0027496580253884924,0.0024616624756311906,0.003577485576328794,0.01126408010012514,2,UP
2024-05-30,16253,0.0057384540280896405,0.004030388342177809,0.0019279212414527516,0.004304570107837356,-0.0018114249620357493,0.0029338816962992897,0.0037506634201903625,0.014291063404892723,3,DOWN
2024-05-31,16251,-0.00012306177716740142,0.0057384540280896405,0.004030388342177809,0.0019279212414527516,0.004304570107837356,0.0022919058212268065,0.0037471152435743886,0.016005001562988452,4,DOWN
2024-06-03,16225,-0.0016011827537178662,-0.00012306177716740142,0.0057384540280896405,0.004030388342177809,0.0019279212414527516,0.0029824263688641777,0.003746050478463709,0.01002241035856577,0,DOWN
2024-06-04,16220,-0.0003082139028868143,-0.0016011827537178662,-0.00012306177716740142,0.0057384540280896405,0.004030388342177809,0.003157431066564404,0.0037238831603635995,0.00776638707673194,1,UP
2024-06-05,16282,0.003815154464519148,-0.0003082139028868143,-0.0016011827537178662,-0.00012306177716740142,0.0057384540280896405,0.0031163137198004696,0.003675304755899806,0.007549504950495001,2,DOWN
2024-06-06,16279,-0.00018426952541315036,0.003815154464519148,-0.0003082139028868143,-0.0016011827537178662,-0.00012306177716740142,0.0020464781704969044,0.003297793386054325,0.0015997046699069983,3,DOWN
2024-06-07,16218,-0.0037541971040072463,-0.00018426952541315036,0.003815154464519148,-0.0003082139028868143,-0.0016011827537178662,0.0027620533906861497,0.003257644121857424,-0.002030644268045001,4,UP
2024-06-10,16290,0.004429686091588258,-0.0037541971040072463,-0.00018426952541315036,0.003815154464519148,-0.0003082139028868143,0.003361674162773407,0.0033600090842246058,0.004006163328197143,0,UP
2024-06-11,16295,0.0003068896755710468,0.004429686091588258,-0.0037541971040072463,-0.00018426952541315036,0.003815154464519148,0.003322018011392756,0.0033535846014939243,0.0046239210850802515,1,UP
2024-06-12,16297,0.00012272950432676025,0.0003068896755710468,0.004429686091588258,-0.0037541971040072463,-0.00018426952541315036,0.002902142530399005,0.003354517931823346,0.0009212627441346211,2,DOWN
2024-06-13,16286,-0.0006751987489121198,0.00012272950432676025,0.0003068896755710468,0.004429686091588258,-0.0037541971040072463,0.0029259309415487432,0.003325370760819115,0.0004300018428651242,3,UP
2024-06-14,16374,0.0053888679093169346,-0.0006751987489121198,0.00012272950432676025,0.0003068896755710468,0.004429686091588258,0.002779333799406158,0.0033387789541013645,0.009618941916389234,4,DOWN
2024-06-19,16368,-0.00036650174498570223,0.0053888679093169346,-0.0006751987489121198,0.00012272950432676025,0.0003068896755710468,0.0025087755974000756,0.0026466709021188786,0.0047882136279926435,2,UP
2024-06-20,16420,0.0031718948150114934,-0.00036650174498570223,0.0053888679093169346,-0.0006751987489121198,0.00012272950432676025,0.002647012338889063,0.0026737259228619215,0.007671064743786538,3,UP
2024-06-21,16458,0.002311577159239031,0.0031718948150114934,-0.00036650174498570223,0.0053888679093169346,-0.0006751987489121198,0.0025350604402234393,0.0026650759065768,0.009879118856231273,4,DOWN
2024-06-24,16431,-0.0016418867138271879,0.002311577159239031,0.0031718948150114934,-0.00036650174498570223,0.0053888679093169346,0.0028089318059858768,0.002734423607007115,0.00890335257276198,0,DOWN
2024-06-25,16379,-0.0031697679694515,-0.0016418867138271879,0.002311577159239031,0.0031718948150114934,-0.00036650174498570223,0.0026581575693687114,0.002829778800714852,0.0003053621595212608,1,UP
2024-06-26,16435,0.0034131806159403335,-0.0031697679694515,-0.0016418867138271879,0.002311577159239031,0.0031718948150114934,0.0030191011484774224,0.0027847402017812197,0.004093352883675516,2,DOWN
2024-06-27,16421,-0.0008522036064823842,0.0034131806159403335,-0.0031697679694515,-0.0016418867138271879,0.002311577159239031,0.002759615964169022,0.002812672523301478,6.0901339829388945e-05,3,DOWN
2024-06-28,16394,-0.0016455892788613932,-0.0008522036064823842,0.0034131806159403335,-0.0031697679694515,-0.0016418867138271879,0.002489531015398599,0.002777220952263144,-0.003888686353141324,4,DOWN
2024-07-01,16355,-0.0023817532404916747,-0.0016455892788613932,-0.0008522036064823842,0.0034131806159403335,-0.0031697679694515,0.0025741720867943903,0.00259215493484639,-0.004625403201265921,0,UP
2024-07-02,16384,0.0017715878667499485,-0.0023817532404916747,-0.0016455892788613932,-0.0008522036064823842,0.0034131806159403335,0.002443187309101545,0.0026099470598946297,0.0003052689419378307,1,UP
2024-07-03,16387,0.00018308870698973903,0.0017715878667499485,-0.0023817532404916747,-0.0016455892788613932,-0.0008522036064823842,0.0016254258076797267,0.002567826019644472,-0.0029205962884089054,2,DOWN
2024-07-04,16341,-0.002811050494439937,0.00018308870698973903,0.0017715878667499485,-0.0023817532404916747,-0.0016455892788613932,0.0019160261771737732,0.002668148040127776,-0.004871810486572037,3,DOWN
2024-07-05,16312,-0.0017762537974930228,-0.002811050494439937,0.00018308870698973903,0.0017715878667499485,-0.0023817532404916747,0.0019282811451180023,0.0025798145065275306,-0.005001829937782087,4,DOWN
2024-07-08,16265,-0.0028854733468392734,-0.0017762537974930228,-0.002811050494439937,0.00018308870698973903,0.0017715878667499485,0.002028866434870676,0.00266436362188008,-0.005502904310608403,0,UP
2024-07-09,16281,0.0009832238240626491,-0.0028854733468392734,-0.0017762537974930228,-0.002811050494439937,0.00018308870698973903,0.0017627385655970959,0.0025239485279187194,-0.00628662109375,1,DOWN
2024-07-10,16256,-0.0015367123533060706,0.0009832238240626491,-0.0028854733468392734,-0.0017762537974930228,-0.002811050494439937,0.0015674073414209033,0.0023430600614683366,-0.007994141697687196,2,DOWN
2024-07-11,16200,-0.0034508291577329897,-0.0015367123533060706,0.0009832238240626491,-0.0028854733468392734,-0.0017762537974930228,0.0017100733321736385,0.0024562656422494767,-0.008628602900679239,3,DOWN
2024-07-12,16154,-0.0028435452182337733,-0.0034508291577329897,-0.0015367123533060706,0.0009832238240626491,-0.0028854733468392734,0.0017818932870149672,0.00251864545029607,-0.009686120647376173,4,UP
2024-07-15,16174,0.0012373176535259284,-0.0028435452182337733,-0.0034508291577329897,-0.0015367123533060706,0.0009832238240626491,0.0021539206461993767,0.002545436220513849,-0.005594835536427922,0,UP
2024-07-16,16203,0.0017913956052333822,0.0012373176535259284,-0.0028435452182337733,-0.0034508291577329897,-0.0015367123533060706,0.0023708095210772306,0.002225985554981293,-0.004790860512253525,1,DOWN
2024-07-17,16129,-0.004577516343818247,0.0017913956052333822,0.0012373176535259284,-0.0028435452182337733,-0.0034508291577329897,0.0028889701372232803,0.0024023790022577244,-0.0078125,2,UP
2024-07-18,16160,0.0019201591579038964,-0.004577516343818247,0.0017913956052333822,0.0012373176535259284,-0.0028435452182337733,0.003010154723340906,0.002309746026864047,-0.0024691358024691024,3,UP
2024-07-19,16199,0.0024104588450515867,0.0019201591579038964,-0.004577516343818247,0.0017913956052333822,0.0012373176535259284,0.002900143671267978,0.0023168475295356813,0.0027856877553547044,4,UP
2024-07-22,16228,0.0017886334061998584,0.0024104588450515867,0.0019201591579038964,-0.004577516343818247,0.0017913956052333822,0.0029426745732452665,0.0023769109782018783,0.003338691727463816,0,DOWN
2024-07-23,16204,-0.0014800200037566756,0.0017886334061998584,0.0024104588450515867,0.0019201591579038964,-0.004577516343818247,0.0029933211420102267,0.0023106767449297036,6.171696599399645e-05,1,UP
2024-07-24,16224,0.0012335020683285334,-0.0014800200037566756,0.0017886334061998584,0.0024104588450515867,0.0019201591579038964,0.0015419727113787718,0.002161116910629363,0.005890011780023574,2,UP
2024-07-25,16268,0.0027083606362054836,0.0012335020683285334,-0.0014800200037566756,0.0017886334061998584,0.0024104588450515867,0.0016720581866570773,0.0022862747987870986,0.006683168316831578,3,UP
2024-07-26,16294,0.001596953843471852,0.0027083606362054836,0.0012335020683285334,-0.0014800200037566756,0.0017886334061998584,0.0015778298018726492,0.0023131880426849978,0.0058645595407123,4,DOWN
2024-07-29,16286,-0.0004910988435104998,0.001596953843471852,0.0027083606362054836,0.0012335020683285334,-0.0014800200037566756,0.0016802492505089588,0.00226195574474315,0.0035740695094896857,0,UP
2024-07-30,16320,0.002085506491021361,-0.0004910988435104998,0.001596953843471852,0.0027083606362054836,0.0012335020683285334,0.001206331648012493,0.00227747595308822,0.007158726240434454,1,DOWN
2024-07-31,16294,-0.0015944076475109129,0.002085506491021361,-0.0004910988435104998,0.001596953843471852,0.0027083606362054836,0.0018242110284157065,0.0022965189108596924,0.004314595660749543,2,DOWN
2024-08-01,16243,-0.0031348951511913116,-0.0015944076475109129,0.002085506491021361,-0.0004910988435104998,0.001596953843471852,0.0021815950379581897,0.002316326370075921,-0.0015367592820260123,3,DOWN
2024-08-02,16234,-0.0005542383982747698,-0.0031348951511913116,-0.0015944076475109129,0.002085506491021361,-0.0004910988435104998,0.0019069253843921458,0.002291339500222384,-0.003682337056585272,4,DOWN
2024-08-05,16154,-0.004940111318879441,-0.0005542383982747698,-0.0031348951511913116,-0.0015944076475109129,0.002085506491021361,0.002654479072258411,0.002456327272816699,-0.008105120962790147,0,UP
2024-08-06,16183,0.001793611514643857,-0.004940111318879441,-0.0005542383982747698,-0.0031348951511913116,-0.0015944076475109129,0.0025536986612306593,0.0024858520608456703,-0.00839460784313728,1,DOWN
2024-08-07,16100,-0.005142036544331075,0.001793611514643857,-0.004940111318879441,-0.0005542383982747698,-0.0031348951511913116,0.0029792664577651135,0.0027014828305922966,-0.011906223149625639,2,DOWN
2024-08-08,15952,-0.0092350587709348,-0.005142036544331075,0.001793611514643857,-0.004940111318879441,-0.0005542383982747698,0.004309702997222527,0.003283048860786563,-0.01791540971495409,3,DOWN
2024-08-09,15914,-0.0023849882641394757,-0.0092350587709348,-0.005142036544331075,0.001793611514643857,-0.004940111318879441,0.004054824995781142,0.003269388399714955,-0.019711716151287417,4,UP
2024-08-12,15963,0.003074319326998896,-0.0023849882641394757,-0.0092350587709348,-0.005142036544331075,0.001793611514643857,0.005044534841437712,0.0033528509162868716,-0.011823696917172222,0,DOWN
2024-08-13,15885,-0.0048982765608624815,0.003074319326998896,-0.0023849882641394757,-0.0092350587709348,-0.005142036544331075,0.004521376707223507,0.0034286139768300306,-0.018414385466229977,1,DOWN
2024-08-14,15691,-0.012287968144548335,-0.0048982765608624815,0.003074319326998896,-0.0023849882641394757,-0.0092350587709348,0.005978844210579256,0.004199858629843213,-0.02540372670807456,2,DOWN
2024-08-15,15687,-0.0002549557028279496,-0.012287968144548335,-0.0048982765608624815,0.003074319326998896,-0.0023849882641394757,0.00578936222372646,0.004137698538316589,-0.01661233701103315,3,UP
2024-08-16,15716,0.0018469578221101874,-0.0002549557028279496,-0.012287968144548335,-0.0048982765608624815,0.003074319326998896,0.006256302295218952,0.004111610795023214,-0.012441875078547215,4,DOWN
2024-08-19,15591,-0.007985477001798821,0.0018469578221101874,-0.0002549557028279496,-0.012287968144548335,-0.0048982765608624815,0.005723432924661311,0.0042760474699417945,-0.02330389024619428,0,DOWN
2024-08-20,15480,-0.007144956532833424,-0.007985477001798821,0.0018469578221101874,-0.0002549557028279496,-0.012287968144548335,0.005828552150520031,0.004424677051588647,-0.025495750708215303,1,DOWN
2024-08-21,15456,-0.001551590691418833,-0.007144956532833424,-0.007985477001798821,0.0018469578221101874,-0.0002549557028279496,0.004334748627271788,0.004351316741553355,-0.01497673825759993,2,UP
2024-08-22,15579,0.00792657606012933,-0.001551590691418833,-0.007144956532833424,-0.007985477001798821,0.0018469578221101874,0.006593976303104153,0.004807803354931677,-0.0068846815834767705,3,DOWN
2024-08-23,15554,-0.0016060132575399838,0.00792657606012933,-0.001551590691418833,-0.007144956532833424,-0.007985477001798821,0.006347511136864335,0.004728632563414577,-0.010307966403665048,4,DOWN
2024-08-26,15380,-0.011249876195253696,-0.0016060132575399838,0.00792657606012933,-0.001551590691418833,-0.007144956532833424,0.007216207851919079,0.0051060567426594065,-0.013533448784555202,0,UP
2024-08-27,15509,0.008352536499817965,-0.011249876195253696,-0.0016060132575399838,0.00792657606012933,-0.001551590691418833,0.008115437435891989,0.0055945809759789114,0.0018733850129200036,1,DOWN
2024-08-28,15476,-0.0021300637390492595,0.008352536499817965,-0.011249876195253696,-0.0016060132575399838,0.00792657606012933,0.008153790319720732,0.005591053918532953,0.0012939958592133038,2,DOWN
2024-08-29,15409,-0.00433868253855021,-0.0021300637390492595,0.008352536499817965,-0.011249876195253696,-0.0016060132575399838,0.007038959517754324,0.0056038598057238315,-0.01091212529687402,3,UP
2024-08-30,15473,0.0041448152078192215,-0.00433868253855021,-0.0021300637390492595,0.008352536499817965,-0.011249876195253696,0.007606133668268819,0.0057910945986639735,-0.005207663623505221,4,UP
2024-09-02,15536,0.004063342041433547,0.0041448152078192215,-0.00433868253855021,-0.0021300637390492595,0.008352536499817965,0.0051586569129664995,0.005931532115043249,0.010143042912873934,0,UP
2024-09-03,15557,0.0013507865560152422,0.004063342041433547,0.0041448152078192215,-0.00433868253855021,-0.0021300637390492595,0.0037738024432690466,0.005917631134617544,0.0030949771100652335,1,DOWN
2024-09-04,15490,-0.004316043676207217,0.0013507865560152422,0.004063342041433547,0.0041448152078192215,-0.00433868253855021,0.004266255479563241,0.00589719370784505,0.0009046265184802227,2,DOWN
2024-09-05,15410,-0.0051780050967528265,-0.004316043676207217,0.0013507865560152422,0.004063342041433547,0.0041448152078192215,0.0044987218600521794,0.005699185701954775,6.489713803614627e-05,3,DOWN
2024-09-06,15372,-0.0024689766294268465,-0.0051780050967528265,-0.004316043676207217,0.0013507865560152422,0.004063342041433547,0.003914510773609832,0.005699725903834322,-0.0065274995152846405,4,UP
2024-09-09,15446,0.004802397444474593,-0.0024689766294268465,-0.0051780050967528265,-0.004316043676207217,0.0013507865560152422,0.004173506005301502,0.005788832080679347,-0.005792996910401693,0,UP
2024-09-10,15447,6.473958504187663e-05,0.004802397444474593,-0.0024689766294268465,-0.0051780050967528265,-0.004316043676207217,0.0040166124241113495,0.005748319823918149,-0.007070771999742931,1,DOWN
2024-09-11,15415,-0.0020737483940002728,6.473958504187663e-05,0.004802397444474593,-0.0024689766294268465,-0.0051780050967528265,0.003727054937577835,0.005152769405661241,-0.004841833440929588,2,UP
2024-09-12,15421,0.0003891555374056737,-0.0020737483940002728,6.473958504187663e-05,0.004802397444474593,-0.0024689766294268465,0.0028945248630522177,0.005158938942416252,0.0007138221933808975,3,DOWN
2024-09-13,15405,-0.001038084826888148,0.0003891555374056737,-0.0020737483940002728,6.473958504187663e-05,0.004802397444474593,0.0026304451045848164,0.005119593559108728,0.002146760343481713,4,DOWN
2024-09-17,15338,-0.004358722705963712,-0.001038084826888148,0.0003891555374056737,-0.0020737483940002728,6.473958504187663e-05,0.0019160795660846928,0.0049194369312056275,-0.006992101514955329,1,UP
2024-09-18,15350,0.0007820646905385841,-0.004358722705963712,-0.001038084826888148,0.0003891555374056737,-0.0020737483940002728,0.0020738404772240506,0.004697169409134408,-0.006279536479575354,2,DOWN
2024-09-19,15287,-0.004112680014309054,0.0007820646905385841,-0.004358722705963712,-0.001038084826888148,0.0003891555374056737,0.002441718015585218,0.004764029063494975,-0.00830360038923128,3,DOWN
2024-09-20,15100,-0.012308050198018408,-0.004112680014309054,0.0007820646905385841,-0.004358722705963712,-0.001038084826888148,0.005014771185358839,0.005011366268869393,-0.020815770702289127,4,UP
2024-09-23,15191,0.006008403404647042,-0.012308050198018408,-0.004112680014309054,0.0007820646905385841,-0.004358722705963712,0.006800273847086375,0.00528933314322549,-0.013891593638429067,0,DOWN
2024-09-24,15186,-0.0003291964344835637,0.006008403404647042,-0.012308050198018408,-0.004112680014309054,0.0007820646905385841,0.006807807660957516,0.004729183196996292,-0.009910027382970421,1,DOWN
2024-09-25,15092,-0.00620914868897802,-0.0003291964344835637,0.006008403404647042,-0.012308050198018408,-0.004112680014309054,0.006813589179002603,0.004380820673311045,-0.0168078175895765,2,UP
2024-09-26,15171,0.0052209086638916975,-0.00620914868897802,-0.0003291964344835637,0.006008403404647042,-0.012308050198018408,0.007776644596233024,0.004615161914105402,-0.007588146791391415,3,DOWN
2024-09-27,15138,-0.0021775718789799267,0.0052209086638916975,-0.00620914868897802,-0.0003291964344835637,0.006008403404647042,0.0051356373708736375,0.004557702763324499,0.0025165562913906925,4,UP
2024-09-30,15144,0.0003962750200461179,-0.0021775718789799267,0.0052209086638916975,-0.00620914868897802,-0.0003291964344835637,0.004150247238262118,0.0044147130362720095,-0.0030939371996576703,0,UP
2024-10-01,15204,0.003954137219980694,0.0003962750200461179,-0.0021775718789799267,0.0052209086638916975,-0.00620914868897802,0.004638556172491034,0.004408086374897455,0.0011853022520742496,1,UP
2024-10-02,15247,0.0028242112627676883,0.003954137219980694,0.0003962750200461179,-0.0021775718789799267,0.0052209086638916975,0.0029532511059545937,0.004462823498612575,0.010270341902995028,2,UP
2024-10-03,15394,0.009595060722355723,0.0028242112627676883,0.003954137219980694,0.0003962750200461179,-0.0021775718789799267,0.004415582218458275,0.004974568352039639,0.014699096961307667,3,UP
2024-10-04,15495,0.006539568127585829,0.009595060722355723,0.0028242112627676883,0.003954137219980694,0.0003962750200461179,0.00353324556233418,0.005060445328389412,0.023583036068172802,4,UP
2024-10-07,15680,0.01186862368255016,0.006539568127585829,0.009595060722355723,0.0028242112627676883,0.003954137219980694,0.003786647140067673,0.005634281026414173,0.03539355520338083,0,DOWN
2024-10-08,15671,-0.0005741443811827803,0.01186862368255016,0.006539568127585829,0.009595060722355723,0.0028242112627676883,0.005023656875030851,0.005570810954537818,0.0307156011575902,1,DOWN
2024-10-09,15607,-0.004092338980662456,-0.0005741443811827803,0.01186862368255016,0.006539568127585829,0.009595060722355723,0.006779588680689014,0.005673278200130396,0.023611202203712267,2,UP
2024-10-10,15658,0.0032624369253058624,-0.004092338980662456,-0.0005741443811827803,0.01186862368255016,0.006539568127585829,0.006195207063342149,0.00567058965305489,0.0171495387813434,3,DOWN
2024-10-11,15609,-0.003134297509446242,0.0032624369253058624,-0.004092338980662456,-0.0005741443811827803,0.01186862368255016,0.006474214693442479,0.005737773253323638,0.007357212003872293,4,DOWN
2024-10-14,15581,-0.0017954477410585734,-0.003134297509446242,0.0032624369253058624,-0.004092338980662456,-0.0005741443811827803,0.002861138096820542,0.005751676459558931,-0.006313775510204067,0,DOWN
2024-10-15,15555,-0.0016700928856171857,-0.0017954477410585734,-0.003134297509446242,0.0032624369253058624,-0.004092338980662456,0.0028366877197206785,0.005661173683054157,-0.007402207899942614,1,DOWN
2024-10-16,15536,-0.0012222188006312527,-0.0016700928856171857,-0.0017954477410585734,-0.003134297509446242,0.0032624369253058624,0.002440079418463652,0.005677406560837622,-0.004549240725315595,2,DOWN
2024-10-17,15516,-0.0012881619712483943,-0.0012222188006312527,-0.0016700928856171857,-0.0017954477410585734,-0.003134297509446242,0.0007730824771049963,0.005588382291254425,-0.009068846595989277,3,DOWN
2024-10-18,15466,-0.003227683390877023,-0.0012881619712483943,-0.0012222188006312527,-0.0016700928856171857,-0.0017954477410585734,0.0008128183600871584,0.004783061925646336,-0.009161381254404466,4,DOWN
2024-10-21,15465,-6.46600498107744e-05,-0.003227683390877023,-0.0012881619712483943,-0.0012222188006312527,-0.0016700928856171857,0.0011397271849632378,0.004652558357968432,-0.007444965021500494,0,UP
2024-10-22,15560,0.006124112613212525,-6.46600498107744e-05,-0.003227683390877023,-0.0012881619712483943,-0.0012222188006312527,0.0035727929639522487,0.004785161873729289,0.00032144005143042165,1,UP
2024-10-23,15620,0.0038486256612944563,0.006124112613212525,-6.46600498107744e-05,-0.003227683390877023,-0.0012881619712483943,0.0038269740654073106,0.00448264506816428,0.0054067971163749284,2,DOWN
2024-10-24,15593,-0.001730048808791484,0.0038486256612944563,0.006124112613212525,-6.46600498107744e-05,-0.003227683390877023,0.0038997012546208936,0.0044663061144384715,0.004962619231760668,3,UP
2024-10-25,15629,0.0023060672573082066,-0.001730048808791484,0.0038486256612944563,0.006124112613212525,-6.46600498107744e-05,0.0031084004796478244,0.004390656388287402,0.01053924738135259,4,UP
2024-10-28,15729,0.006377979398448932,0.0023060672573082066,-0.001730048808791484,0.0038486256612944563,0.006124112613212525,0.0033167541331080882,0.0045068272193494715,0.017070805043646997,0,UP
2024-10-29,15760,0.0019689421712277416,0.006377979398448932,0.0023060672573082066,-0.001730048808791484,0.0038486256612944563,0.002960393177281842,0.004480877819383947,0.01285347043701801,1,DOWN
2024-10-30,15732,-0.001778229860169922,0.0019689421712277416,0.006377979398448932,0.0023060672573082066,-0.001730048808791484,0.0033844901515544,0.004543035366960527,0.007170294494238227,2,DOWN
2024-10-31,15705,-0.0017177215789531985,-0.001778229860169922,0.0019689421712277416,0.006377979398448932,0.0023060672573082066,0.0033816169468191574,0.004180503698751403,0.00718271019047001,3,UP
2024-11-01,15723,0.0011454754975289804,-0.0017177215789531985,-0.001778229860169922,0.0019689421712277416,0.006377979398448932,0.003346216722673852,0.003973172239208548,0.006014460298163771,4,UP
2024-11-04,15751,0.0017792468314595353,0.0011454754975289804,-0.0017177215789531985,-0.001778229860169922,0.0019689421712277416,0.001875934112283018,0.003007756132240248,0.0013986903172484855,0,UP
2024-11-05,15766,0.000951867318118107,0.0017792468314595353,0.0011454754975289804,-0.0017177215789531985,-0.001778229860169922,0.0016931905211261178,0.0030057479004041393,0.00038071065989853103,1,UP
2024-11-06,15840,0.004682663748563265,0.000951867318118107,0.0017792468314595353,0.0011454754975289804,-0.0017177215789531985,0.0022858521648982458,0.0029707563658112547,0.006864988558352492,2,DOWN
2024-11-07,15767,-0.004619238130935044,0.004682663748563265,0.000951867318118107,0.0017792468314595353,0.0011454754975289804,0.003374308871055058,0.003136793873515279,0.00394778732887624,3,DOWN
2024-11-08,15671,-0.006107277714265751,-0.004619238130935044,0.004682663748563265,0.000951867318118107,0.0017792468314595353,0.00453983661349563,0.003372064335273969,-0.003307256884818366,4,UP
2024-11-11,15677,0.00038279954531510093,-0.006107277714265751,-0.004619238130935044,0.004682663748563265,0.000951867318118107,0.004392631430663991,0.0033393010920805015,-0.00469811440543455,0,UP
2024-11-12,15771,0.005978140419026661,0.00038279954531510093,-0.006107277714265751,-0.004619238130935044,0.004682663748563265,0.005395093400254636,0.00353325551550297,0.00031713814537615015,1,UP
2024-11-13,15782,0.0006972395934225623,0.005978140419026661,0.00038279954531510093,-0.006107277714265751,-0.004619238130935044,0.004804053111124929,0.003504546226110978,-0.003661616161616199,2,UP
2024-11-14,15873,0.00574950249126112,0.0006972395934225623,0.005978140419026661,0.00038279954531510093,-0.006107277714265751,0.004943363676143535,0.003636219508523522,0.006722902264222785,3,UP
2024-11-15,15888,0.000944554712712409,0.00574950249126112,0.0006972395934225623,0.005978140419026661,0.00038279954531510093,0.002850219321573162,0.0034893272908667625,0.01384723374385799,4,DOWN
2024-11-18,15848,-0.002520797906566932,0.000944554712712409,0.00574950249126112,0.0006972395934225623,0.005978140419026661,0.0036396804644516427,0.003583538662941559,0.010907699177138408,0,DOWN
2024-11-19,15816,-0.0020212235279340016,-0.002520797906566932,0.000944554712712409,0.00574950249126112,0.0006972395934225623,0.003288282156760082,0.003457890849181241,0.0028533384059350464,1,UP
2024-11-20,15858,0.002652018981891414,-0.0020212235279340016,-0.002520797906566932,0.000944554712712409,0.00574950249126112,0.003420750846212089,0.0034127127335706626,0.004815612723355622,2,UP
2024-11-21,15942,0.005283031155524213,0.002652018981891414,-0.0020212235279340016,-0.002520797906566932,0.000944554712712409,0.003260086161974118,0.003502920502113512,0.004347004347004413,3,DOWN
2024-11-22,15911,-0.0019464420800120346,0.005283031155524213,0.002652018981891414,-0.0020212235279340016,-0.002520797906566932,0.0034911854614696194,0.0035549671271734554,0.001447633434038309,4,DOWN
2024-11-25,15864,-0.0029583027082246177,-0.0019464420800120346,0.005283031155524213,0.002652018981891414,-0.0020212235279340016,0.003583486775487075,0.0034068684126343863,0.001009591115598285,0,UP
2024-11-26,15930,0.0041517327044623435,-0.0029583027082246177,-0.0019464420800120346,0.005283031155524213,0.002652018981891414,0.003687965729348439,0.0034927349452447444,0.007207890743550882,1,DOWN
2024-11-28,15864,-0.004151732704462324,0.0041517327044623435,-0.0029583027082246177,-0.0019464420800120346,0.005283031155524213,0.004327116784246735,0.0036137485885098606,0.0003783579265985715,3,DOWN
2024-11-29,15856,-0.000504413629862683,-0.004151732704462324,0.0041517327044623435,-0.0029583027082246177,-0.0019464420800120346,0.003217786301733972,0.0035860906315272403,-0.005394555262827727,4,UP
2024-12-02,15905,0.003085547613475328,-0.000504413629862683,-0.004151732704462324,0.0041517327044623435,-0.0029583027082246177,0.003639090193569772,0.0036310412124478555,-0.0003770976054302544,0,UP
2024-12-03,15950,0.0028253040297461975,0.003085547613475328,-0.000504413629862683,-0.004151732704462324,0.0041517327044623435,0.003405335319232911,0.00365673681620167,0.0054210791729703,1,UP
2024-12-04,15957,0.00043877519743671804,0.0028253040297461975,0.003085547613475328,-0.000504413629862683,-0.004151732704462324,0.0029416497464703414,0.003656143018347566,0.0016949152542373724,2,DOWN
2024-12-05,15892,-0.004081766475937725,0.00043877519743671804,0.0028253040297461975,0.003085547613475328,-0.000504413629862683,0.002914994528560607,0.0036665414137642023,0.0017650025214321907,3,DOWN
2024-12-06,15848,-0.0027725285561027,-0.004081766475937725,0.00043877519743671804,0.0028253040297461975,0.003085547613475328,0.0032400719425355494,0.003561495691055508,-0.0005045408678102659,4,UP
2024-12-09,15861,0.0008199565251731171,-0.0027725285561027,-0.004081766475937725,0.00043877519743671804,0.0028253040297461975,0.002813363649651344,0.0032316307766396576,-0.0027664256523105557,0,UP
2024-12-10,15874,0.0008192847472609586,0.0008199565251731171,-0.0027725285561027,-0.004081766475937725,0.00043877519743671804,0.0023087466649656337,0.0032315423441443506,-0.004764890282131673,1,UP
2024-12-11,15905,0.001950974532423624,0.0008192847472609586,0.0008199565251731171,-0.0027725285561027,-0.004081766475937725,0.0026156618352083843,0.0029973739795142503,-0.0032587579118882326,2,UP
2024-12-12,15939,0.0021354109358083895,0.001950974532423624,0.0008192847472609586,0.0008199565251731171,-0.0027725285561027,0.0019781679976732633,0.003021453022016497,0.002957462874402239,3,UP
2024-12-13,15987,0.0030069558458389253,0.0021354109358083895,0.001950974532423624,0.0008192847472609586,0.0008199565251731171,0.0009354172095918936,0.0028263620940521695,0.008770822816759116,4,UP
2024-12-16,16019,0.001999625736591629,0.0030069558458389253,0.0021354109358083895,0.001950974532423624,0.0008192847472609586,0.0007789814491062773,0.002847655981144771,0.00996154088645107,0,UP
2024-12-17,16050,0.001933331856678364,0.001999625736591629,0.0030069558458389253,0.0021354109358083895,0.001950974532423624,0.0004551061923996116,0.0027796976812472667,0.011087312586619547,1,UP
2024-12-18,16100,0.00311042241439233,0.001933331856678364,0.001999625736591629,0.0030069558458389253,0.0021354109358083895,0.0005732105004712612,0.002758535572007806,0.012260295504558316,2,UP
2024-12-19,16277,0.010933796418943749,0.00311042241439233,0.001933331856678364,0.001999625736591629,0.0030069558458389253,0.003805717044614576,0.0035461389356406356,0.021205847292803837,3,DOWN
2024-12-20,16270,-0.0004301471784147289,0.010933796418943749,0.00311042241439233,0.001933331856678364,0.001999625736591629,0.004346386038684033,0.0034371721140872918,0.017701882779758593,4,DOWN
2024-12-23,16159,-0.00684575124083564,-0.0004301471784147289,0.010933796418943749,0.00311042241439233,0.001933331856678364,0.006420007593320097,0.0038135646418606655,0.008739621699232147,0,UP
2024-12-24,16208,0.003027777516216672,-0.00684575124083564,-0.0004301471784147289,0.010933796418943749,0.00311042241439233,0.006446834458264273,0.003739463074150792,0.00984423676012458,1,UP
2024-12-27,16251,0.002649497837543979,0.003027777516216672,-0.00684575124083564,-0.0004301471784147289,0.010933796418943749,0.006429529997372624,0.0036891083949352186,0.009378881987577747,4,DOWN
2024-12-30,16162,-0.005491637532615602,0.002649497837543979,0.003027777516216672,-0.00684575124083564,-0.0004301471784147289,0.0045645464135328296,0.0037980984060212134,-0.007065184001965985,0,DOWN
2024-12-31,16157,-0.0003094155165624025,-0.005491637532615602,0.002649497837543979,0.003027777516216672,-0.00684575124083564,0.004571393101755976,0.0037944695389677883,-0.006945298094652719,1,UP
2025-01-02,16236,0.004877606681957852,-0.0003094155165624025,-0.005491637532615602,0.002649497837543979,0.003027777516216672,0.004053158187376994,0.003868236441967264,0.004765146358066685,3,DOWN
2025-01-03,16217,-0.001170924239413968,0.004877606681957852,-0.0003094155165624025,-0.005491637532615602,0.002649497837543979,0.00394886492591541,0.0038738207688941953,0.0005552813425468983,4,DOWN
2025-01-06,16193,-0.0014810246459035596,-0.001170924239413968,0.004877606681957852,-0.0003094155165624025,-0.005491637532615602,0.0037098744934717454,0.003907664501362801,-0.00356901113777619,0,DOWN
2025-01-07,16169,-0.0014832213336562262,-0.0014810246459035596,-0.001170924239413968,0.004877606681957852,-0.0003094155165624025,0.002720924777469754,0.0037802357308546375,0.00043311471352547315,1,UP
2025-01-08,16201,0.001977139970603567,-0.0014832213336562262,-0.0014810246459035596,-0.001170924239413968,0.004877606681957852,0.0028277797524050084,0.003687819487690906,0.002723277836232052,2,UP
2025-01-09,16238,0.00228120571197361,0.001977139970603567,-0.0014832213336562262,-0.0014810246459035596,-0.001170924239413968,0.0019283665772854477,0.0036964133758741985,0.0001231830500123543,3,DOWN
2025-01-10,16194,-0.0027133711763321073,0.00228120571197361,0.001977139970603567,-0.0014832213336562262,-0.0014810246459035596,0.002261961445717128,0.003797309764641458,-0.00141826478386875,4,UP
2025-01-13,16281,0.005357980485454952,-0.0027133711763321073,0.00228120571197361,0.001977139970603567,-0.0014832213336562262,0.0032213569705386424,0.003916853918522988,0.0054344469832643405,0,DOWN
2025-01-14,16265,-0.0009832238240626819,0.005357980485454952,-0.0027133711763321073,0.00228120571197361,0.001977139970603567,0.0031281546339475552,0.003938343049900489,0.005937287401818203,1,UP
2025-01-15,16311,0.0028241669065784177,-0.0009832238240626819,0.005357980485454952,-0.0027133711763321073,0.00228120571197361,0.0032038680638122345,0.00393367997087133,0.006789704339238423,2,UP
2025-01-16,16378,0.004099244016103129,0.0028241669065784177,-0.0009832238240626819,0.005357980485454952,-0.0027133711763321073,0.0034306355627844445,0.003989295962697855,0.008621751447222659,3,DOWN
2025-01-17,16373,-0.00030533419064122095,0.004099244016103129,0.0028241669065784177,-0.0009832238240626819,0.005357980485454952,0.002755864472144432,0.003996325258740858,0.011053476596270206,4,DOWN
2025-01-20,16372,-6.10780271986558e-05,-0.00030533419064122095,0.004099244016103129,0.0028241669065784177,-0.0009832238240626819,0.0022152886672528057,0.003970860474022699,0.0055893372642958905,0,DOWN
2025-01-21,16331,-0.002507416535550292,-6.10780271986558e-05,-0.00030533419064122095,0.004099244016103129,0.0028241669065784177,0.0026402648658199745,0.0032428974843627762,0.0040577928066400926,1,DOWN
2025-01-22,16327,-0.00024496295057885585,-0.002507416535550292,-6.10780271986558e-05,-0.00030533419064122095,0.004099244016103129,0.0024008148710162863,0.0032413709656238334,0.0009809331126233722,2,DOWN
2025-01-23,16276,-0.0031285490045838324,-0.00024496295057885585,-0.002507416535550292,-6.10780271986558e-05,-0.00030533419064122095,0.0014513846588363889,0.0029069413904696706,-0.006227866650384661,3,DOWN
2025-01-24,16200,-0.004680387901105104,-0.0031285490045838324,-0.00024496295057885585,-0.002507416535550292,-6.10780271986558e-05,0.001967083640543518,0.0030425464182743415,-0.010566176021498785,4,UP
2025-01-30,16259,0.0036353593750797267,-0.004680387901105104,-0.0031285490045838324,-0.00024496295057885585,-0.002507416535550292,0.003227346277332178,0.00309567406816143,-0.006902027852430992,3,UP
2025-01-31,16312,0.003254431658736003,0.0036353593750797267,-0.004680387901105104,-0.0031285490045838324,-0.00024496295057885585,0.0037178619515559914,0.0028860724890371944,-0.0011634315106239246,4,UP
2025-02-03,16453,0.008606798132359088,0.003254431658736003,0.0036353593750797267,-0.004680387901105104,-0.0031285490045838324,0.00542581762552442,0.0034030030659510414,0.007717278128253735,0,DOWN
2025-02-04,16365,-0.005362923451369244,0.008606798132359088,0.003254431658736003,0.0036353593750797267,-0.004680387901105104,0.005970834706427585,0.0035418234500646925,0.005468173998525394,1,DOWN
2025-02-05,16308,-0.00348912299613685,-0.005362923451369244,0.008606798132359088,0.003254431658736003,0.0036353593750797267,0.00570063757262987,0.0036325615762962038,0.006666666666666599,2,UP
2025-02-06,16330,0.0013481220253667935,-0.00348912299613685,-0.005362923451369244,0.008606798132359088,0.003254431658736003,0.005559303861986523,0.003615429329248751,0.004366812227074135,3,DOWN
2025-02-07,16325,-0.00030623181987893684,0.0013481220253667935,-0.00348912299613685,-0.005362923451369244,0.008606798132359088,0.005403614174353432,0.0035923033647726624,0.0007969592937715486,4,UP
2025-02-10,16350,0.0015302221807675365,-0.00030623181987893684,0.0013481220253667935,-0.00348912299613685,-0.005362923451369244,0.003053694635600628,0.003583881019726436,-0.006260256488178406,0,UP
2025-02-11,16380,0.0018331810816609117,0.0015302221807675365,-0.00030623181987893684,0.0013481220253667935,-0.00348912299613685,0.0022146923792570306,0.003573268005420906,0.0009165902841430373,1,DOWN
2025-02-12,16364,-0.0009772783577712298,0.0018331810816609117,0.0015302221807675365,-0.00030623181987893684,0.0013481220253667935,0.0012468118535838946,0.0035133357227857456,0.003433897473632541,2,UP
2025-02-13,16365,6.110788599178674e-05,-0.0009772783577712298,0.0018331810816609117,0.0015302221807675365,-0.00030623181987893684,0.0012080915589380496,0.003324165813885091,0.002143294549908248,3,DOWN
2025-02-14,16285,-0.00490046922494706,6.110788599178674e-05,-0.0009772783577712298,0.0018331810816609117,0.0015302221807675365,0.0027143997857312103,0.0035112449501769082,-0.00245022970903519,4,DOWN
2025-02-17,16208,-0.004739491221869199,-0.00490046922494706,6.110788599178674e-05,-0.0009772783577712298,0.0018331810816609117,0.0029823968941000366,0.003604119535732355,-0.008685015290519904,0,UP
2025-02-18,16275,0.004125240588305432,-0.004739491221869199,-0.00490046922494706,6.110788599178674e-05,-0.0009772783577712298,0.0037477500801309173,0.00360580028200671,-0.0064102564102563875,1,UP
2025-02-19,16357,0.005025752181755548,0.004125240588305432,-0.004739491221869199,-0.00490046922494706,6.110788599178674e-05,0.004709572484426573,0.0037984852680891016,-0.0004277682718162312,2,DOWN
2025-02-20,16344,-0.0007950827610676679,0.005025752181755548,0.004125240588305432,-0.004739491221869199,-0.00490046922494706,0.004718462939936688,0.003802153412370351,-0.0012832263978002079,3,DOWN
2025-02-21,16300,-0.0026957497026042308,-0.0007950827610676679,0.005025752181755548,0.004125240588305432,-0.004739491221869199,0.004256414826159393,0.0038086947560523935,0.000921093030396003,4,UP
2025-02-24,16303,0.0001840321448006641,-0.0026957497026042308,-0.0007950827610676679,0.005025752181755548,0.004125240588305432,0.0032930976567994525,0.0038090137474238103,0.00586130306021726,0,UP
2025-02-25,16316,0.0007970814977947373,0.0001840321448006641,-0.0026957497026042308,-0.0007950827610676679,0.005025752181755548,0.0028530917448662168,0.00374389043194142,0.002519201228878609,1,UP
2025-02-26,16387,0.004342116108774968,0.0007970814977947373,0.0001840321448006641,-0.0026957497026042308,-0.0007950827610676679,0.002586061974246484,0.003677675196936814,0.001834077153512359,2,UP
2025-02-27,16431,0.002681456905606996,0.004342116108774968,0.0007970814977947373,0.0001840321448006641,-0.0026957497026042308,0.0026619304238252608,0.0036418928135406752,0.005323054331864974,3,UP
2025-02-28,16575,0.008725741602232282,0.002681456905606996,0.004342116108774968,0.0007970814977947373,0.0001840321448006641,0.0034231020560586576,0.004041216573811535,0.016871165644171793,4,DOWN
2025-03-03,16506,-0.0041715849014336785,0.008725741602232282,0.002681456905606996,0.004342116108774968,0.0007970814977947373,0.0047326794456279695,0.0037409285204299736,0.012451696006869906,0,DOWN
2025-03-04,16443,-0.0038240964384033942,-0.0041715849014336785,0.008725741602232282,0.002681456905606996,0.004342116108774968,0.005526862091403388,0.003635684534859041,0.007783770531993195,1,DOWN
2025-03-05,16371,-0.004388377859884419,-0.0038240964384033942,-0.0041715849014336785,0.008725741602232282,0.002681456905606996,0.005797016920030689,0.003689365068741059,-0.0009763837188014879,2,DOWN
2025-03-06,16315,-0.0034265468269206157,-0.004388377859884419,-0.0038240964384033942,-0.0041715849014336785,0.008725741602232282,0.00568164640057695,0.0037643882555853493,-0.0070598259387743,3,UP
2025-03-07,16336,0.001286331377025891,-0.0034265468269206157,-0.004388377859884419,-0.0038240964384033942,-0.0041715849014336785,0.002371110243657336,0.003775420299565674,-0.014419306184012104,4,DOWN
2025-03-10,16326,-0.000612332393145477,0.001286331377025891,-0.0034265468269206157,-0.004388377859884419,-0.0038240964384033942,0.0024293031010799654,0.0037610912042940303,-0.010905125408942173,0,UP
2025-03-11,16430,0.006350003020012573,-0.000612332393145477,0.001286331377025891,-0.0034265468269206157,-0.004388377859884419,0.004278612782944956,0.004009040718564119,-0.000790609986012325,1,UP
2025-03-12,16453,0.001398899355336264,0.006350003020012573,-0.000612332393145477,0.001286331377025891,-0.0034265468269206157,0.003572728948798142,0.004009009940680979,0.005008857125404775,2,DOWN
2025-03-13,16428,-0.0015206353102009216,0.001398899355336264,0.006350003020012573,-0.000612332393145477,0.001286331377025891,0.0030452066250117407,0.004028925009082803,0.00692614158749616,3,DOWN
2025-03-14,16392,-0.0021937851577135507,-0.0015206353102009216,0.001398899355336264,0.006350003020012573,-0.000612332393145477,0.003443733886547741,0.0038919910991382944,0.00342801175318308,4,DOWN
2025-03-17,16379,-0.000793384436356109,-0.0021937851577135507,-0.0015206353102009216,0.001398899355336264,0.006350003020012573,0.003461683085068925,0.0037177249630458743,0.003246355506554055,0,UP
2025-03-18,16432,0.0032306266859598973,-0.000793384436356109,-0.0021937851577135507,-0.0015206353102009216,0.001398899355336264,0.002244180747625005,0.003677286797602217,0.00012172854534386879,1,UP
2025-03-19,16528,0.0058252591910802455,0.0032306266859598973,-0.000793384436356109,-0.0021937851577135507,-0.0015206353102009216,0.0034636710744892336,0.0037332239546027024,0.004558439190421204,2,DOWN
2025-03-20,16481,-0.0028477101252397507,0.0058252591910802455,0.0032306266859598973,-0.000793384436356109,-0.0021937851577135507,0.0037365499606295447,0.0037989168812820164,0.003226199172145172,3,UP
2025-03-21,16501,0.0012127828786248798,-0.0028477101252397507,0.0058252591910802455,0.0032306266859598973,-0.000793384436356109,0.0033836149167589063,0.0037302531137807277,0.006649585163494454,4,UP
2025-03-24,16561,0.0036295484766859965,0.0012127828786248798,-0.0028477101252397507,0.0058252591910802455,0.0032306266859598973,0.0032673295431869896,0.0037885170699247725,0.011111789486537571,0,UP
2025-03-25,16622,0.003676585523480647,0.0036295484766859965,0.0012127828786248798,-0.0028477101252397507,0.0058252591910802455,0.003307986446624586,0.003843316225649006,0.011562804284323214,1,DOWN
2025-03-26,16588,-0.002047576746699729,0.003676585523480647,0.0036295484766859965,0.0012127828786248798,-0.0028477101252397507,0.0030756149861642904,0.003810099632632487,0.003630203291384415,2,DOWN
2025-03-27,16566,-0.0013271402080624634,-0.002047576746699729,0.003676585523480647,0.0036295484766859965,0.0012127828786248798,0.0026843555400026457,0.0038007958674935193,0.005157454037983067,3,UP
2025-04-08,16849,0.01693890568017581,-0.0013271402080624634,-0.002047576746699729,0.003676585523480647,0.0036295484766859965,0.007623274008414633,0.005000892453286246,0.02108963093145877,1,UP
2025-04-09,16943,0.005563461319720968,0.01693890568017581,-0.0013271402080624634,-0.002047576746699729,0.003676585523480647,0.007637786791687323,0.004963125324048105,0.02306623996135504,2,DOWN
2025-04-10,16779,-0.009726664668408635,0.005563461319720968,0.01693890568017581,-0.0013271402080624634,-0.002047576746699729,0.010009555428743964,0.005437132645527846,0.009445313440019198,3,UP
2025-04-11,16805,0.001548356669508316,-0.009726664668408635,0.005563461319720968,0.01693890568017581,-0.0013271402080624634,0.00978342172958208,0.005286796607917983,0.013081745840366477,4,DOWN
2025-04-14,16773,-0.001906010464451038,0.001548356669508316,-0.009726664668408635,0.005563461319720968,0.01693890568017581,0.009844736302270882,0.00522570428032386,0.012495472654835194,0,UP
2025-04-15,16815,0.002500894479615035,-0.001906010464451038,0.001548356669508316,-0.009726664668408635,0.005563461319720968,0.005852965382173249,0.005231560121058761,-0.0020179239123984116,1,UP
2025-04-16,16845,0.0017825316662833468,0.002500894479615035,-0.001906010464451038,0.001548356669508316,-0.009726664668408635,0.005082816931633765,0.005209352555991751,-0.0057840996281650625,2,DOWN
2025-04-17,16833,-0.0007126314215715973,0.0017825316662833468,0.002500894479615035,-0.001906010464451038,0.001548356669508316,0.0018644815112166,0.005106257613868053,0.003218308600035691,3,DOWN
2025-04-21,16808,-0.0014862818942453567,-0.0007126314215715973,0.0017825316662833468,0.002500894479615035,-0.001906010464451038,0.001985904895968984,0.005141322951328136,0.00017851829812554065,0,UP
2025-04-22,16862,0.003207605957784538,-0.0014862818942453567,-0.0007126314215715973,0.0017825316662833468,0.002500894479615035,0.0020515970290899384,0.005124738678594131,0.0053061467835211484,1,UP
2025-04-23,16880,0.0010669196673270544,0.003207605957784538,-0.0014862818942453567,-0.0007126314215715973,0.0017825316662833468,0.0018936931590916475,0.005059059559091126,0.0038655961938744987,2,UP
2025-04-24,16884,0.00023693875244117758,0.0010669196673270544,0.003207605957784538,-0.0014862818942453567,-0.0007126314215715973,0.0018118010693021853,0.005040042958641499,0.002315227070347259,3,DOWN
2025-04-25,16829,-0.003262839189316059,0.00023693875244117758,0.0010669196673270544,0.003207605957784538,-0.0014862818942453567,0.0024661230115237878,0.0051322400077676725,-0.00023762846789043834,4,UP
2025-04-28,16862,0.0019589807695475753,-0.003262839189316059,0.00023693875244117758,0.0010669196673270544,0.003207605957784538,0.0024448502798772656,0.005020192696948298,0.0032127558305568016,0,DOWN
2025-04-29,16787,-0.004457792160207025,0.0019589807695475753,-0.003262839189316059,0.00023693875244117758,0.0010669196673270544,0.0028096134758456423,0.005097462915251866,-0.004447870952437483,1,DOWN
2025-04-30,16679,-0.006454334245240866,-0.004457792160207025,0.0019589807695475753,-0.003262839189316059,0.00023693875244117758,0.0034413187055749566,0.005356018055725974,-0.011907582938388672,2,DOWN
2025-05-02,16493,-0.011214394629020902,-0.006454334245240866,-0.004457792160207025,0.0019589807695475753,-0.003262839189316059,0.004795314831822574,0.00590517301147825,-0.02315801942667617,4,DOWN
2025-05-05,16421,-0.004375044956314852,-0.011214394629020902,-0.006454334245240866,-0.004457792160207025,0.0019589807695475753,0.00473824636720199,0.005901024736193633,-0.024243864757264255,0,UP
2025-05-06,16472,0.0031009662157879124,-0.004375044956314852,-0.011214394629020902,-0.006454334245240866,-0.004457792160207025,0.005160726311858467,0.00594705406464507,-0.0231289289526746,1,UP
2025-05-07,16533,0.0036964138437196236,0.0031009662157879124,-0.004375044956314852,-0.011214394629020902,-0.006454334245240866,0.006390443215956918,0.006009410488082954,-0.015130755942098006,2,DOWN
2025-05-08,16497,-0.002179837375420614,0.0036964138437196236,0.0031009662157879124,-0.004375044956314852,-0.011214394629020902,0.006100375371680888,0.004483207319203086,-0.010911925175370207,3,UP
2025-05-09,16532,0.00211935045569861,-0.002179837375420614,0.0036964138437196236,0.0031009662157879124,-0.004375044956314852,0.003554861358557951,0.004276981164860766,0.0023646395440490853,4,UP
2025-05-14,16568,0.0021752274437971952,0.00211935045569861,-0.002179837375420614,0.0036964138437196236,0.0031009662157879124,0.0023113437588249018,0.0038376731685069933,0.00895195176907615,2,DOWN
2025-05-15,16535,-0.001993777659526924,0.0021752274437971952,0.00211935045569861,-0.002179837375420614,0.0036964138437196236,0.002678577208272357,0.003813375440547146,0.003824672170956722,3,DOWN
2025-05-16,16424,-0.006735666717123655,-0.001993777659526924,0.0021752274437971952,0.00211935045569861,-0.002179837375420614,0.003693522906316541,0.004033036040457065,-0.006592874856347963,4,UP
2025-05-19,16455,0.001885702678670813,-0.006735666717123655,-0.001993777659526924,0.0021752274437971952,0.00211935045569861,0.00389948213369931,0.004006778092733415,-0.002545917439534473,0,DOWN
2025-05-20,16406,-0.002982260814745104,0.001885702678670813,-0.006735666717123655,-0.001993777659526924,0.0021752274437971952,0.003701987717446194,0.003968961781912156,-0.007621582385676229,1,UP
2025-05-21,16413,0.00042658216924046783,-0.002982260814745104,0.001885702678670813,-0.006735666717123655,-0.001993777659526924,0.0033281474361767207,0.003986279275433917,-0.009355383872525325,2,DOWN
2025-05-22,16313,-0.0061113677956329574,0.00042658216924046783,-0.002982260814745104,0.001885702678670813,-0.006735666717123655,0.0038343133186797564,0.004131405923410959,-0.01342606592077411,3,DOWN
2025-05-23,16289,-0.001472302578697572,-0.0061113677956329574,0.00042658216924046783,-0.002982260814745104,0.001885702678670813,0.00310337244535523,0.003980850005637481,-0.008219678519240103,4,DOWN
2025-05-26,16207,-0.005046785699485427,-0.001472302578697572,-0.0061113677956329574,0.00042658216924046783,-0.002982260814745104,0.0026428512767878672,0.00398960753424974,-0.015071406867213644,0,UP
2025-05-27,16255,0.0029573060798861574,-0.005046785699485427,-0.001472302578697572,-0.0061113677956329574,0.00042658216924046783,0.003768765228931068,0.004115503734791071,-0.009203949774472808,1,UP
2025-05-28,16300,0.0027645540568479797,0.0029573060798861574,-0.005046785699485427,-0.001472302578697572,-0.0061113677956329574,0.004237605925881482,0.004229431592228818,-0.006884786449765423,2,DOWN
2025-06-02,16297,-0.00018406601886488533,0.0027645540568479797,0.0029573060798861574,-0.005046785699485427,-0.001472302578697572,0.0033116246698797263,0.004161198059672628,-0.0009808128486483714,0,DOWN
2025-06-03,16288,-0.0005524014257395201,-0.00018406601886488533,0.0027645540568479797,0.0029573060798861574,-0.005046785699485427,0.0032479508191352855,0.004116568687050903,-6.13911228436459e-05,1,UP
2025-06-04,16305,0.0010431688731701164,-0.0005524014257395201,-0.00018406601886488533,0.0027645540568479797,0.0029573060798861574,0.0016238023591600508,0.003981670692403306,0.006046769914234584,2,DOWN
2025-06-05,16277,-0.0017187408319212422,0.0010431688731701164,-0.0005524014257395201,-0.00018406601886488533,0.0027645540568479797,0.0017072052406913799,0.0032072141150763095,0.0013534297139341511,3,DOWN
2025-06-10,16276,-6.14382699176446e-05,-0.0017187408319212422,0.0010431688731701164,-0.0005524014257395201,-0.00018406601886488533,0.000993836801241502,0.0030869610372955864,-0.0014723926380367791,1,DOWN
2025-06-11,16265,-0.0006760702141286925,-6.14382699176446e-05,-0.0017187408319212422,0.0010431688731701164,-0.0005524014257395201,0.0010044451802806854,0.0029721073959678474,-0.0019635515739092613,2,DOWN
2025-06-12,16237,-0.0017229713203374642,-0.0006760702141286925,-6.14382699176446e-05,-0.0017187408319212422,0.0010431688731701164,0.0011731136964505998,0.002798666191844058,-0.0031311394891945232,3,UP
2025-06-13,16293,0.0034429791158406375,-0.0017229713203374642,-0.0006760702141286925,-6.14382699176446e-05,-0.0017187408319212422,0.0021289223030846447,0.0029424103308201307,-0.0007359705611775791,4,UP
2025-06-16,16296,0.00018411120368684114,0.0034429791158406375,-0.0017229713203374642,-0.0006760702141286925,-6.14382699176446e-05,0.001939412402944316,0.002878639769617694,0.001167291269890125,0,DOWN
2025-06-17,16281,-0.000920895175127227,0.00018411120368684114,0.0034429791158406375,-0.0017229713203374642,-0.0006760702141286925,0.002008910307114828,0.00279689897600151,0.00030720078643398097,1,UP
2025-06-18,16319,0.002331289399420088,-0.000920895175127227,0.00018411120368684114,0.0034429791158406375,-0.0017229713203374642,0.00217614285513588,0.002871937304989653,0.0033200122963419343,2,UP
2025-06-19,16378,0.00360889769919888,0.002331289399420088,-0.000920895175127227,0.00018411120368684114,0.0034429791158406375,0.002015137572205818,0.002641961393352979,0.008683870173061603,3,UP
2025-06-20,16399,0.0012813865133121582,0.00360889769919888,0.002331289399420088,-0.000920895175127227,0.00018411120368684114,0.0017728825247490432,0.0026209436216280946,0.00650586141287679,4,UP
2025-06-23,16484,0.005169856115262405,0.0012813865133121582,0.00360889769919888,0.002331289399420088,-0.000920895175127227,0.00231094308982767,0.002789145531483353,0.011536573392243454,0,DOWN
2025-06-24,16370,-0.00693982209352733,0.005169856115262405,0.0012813865133121582,0.00360889769919888,0.002331289399420088,0.004718197273526891,0.003216464544142549,0.005466494687058621,1,DOWN
2025-06-25,16292,-0.004776201596877402,-0.00693982209352733,0.005169856115262405,0.0012813865133121582,0.00360889769919888,0.005287209772034628,0.0030974662551365487,-0.0016545131441877414,2,DOWN
2025-06-26,16233,-0.0036279824574581955,-0.004776201596877402,-0.00693982209352733,0.005169856115262405,0.0012813865133121582,0.004916518182170843,0.0031852967951970343,-0.008853339846135011,3,DOWN
2025-06-30,16231,-0.00012321340577437143,-0.0036279824574581955,-0.004776201596877402,-0.00693982209352733,0.005169856115262405,0.004734737166277854,0.0029718401873820278,-0.010244527105311318,0,DOWN
2025-07-01,16192,-0.0024057008178784882,-0.00012321340577437143,-0.0036279824574581955,-0.004776201596877402,-0.00693982209352733,0.002551950751025759,0.0029397644181134138,-0.017714147051686502,1,UP
2025-07-02,16236,0.0027137058715963258,-0.0024057008178784882,-0.00012321340577437143,-0.0036279824574581955,-0.004776201596877402,0.0029845206325986215,0.0029370917169147686,-0.008185705558949263,2,DOWN
2025-07-03,16209,-0.0016643554466129302,0.0027137058715963258,-0.0024057008178784882,-0.00012321340577437143,-0.0036279824574581955,0.002443445699142809,0.002955351268283278,-0.005094524920206234,3,DOWN
2025-07-04,16204,-0.0003085181895942477,-0.0016643554466129302,0.0027137058715963258,-0.0024057008178784882,-0.00012321340577437143,0.001961669736007451,0.0029546309017279768,-0.0017864843220599669,4,UP
2025-07-07,16237,0.0020344632645332337,-0.0003085181895942477,-0.0016643554466129302,0.0027137058715963258,-0.0024057008178784882,0.0022432442598608418,0.002985767009333633,0.00036966299057361596,0,UP
2025-07-08,16238,6.158583527733764e-05,0.0020344632645332337,-0.0003085181895942477,-0.0016643554466129302,0.0027137058715963258,0.0017862472205267493,0.0029648517355036898,0.0028409090909091717,1,UP
2025-07-09,16254,0.0009848578907583427,6.158583527733764e-05,0.0020344632645332337,-0.0003085181895942477,-0.0016643554466129302,0.001390368080575791,0.0029751514727739074,0.0011086474501109667,2,DOWN
2025-07-10,16220,-0.00209398364374624,0.0009848578907583427,6.158583527733764e-05,0.0020344632645332337,-0.0003085181895942477,0.001541158891625673,0.0030071352464153107,0.0006786353260535005,3,UP
2025-07-11,16221,6.165038071053103e-05,-0.00209398364374624,0.0009848578907583427,6.158583527733764e-05,0.0020344632645332337,0.0015232732479872888,0.0029840342150061283,0.0010491236731671183,4,UP
2025-07-14,16247,0.0016015772796357465,6.165038071053103e-05,-0.00209398364374624,0.0009848578907583427,6.158583527733764e-05,0.0014010301257622372,0.0028977723604271637,0.0006158773172384446,0,UP
2025-07-15,16281,0.002090507401764081,0.0016015772796357465,6.165038071053103e-05,-0.00209398364374624,0.0009848578907583427,0.001650378186553307,0.0029400877993964315,0.002648109373075469,1,UP
2025-07-16,16288,0.0004298566187348823,0.002090507401764081,0.0016015772796357465,6.165038071053103e-05,-0.00209398364374624,0.0016305921939684088,0.0029344424866769208,0.0020917927894672506,2,UP
2025-07-17,16329,0.002514027752060362,0.0004298566187348823,0.002090507401764081,0.0016015772796357465,6.165038071053103e-05,0.0010574217212293436,0.002942286990229888,0.006720098643649752,3,DOWN
2025-07-18,16301,-0.0017162124960199616,0.002514027752060362,0.0004298566187348823,0.002090507401764081,0.0016015772796357465,0.001698894320386438,0.002840622784717397,0.004931878429196734,4,UP
2025-07-21,16330,0.0017774513582210693,-0.0017162124960199616,0.002514027752060362,0.0004298566187348823,0.002090507401764081,0.0017166072495467233,0.002856686224569405,0.005108635440389087,0,DOWN
2025-07-22,16307,-0.0014094435032336043,0.0017774513582210693,-0.0017162124960199616,0.002514027752060362,0.0004298566187348823,0.0018766408248482942,0.0025687709333565107,0.0015969535040845084,1,DOWN
2025-07-23,16298,-0.0005520625811121115,-0.0014094435032336043,0.0017774513582210693,-0.0017162124960199616,0.002514027752060362,0.0019131791529494683,0.0020821627464489194,0.0006139489194498804,2,DOWN
2025-07-24,16283,-0.0009207821159448475,-0.0005520625811121115,-0.0014094435032336043,0.0017774513582210693,-0.0017162124960199616,0.0013831303785313848,0.0017971413357475285,-0.002817073917569912,3,UP
2025-07-25,16325,0.002576056380411602,-0.0009207821159448475,-0.0005520625811121115,-0.0014094435032336043,0.0017774513582210693,0.0017678833535627293,0.001674212221625161,0.0014723023127416468,4,UP
2025-07-28,16341,0.0009796119071522906,0.002576056380411602,-0.0009207821159448475,-0.0005520625811121115,-0.0014094435032336043,0.0016312695671333798,0.001678300099901267,0.0006736068585424526,0,UP
2025-07-29,16399,0.003543070291661406,0.0009796119071522906,0.002576056380411602,-0.0009207821159448475,-0.0005520625811121115,0.001934653034730758,0.0016935747876889512,0.005641748942172065,1,DOWN
2025-07-30,16387,-0.0007320197972215421,0.003543070291661406,0.0009796119071522906,0.002576056380411602,-0.0009207821159448475,0.001974911422682717,0.0016455817285787081,0.005460792735304976,2,UP
2025-07-31,16459,0.004384102497844064,-0.0007320197972215421,0.003543070291661406,0.0009796119071522906,0.002576056380411602,0.0020487330909752855,0.001784032488116955,0.010808819013695237,3,UP
2025-08-01,16494,0.0021242383492327582,0.004384102497844064,-0.0007320197972215421,0.003543070291661406,0.0009796119071522906,0.0020351713230430564,0.0017898901563940103,0.01035222052067386,4,DOWN
2025-08-04,16388,-0.00644731872653897,0.0021242383492327582,0.004384102497844064,-0.0007320197972215421,0.003543070291661406,0.00438007140043318,0.002403371856865606,0.0028762009668930055,0,DOWN
2025-08-05,16388,0.0,-0.00644731872653897,0.0021242383492327582,0.004384102497844064,-0.0007320197972215421,0.004054209770246079,0.0024039523980216625,-0.0006707726080859011,1,DOWN
2025-08-06,16379,-0.0005493331843821636,0.0,-0.00644731872653897,0.0021242383492327582,0.004384102497844064,0.004048294068060727,0.0024107828755784966,-0.00048819185940074394,2,DOWN
2025-08-07,16312,-0.004098993228088404,-0.0005493331843821636,0.0,-0.00644731872653897,0.0021242383492327582,0.003430983525163692,0.0025564945044659762,-0.00893128379609942,3,DOWN
2025-08-08,16299,-0.0007972770346583203,-0.004098993228088404,-0.0005493331843821636,0.0,-0.00644731872653897,0.002784724505995504,0.0025675955266739403,-0.011822480902146215,4,DOWN
2025-08-11,16253,-0.002826249116456816,-0.0007972770346583203,-0.004098993228088404,-0.0005493331843821636,0.0,0.0017350892054088097,0.002634036272130974,-0.008237734927996065,0,UP
2025-08-12,16298,0.0027648937769892495,-0.002826249116456816,-0.0007972770346583203,-0.004098993228088404,-0.0005493331843821636,0.0026127650943121574,0.0026660790321417207,-0.00549182328533071,1,DOWN
2025-08-13,16237,-0.003749812293050722,0.0027648937769892495,-0.002826249116456816,-0.0007972770346583203,-0.004098993228088404,0.002826964587386526,0.0027955848840243943,-0.008669637951034814,2,DOWN
2025-08-14,16109,-0.007914466589148808,-0.003749812293050722,0.0027648937769892495,-0.002826249116456816,-0.0007972770346583203,0.003924384814636784,0.0032126472390321794,-0.012444825895046585,3,UP
2025-08-15,16162,0.003284685795427456,-0.007914466589148808,-0.003749812293050722,0.0027648937769892495,-0.002826249116456816,0.00471358234249624,0.003320413426760571,-0.008405423645622467,4,UP
2025-08-19,16241,0.004876101381209968,0.003284685795427456,-0.007914466589148808,-0.003749812293050722,0.0027648937769892495,0.005449791998241842,0.003496376211749012,-0.0007383252322648026,1,UP
2025-08-20,16291,0.0030738988915664563,0.004876101381209968,0.003284685795427456,-0.007914466589148808,-0.003749812293050722,0.005492662002089559,0.0035627882099544383,-0.00042950055221502303,2,DOWN
2025-08-21,16283,-0.000491189301949098,0.0030738988915664563,0.004876101381209968,0.003284685795427456,-0.007914466589148808,0.005130637041893554,0.0035623618788972514,0.002833035659296712,3,UP
2025-08-22,16340,0.003494470649773557,-0.000491189301949098,0.0030738988915664563,0.004876101381209968,0.003284685795427456,0.0019951834924760237,0.003641235563249732,0.014339810044074808,4,DOWN
2025-08-25,16255,-0.005215535675988141,0.003494470649773557,-0.000491189301949098,0.0030738988915664563,0.004876101381209968,0.004071095608383891,0.0037847782502226186,0.005754238336839412,0,UP
2025-08-26,16277,0.0013525146534924784,-0.005215535675988141,0.003494470649773557,-0.000491189301949098,0.0030738988915664563,0.0035338383705227705,0.00379188417320855,0.0022166122775690855,1,UP
2025-08-27,16355,0.004780592580986007,0.0013525146534924784,-0.005215535675988141,0.003494470649773557,-0.000491189301949098,0.003913538943548476,0.0038654958294777318,0.003928549505862078,2,UP
2025-08-28,16356,6.114151204863612e-05,0.004780592580986007,0.0013525146534924784,-0.005215535675988141,0.003494470649773557,0.0038761566850517683,0.003863109128024176,0.004483203340907682,3,UP
2025-08-29,16461,0.006399144242552239,6.114151204863612e-05,0.004780592580986007,0.0013525146534924784,-0.005215535675988141,0.004526350718730647,0.00400956657618691,0.007405140758873996,4,UP
2025-09-01,16463,0.00012149192093663527,0.006399144242552239,6.114151204863612e-05,0.004780592580986007,0.0013525146534924784,0.002886054714772305,0.003978772722810726,0.012796062749923065,0,DOWN
2025-09-02,16418,-0.0027371447398103245,0.00012149192093663527,0.006399144242552239,6.114151204863612e-05,0.004780592580986007,0.003756150599934582,0.003746688087722456,0.00866252995023653,1,UP
2025-09-03,16424,0.0003653857905581345,-0.0027371447398103245,0.00012149192093663527,0.006399144242552239,6.114151204863612e-05,0.003355896384567635,0.0037471095224095997,0.004218893304799742,2,UP
2025-09-04,16438,0.0008520480096757367,0.0003653857905581345,-0.0027371447398103245,0.00012149192093663527,0.006399144242552239,0.0033284159377328128,0.0037472395678885178,0.005013450721447876,3,DOWN
2025-09-08,16348,-0.005490162024277349,0.0008520480096757367,0.0003653857905581345,-0.0027371447398103245,0.00012149192093663527,0.002693424148486063,0.003842544880239064,-0.006864710527914486,0,UP
2025-09-09,16462,0.006949128848421353,-0.005490162024277349,0.0008520480096757367,0.0003653857905581345,-0.0027371447398103245,0.00465786932912122,0.004126197131261942,-6.074227054608805e-05,1,DOWN
2025-09-10,16457,-0.0003037759372064362,0.006949128848421353,-0.005490162024277349,0.0008520480096757367,0.0003653857905581345,0.0044231824976566315,0.004057228164900147,0.0023754415885004487,2,UP
2025-09-11,16468,0.0006681852944124537,-0.0003037759372064362,0.006949128848421353,-0.005490162024277349,0.0008520480096757367,0.004423387533974414,0.004025956850593338,0.002679006332196865,3,DOWN
2025-09-12,16391,-0.004686700200435231,0.0006681852944124537,-0.0003037759372064362,0.006949128848421353,-0.005490162024277349,0.004982380357158097,0.00408328171707428,-0.0028592286166200243,4,UP
2025-09-15,16405,0.0008537627058419235,-0.004686700200435231,0.0006681852944124537,-0.0003037759372064362,0.006949128848421353,0.004156329402982053,0.003574467886977577,0.0034866650354783424,0,DOWN
2025-09-16,16385,-0.0012198842622870212,0.0008537627058419235,-0.004686700200435231,0.0006681852944124537,-0.0003037759372064362,0.0022541459791810574,0.003558872775814418,-0.004677438950309809,1,UP
2025-09-17,16430,0.0027426498983987523,-0.0012198842622870212,0.0008537627058419235,-0.004686700200435231,0.0006681852944124537,0.002811208068498346,0.0034571640799865274,-0.0016406392416601356,2,UP
2025-09-18,16498,0.0041302293893632,0.0027426498983987523,-0.0012198842622870212,0.0008537627058419235,-0.004686700200435231,0.0034677293915047697,0.0035050314057442373,0.0018217148409036543,3,UP
2025-09-19,16578,0.004837353730794571,0.0041302293893632,0.0027426498983987523,-0.0012198842622870212,0.0008537627058419235,0.002472861186413365,0.0036159784791663955,0.011408699896284569,4,UP
2025-09-22,16607,0.0017477780552814862,0.004837353730794571,0.0041302293893632,0.0027426498983987523,-0.0012198842622870212,0.0023753636860256158,0.003570771194802221,0.012313319110027532,0,UP
2025-09-23,16636,0.0017447286560492098,0.0017477780552814862,0.004837353730794571,0.0041302293893632,0.0027426498983987523,0.001401344135607211,0.0032798940534043376,0.015318889227952326,1,UP
2025-09-24,16680,0.002641375049935534,0.0017447286560492098,0.0017477780552814862,0.004837353730794571,0.0041302293893632,0.0014074450238641583,0.0032965277676813487,0.015216068167985375,2,UP
2025-09-25,16752,0.00430725719758027,0.002641375049935534,0.0017447286560492098,0.0017477780552814862,0.004837353730794571,0.0014440962812119562,0.003271243605930857,0.015395805552188113,3,UP
2025-09-26,16775,0.0013720287295644238,0.00430725719758027,0.002641375049935534,0.0017447286560492098,0.0017477780552814862,0.001183259227952479,0.0032603554225041484,0.011883218723609534,4,DOWN
2025-09-29,16680,-0.005679285927144771,0.0013720287295644238,0.00430725719758027,0.002641375049935534,0.0017447286560492098,0.003836097468028303,0.0033758546253570545,0.0043957367375202505,0,UP
2025-09-30,16692,0.0007191657987054193,-0.005679285927144771,0.0013720287295644238,0.00430725719758027,0.002641375049935534,0.003805411629656332,0.003373473614540628,0.003366193796585648,1,DOWN
2025-10-01,16680,-0.0007191657987054853,0.0007191657987054193,-0.005679285927144771,0.0013720287295644238,0.00430725719758027,0.003664819740968756,0.003294813510864056,0.0,2,DOWN
2025-10-02,16612,-0.004085071162093613,-0.0007191657987054853,0.0007191657987054193,-0.005679285927144771,0.0013720287295644238,0.003072975826016261,0.003470705266674273,-0.008357211079274118,3,DOWN
2025-10-03,16611,-6.0199259567263256e-05,-0.004085071162093613,-0.0007191657987054853,0.0007191657987054193,-0.005679285927144771,0.0027692840407932888,0.003472784578565839,-0.009776453055141632,4,DOWN
2025-10-06,16598,-0.0007829203326835421,-6.0199259567263256e-05,-0.004085071162093613,-0.0007191657987054853,0.0007191657987054193,0.0018358499848411302,0.0031919256833056226,-0.00491606714628301,0,DOWN
2025-10-07,16560,-0.0022920572191426226,-0.0007829203326835421,-6.0199259567263256e-05,-0.004085071162093613,-0.0007191657987054853,0.0016177346916433912,0.0029046023025586756,-0.00790797987059666,1,UP
2025-10-08,16606,0.0027739268827252244,-0.0022920572191426226,-0.0007829203326835421,-6.0199259567263256e-05,-0.004085071162093613,0.0025641098355788858,0.002952248006148496,-0.004436450839328532,2,DOWN
2025-10-09,16534,-0.0043452090093550515,0.0027739268827252244,-0.0022920572191426226,-0.0007829203326835421,-6.0199259567263256e-05,0.0026464823366419733,0.0031396941875995584,-0.004695400915001202,3,UP
2025-10-10,16585,0.003079805568531944,-0.0043452090093550515,0.0027739268827252244,-0.0022920572191426226,-0.0007829203326835421,0.0032185574747509156,0.0029796997997683454,-0.0015652278610559511,4,DOWN
2025-10-13,16580,-0.0003015226918668473,0.003079805568531944,-0.0043452090093550515,0.0027739268827252244,-0.0022920572191426226,0.003208180432384942,0.0029854755227062203,-0.0010844680081937286,0,DOWN
2025-10-14,16577,-0.00018095726441998418,-0.0003015226918668473,0.003079805568531944,-0.0043452090093550515,0.0027739268827252244,0.0029989090701465384,0.0029623645746340932,0.0010265700483091944,1,DOWN
2025-10-15,16577,0.0,-0.00018095726441998418,-0.0003015226918668473,0.003079805568531944,-0.0043452090093550515,0.002640013535297652,0.0029202865867591697,-0.0017463567385281875,2,UP
2025-10-16,16580,0.00018095726441985703,0.0,-0.00018095726441998418,-0.0003015226918668473,0.003079805568531944,0.0014228350385945816,0.002788559654170059,0.002782145881214504,3,UP
2025-10-17,16590,0.000602954495204124,0.00018095726441985703,0.0,-0.00018095726441998418,-0.0003015226918668473,0.0003541852953178672,0.0025742827339100263,0.00030147723846840613,4,DOWN
2025-10-20,16585,-0.00030143180333742475,0.000602954495204124,0.00018095726441985703,0.0,-0.00018095726441998418,0.00035416208566868286,0.002543165752150881,0.0003015681544029647,0,UP
2025-10-21,16589,0.0002411527111222742,-0.00030143180333742475,0.000602954495204124,0.00018095726441985703,0.0,0.0003318834771082586,0.0025088041937873767,0.0007238945526935048,1,UP
2025-10-22,16617,0.0016864426089385374,0.0002411527111222742,-0.00030143180333742475,0.000602954495204124,0.00018095726441985703,0.0007462760083724657,0.0024616996023843003,0.0024129818423115346,2,UP
2025-10-23,16645,0.001683603307911672,0.0016864426089385374,0.0002411527111222742,-0.00030143180333742475,0.000602954495204124,0.0008844915250783238,0.002272077495069034,0.003920386007237653,3,DOWN
2025-10-24,16630,-0.0009015778221519439,0.001683603307911672,0.0016864426089385374,0.0002411527111222742,-0.00030143180333742475,0.0011705332384067096,0.0022395890642957017,0.0024110910186858625,4,DOWN
2025-10-27,16628,-0.0001202718144453092,-0.0009015778221519439,0.001683603307911672,0.0016864426089385374,0.0002411527111222742,0.0011427079286343525,0.001868583278329608,0.0025927042508291365,0,DOWN
2025-10-28,16622,-0.00036090225955640444,-0.0001202718144453092,-0.0009015778221519439,0.001683603307911672,0.0016864426089385374,0.001208956118559983,0.001857530218337766,0.0019892699981916007,1,UP
2025-10-29,16631,0.0005413045571682957,-0.00036090225955640444,-0.0001202718144453092,-0.0009015778221519439,0.001683603307911672,0.0009928801169478917,0.0018607303205181109,0.0008425106818319428,2,UP
2025-10-30,16640,0.0005410117050596148,0.0005413045571682957,-0.00036090225955640444,-0.0001202718144453092,-0.0009015778221519439,0.0006174970231295446,0.0016170126048476593,-0.00030039050765995334,3,DOWN
2025-10-31,16625,-0.0009018488511446799,0.0005410117050596148,0.0005413045571682957,-0.00036090225955640444,-0.0001202718144453092,0.0006175893639409387,0.0016318523094286427,-0.0003006614552014675,4,UP
2025-11-03,16664,0.0023431174167529937,-0.0009018488511446799,0.0005410117050596148,0.0005413045571682957,-0.00036090225955640444,0.001233292963000841,0.0016970744242935298,0.002165022853019005,0,UP
2025-11-04,16724,0.0035941095356476407,0.0023431174167529937,-0.0009018488511446799,0.0005410117050596148,0.0005413045571682957,0.0017551083554055694,0.0017519462194949772,0.00613644567440752,1,UP
2025-11-05,16729,0.0002989268548251054,0.0035941095356476407,0.0023431174167529937,-0.0009018488511446799,0.0005410117050596148,0.0017818063649739865,0.0016677187495029429,0.005892610185797675,2,DOWN
2025-11-06,16707,-0.001315947073502416,0.0002989268548251054,0.0035941095356476407,0.0023431174167529937,-0.0009018488511446799,0.002110259929696717,0.0013179128437992335,0.004026442307692335,3,DOWN
2025-11-07,16704,-0.0001795815754130532,-0.001315947073502416,0.0002989268548251054,0.0035941095356476407,0.0023431174167529937,0.0019853488806521355,0.0011789721234928563,0.004751879699248063,4,DOWN
2025-11-10,16666,-0.002277495740213131,-0.0001795815754130532,-0.001315947073502416,0.0002989268548251054,0.0035941095356476407,0.0022335539579251286,0.001312352392237321,0.00012001920307258551,0,UP
2025-11-11,16698,0.0019182358117936177,-0.002277495740213131,-0.0001795815754130532,-0.001315947073502416,0.0002989268548251054,0.0015996716728320613,0.0013584749247170433,-0.0015546519971298967,1,UP
2025-11-12,16722,0.0014362659560575022,0.0019182358117936177,-0.002277495740213131,-0.0001795815754130532,-0.001315947073502416,0.0017789329230222205,0.0013760887276171015,-0.0004184350529021774,2,UP
2025-11-13,16732,0.0005978358520858625,0.0014362659560575022,0.0019182358117936177,-0.002277495740213131,-0.0001795815754130532,0.0016486336725910222,0.0013751879433236305,0.0014963787633925918,3,DOWN
2025-11-14,16710,-0.0013157109726495955,0.0005978358520858625,0.0014362659560575022,0.0019182358117936177,-0.002277495740213131,0.001802233575370635,0.0014302397434944028,0.0003591954022987842,4,UP
2025-11-17,16734,0.0014352352661045887,-0.0013157109726495955,0.0005978358520858625,0.0014362659560575022,0.0019182358117936177,0.0012820764384867027,0.0014406268720522383,0.0040801632065281535,0,UP
2025-11-18,16760,0.0015525171805300362,0.0014352352661045887,-0.0013157109726495955,0.0005978358520858625,0.0014362659560575022,0.0012118656304947503,0.0014604615176571944,0.0037130195232961682,1,DOWN
2025-11-19,16732,-0.0016720414739849468,0.0015525171805300362,0.0014352352661045887,-0.0013157109726495955,0.0005978358520858625,0.0015233970332794867,0.0015106270636733783,0.000598014591556062,2,UP
2025-11-20,16742,0.0005974786579126025,-0.0016720414739849468,0.0015525171805300362,0.0014352352661045887,-0.0013157109726495955,0.0015233690062257093,0.0014791612596325259,0.0005976571838393063,3,DOWN
2025-11-21,16719,-0.001374734982355626,0.0005974786579126025,-0.0016720414739849468,0.0015525171805300362,0.0014352352661045887,0.0015374347866149768,0.001502826074979085,0.0005385996409335014,4,DOWN
2025-11-24,16709,-0.0005983008435026098,-0.001374734982355626,0.0005974786579126025,-0.0016720414739849468,0.0015525171805300362,0.0013568179215568445,0.0015130738878426115,-0.001493964383889046,0,DOWN
2025-11-25,16667,-0.0025167798519673437,-0.0005983008435026098,-0.001374734982355626,0.0005974786579126025,-0.0016720414739849468,0.0011771026746882744,0.001630589859609947,-0.005548926014319777,1,UP
2025-11-26,16673,0.00035992801828288494,-0.0025167798519673437,-0.0005983008435026098,-0.001374734982355626,0.0005974786579126025,0.0012818918878325627,0.0016287155435093274,-0.003526177384652218,2,DOWN
2025-11-27,16644,-0.001740853457626943,0.00035992801828288494,-0.0025167798519673437,-0.0005983008435026098,-0.001374734982355626,0.001101026757239418,0.0016773199264054164,-0.00585354199020427,3,UP
2025-11-28,16661,0.0010208678262368586,-0.001740853457626943,0.00035992801828288494,-0.0025167798519673437,-0.0005983008435026098,0.0014559462153337752,0.0016772851619503116,-0.003469107004007377,4,UP
2025-12-01,16668,0.00042005461327543467,0.0010208678262368586,-0.001740853457626943,0.00035992801828288494,-0.0025167798519673437,0.0015415706570853535,0.0015955486650108947,-0.002453767430726006,0,DOWN
2025-12-02,16632,-0.002162163004495237,0.00042005461327543467,0.0010208678262368586,-0.001740853457626943,0.00035992801828288494,0.001429148733697317,0.0014254912948056455,-0.002099958000839952,1,DOWN
2025-12-03,16632,0.0,-0.002162163004495237,0.00042005461327543467,0.0010208678262368586,-0.001740853457626943,0.001388502360502576,0.0014207070544912308,-0.002459065555089013,2,UP
2025-12-04,16646,0.0008413967681916179,0.0,-0.002162163004495237,0.00042005461327543467,0.0010208678262368586,0.0012843896287416904,0.0014206711487802432,0.00012016342225429355,3,UP
2025-12-05,16655,0.000540524321739604,0.0008413967681916179,0.0,-0.002162163004495237,0.00042005461327543467,0.0012068101364397959,0.001429854920237782,-0.00036012244163019513,4,UP
2025-12-08,16688,0.001979426612773614,0.000540524321739604,0.0008413967681916179,0.0,-0.002162163004495237,0.0015252528355321699,0.0014127402146723654,0.001199904007679331,0,DOWN
2025-12-09,16677,-0.0006593736189744747,0.001979426612773614,0.000540524321739604,0.0008413967681916179,0.0,0.0009865198374641563,0.0013510977693225094,0.0027056277056276556,1,UP
2025-12-10,16688,0.000659373618974457,-0.0006593736189744747,0.001979426612773614,0.000540524321739604,0.0008413967681916179,0.0009391565687326854,0.0013164507269089805,0.0033670033670034627,2,DOWN
2025-12-11,16668,-0.0011991846982096262,0.000659373618974457,-0.0006593736189744747,0.001979426612773614,0.000540524321739604,0.0012418738509582723,0.001327467490163417,0.0013216388321519723,3,DOWN
2025-12-12,16652,-0.0009603842274779755,-0.0011991846982096262,0.000659373618974457,-0.0006593736189744747,0.001979426612773614,0.001336185654052575,0.0013139400720929592,-0.00018012608826178944,4,UP
2025-12-15,16669,0.0010203776282219441,-0.0009603842274779755,-0.0011991846982096262,0.000659373618974457,-0.0006593736189744747,0.0010014424703071,0.0012902621130832664,-0.0011385426653882647,0,UP
2025-12-16,16693,0.001438762912299962,0.0010203776282219441,-0.0009603842274779755,-0.0011991846982096262,0.000659373618974457,0.0011960820837117441,0.0012823818405859279,0.0009594051687953353,1,UP
2025-12-17,16698,0.0002994818985577449,0.001438762912299962,0.0010203776282219441,-0.0009603842274779755,-0.0011991846982096262,0.0011714848923456745,0.0012383116770144646,0.0005992329817832154,2,UP
2025-12-18,16722,0.0014362659560575022,0.0002994818985577449,0.001438762912299962,0.0010203776282219441,-0.0009603842274779755,0.0010116438291645471,0.0012768427178921453,0.003239740820734305,3,UP
2025-12-19,16735,0.0007771169354237669,0.0014362659560575022,0.0002994818985577449,0.001438762912299962,0.0010203776282219441,0.0004804950197391385,0.0012505982632813931,0.004984386259908824,4,UP
2025-12-22,16773,0.0022681160493280453,0.0007771169354237669,0.0014362659560575022,0.0002994818985577449,0.001438762912299962,0.0007472962429928853,0.0013341133470271898,0.006239126522286975,0,UP
2025-12-23,16790,0.0010130203768314164,0.0022681160493280453,0.0007771169354237669,0.0014362659560575022,0.0002994818985577449,0.0007437961269476387,0.001181812580050629,0.005810818906128334,1,DOWN
2025-12-24,16767,-0.0013708021337787146,0.0010130203768314164,0.0022681160493280453,0.0007771169354237669,0.0014362659560575022,0.0013523517601223313,0.0012441289677202591,0.004132231404958775,2,UP
2025-12-29,16788,0.001251676515673578,-0.0013708021337787146,0.0010130203768314164,0.0022681160493280453,0.0007771169354237669,0.0013338776689028554,0.0011656314030784602,0.00394689630426992,0,DOWN
2025-12-30,16782,-0.00035746202346678056,0.001251676515673578,-0.0013708021337787146,0.0010130203768314164,0.0022681160493280453,0.001429250993366007,0.001169642834602359,0.00280848521063648,1,DOWN
2025-12-31,16720,-0.0037012757913221037,-0.00035746202346678056,0.001251676515673578,-0.0013708021337787146,0.0010130203768314164,0.002018413866225362,0.0014805624543843654,-0.0031598402194001896,2,UP
2026-01-02,16725,0.0002989983577365914,-0.0037012757913221037,-0.00035746202346678056,0.001251676515673578,-0.0013708021337787146,0.0018942871571638168,0.0013763834789796998,-0.0038713519952352504,4,UP
2026-01-05,16748,0.0013742421426046513,0.0002989983577365914,-0.0037012757913221037,-0.00035746202346678056,0.001251676515673578,0.002068498685353106,0.0013958967594171346,-0.0011331782668336787,0,UP
2026-01-06,16762,0.0008355715198176214,0.0013742421426046513,0.0002989983577365914,-0.0037012757913221037,-0.00035746202346678056,0.0020014300410610367,0.0013957888877391357,-0.00154872527996186,1,UP
2026-01-07,16785,0.0013712107552838876,0.0008355715198176214,0.0013742421426046513,0.0002989983577365914,-0.0037012757913221037,0.0021359653889481112,0.001414083081417911,0.0001787629603147156,2,UP
2026-01-08,16801,0.0009527780152670861,0.0013712107552838876,0.0008355715198176214,0.0013742421426046513,0.0002989983577365914,0.0004452340492413919,0.0013712879023618843,0.004844497607655596,3,UP
2026-01-09,16834,0.001962242342118989,0.0009527780152670861,0.0013712107552838876,0.0008355715198176214,0.0013742421426046513,0.0004431144260310974,0.0013960650987136455,0.0065171898355755875,4,UP
2026-01-12,16853,0.001128031704498637,0.001962242342118989,0.0009527780152670861,0.0013712107552838876,0.0008355715198176214,0.0004463600940152414,0.0014033516053348768,0.006269405302125719,0,UP
2026-01-13,16875,0.0013045542647106138,0.001128031704498637,0.001962242342118989,0.0009527780152670861,0.0013712107552838876,0.00038217033210517434,0.0013554087855183379,0.006741438969096736,1,DOWN
2026-01-14,16871,-0.0002370651347557203,0.0013045542647106138,0.001128031704498637,0.001962242342118989,0.0009527780152670861,0.0008008077070883759,0.0013202964332500453,0.0051236222817991894,2,UP
2026-01-15,16880,0.000533317543973311,-0.0002370651347557203,0.0013045542647106138,0.001128031704498637,0.001962242342118989,0.0008312779590222099,0.0013176584396565028,0.004702101065412689,3,UP
2026-01-19,16935,0.003252997101923974,0.000533317543973311,-0.0002370651347557203,0.0013045542647106138,0.001128031704498637,0.001298120163841185,0.0014336839734089915,0.005999762385648033,0,UP
2026-01-20,16981,0.0027125856944289714,0.003252997101923974,0.000533317543973311,-0.0002370651347557203,0.0013045542647106138,0.0014605265045482178,0.001496621440236244,0.007595086928143369,1,DOWN
2026-01-21,16963,-0.0010605704505782883,0.0027125856944289714,0.003252997101923974,0.000533317543973311,-0.0002370651347557203,0.001870489070130317,0.001547563321197711,0.005214814814814783,2,DOWN
2026-01-22,16902,-0.003602543391295274,-0.0010605704505782883,0.0027125856944289714,0.003252997101923974,0.000533317543973311,0.0028130786094011447,0.0018236229066165065,0.0018374725860945684,3,DOWN
2026-01-23,16838,-0.0037937212068182733,-0.003602543391295274,-0.0010605704505782883,0.0027125856944289714,0.003252997101923974,0.0033613350361001515,0.0020080923440624556,-0.002488151658767812,4,DOWN
2026-01-26,16779,-0.0035101324079116593,-0.0037937212068182733,-0.003602543391295274,-0.0010605704505782883,0.0027125856944289714,0.0027859416483725307,0.0021598927222175124,-0.009211691762621821,0,UP
2026-01-27,16801,0.0013103039397048557,-0.0035101324079116593,-0.0037937212068182733,-0.003602543391295274,-0.0010605704505782883,0.002226009862672781,0.002155674116399148,-0.010600082445085701,1,DOWN
2026-01-28,16723,-0.00465339104827964,0.0013103039397048557,-0.0035101324079116593,-0.0037937212068182733,-0.003602543391295274,0.002369232690053229,0.002382300556452599,-0.014148440723928513,2,UP
2026-01-29,16786,0.003760188261649957,-0.00465339104827964,0.0013103039397048557,-0.0035101324079116593,-0.0037937212068182733,0.0036992512299172855,0.002540126592264301,-0.006863093125073938,3,UP
2026-01-30,16796,0.0005955571613109865,0.003760188261649957,-0.00465339104827964,0.0013103039397048557,-0.0035101324079116593,0.00349779226475643,0.0023866109322188546,-0.0024943579997623866,4,UP
2026-02-02,16800,0.000238123587266315,0.0005955571613109865,0.003760188261649957,-0.00465339104827964,0.0013103039397048557,0.003066286863935208,0.0023865527692173154,0.0012515644555695093,0,DOWN
2026-02-03,16777,-0.0013699856209498588,0.000238123587266315,0.0005955571613109865,0.003760188261649957,-0.00465339104827964,0.0030689011615984323,0.0023957931613479496,-0.0014284863996191222,1,DOWN
2026-02-04,16775,-0.00011921793051793366,-0.0013699856209498588,0.000238123587266315,0.0005955571613109865,0.003760188261649957,0.0019048419181558799,0.002389586048415619,0.0031094899240566853,2,UP
2026-02-05,16826,0.003035626270876341,-0.00011921793051793366,-0.0013699856209498588,0.000238123587266315,0.0005955571613109865,0.0016112505271169608,0.00246618783312426,0.0023829381627546997,3,UP
2026-02-06,16887,0.003618786021377475,0.003035626270876341,-0.00011921793051793366,-0.0013699856209498588,0.000238123587266315,0.0021458806720584143,0.002582752430529426,0.005417956656346812,4,DOWN
2026-02-09,16838,-0.002905858234527001,0.003618786021377475,0.003035626270876341,-0.00011921793051793366,-0.0013699856209498588,0.0028117962132176216,0.0026421262248984786,0.0022619047619047983,0,DOWN
2026-02-10,16799,-0.0023188760873950236,-0.002905858234527001,0.003618786021377475,0.003035626270876341,-0.00011921793051793366,0.0029917632478431385,0.002677669397468064,0.001311319067771377,1,DOWN
2026-02-11,16781,-0.0010720668090524136,-0.0023188760873950236,-0.002905858234527001,0.003618786021377475,0.003035626270876341,0.0030518677726660286,0.002661921244409594,0.0003576751117735366,2,UP
2026-02-12,16826,0.0026780151095970152,-0.0010720668090524136,-0.0023188760873950236,-0.002905858234527001,0.003618786021377475,0.002968076095161631,0.0027429305981350634,0.0,3,UP
2026-02-13,16844,0.0010692011710595568,0.0026780151095970152,-0.0010720668090524136,-0.0023188760873950236,-0.002905858234527001,0.0023444298411641426,0.002752388715509923,-0.0025463374193166466,4,UP
2026-02-18,16884,0.0023719176205709443,0.0010692011710595568,0.0026780151095970152,-0.0010720668090524136,-0.0023188760873950236,0.0021782365338876607,0.002702380126147123,0.002731915904501614,2,UP
2026-02-19,16925,0.0024253908780864403,0.0023719176205709443,0.0010692011710595568,0.0026780151095970152,-0.0010720668090524136,0.001565668531435669,0.002687083771088391,0.007500446455146248,3,DOWN
2026-02-20,16885,-0.002366164960807658,0.0024253908780864403,0.0023719176205709443,0.0010692011710595568,0.0026780151095970152,0.0021087781292772477,0.0027255650484568537,0.006197485251177026,4,DOWN
2026-02-23,16818,-0.003975912426824752,-0.002366164960807658,0.0024253908780864403,0.0023719176205709443,0.0010692011710595568,0.0029160370612847054,0.0027510371465344057,-0.00047545465351239713,0,UP
2026-02-24,16830,0.0007132667920083311,-0.003975912426824752,-0.002366164960807658,0.0024253908780864403,0.0023719176205709443,0.002884683722999072,0.0026272074750652756,-0.0008311564948942918,1,DOWN
2026-02-25,16813,-0.0010106115059235032,0.0007132667920083311,-0.003975912426824752,-0.002366164960807658,0.0024253908780864403,0.002513344905751304,0.0025094439884446,-0.0042051646529258635,2,DOWN
2026-02-26,16758,-0.003276640505696411,-0.0010106115059235032,0.0007132667920083311,-0.003975912426824752,-0.002366164960807658,0.0018713240538075064,0.0026010613086412952,-0.009867060561299823,3,UP
2026-02-27,16779,0.0012523483164658734,-0.003276640505696411,-0.0010106115059235032,0.0007132667920083311,-0.003975912426824752,0.0023297472263589802,0.0023866818467110067,-0.006277761326621278,4,UP
2026-03-02,16848,0.004103850884059137,0.0012523483164658734,-0.003276640505696411,-0.0010106115059235032,0.0007132667920083311,0.0027404912509280386,0.0024149810527572153,0.0017838030681411876,0,UP
2026-03-03,16870,0.0013049411662571914,0.004103850884059137,0.0012523483164658734,-0.003276640505696411,-0.0010106115059235032,0.00277234013365338,0.0024265204232126174,0.002376708259061111,1,UP
2026-03-04,16911,0.002427401209670705,0.0013049411662571914,0.004103850884059137,0.0012523483164658734,-0.003276640505696411,0.0027379668851526353,0.0024762611583666783,0.005828822934633937,2,DOWN
2026-03-05,16886,-0.00147942152023946,0.002427401209670705,0.0013049411662571914,0.004103850884059137,0.0012523483164658734,0.0020380175964049628,0.002480331194224599,0.007638142976488904,3,UP
2026-03-06,16919,0.0019523745293511655,-0.00147942152023946,0.002427401209670705,0.0013049411662571914,0.004103850884059137,0.002038922028416472,0.0025039992670317607,0.008343763037129692,4,UP
2026-03-09,16974,0.0032455107708259066,0.0019523745293511655,-0.00147942152023946,0.002427401209670705,0.0013049411662571914,0.0018045802909957076,0.002515917168608886,0.007478632478632452,0,DOWN
2026-03-10,16879,-0.005612515840694363,0.0032455107708259066,0.0019523745293511655,-0.00147942152023946,0.002427401209670705,0.0036697926689657936,0.0027385655922584702,0.0005334914048606976,1,DOWN
2026-03-11,16867,-0.0007111954309131952,-0.005612515840694363,0.0032455107708259066,0.0019523745293511655,-0.00147942152023946,0.0034344746543459996,0.002659838164392269,-0.0026018567796108893,2,UP
2026-03-12,16899,0.0018953983048090018,-0.0007111954309131952,-0.005612515840694363,0.0032455107708259066,0.0019523745293511655,0.003529352840394952,0.0026260054433250614,0.0007698685301433805,3,UP
2026-03-13,16934,0.002068986639398821,0.0018953983048090018,-0.0007111954309131952,-0.005612515840694363,0.0032455107708259066,0.0035445609404012764,0.0026337486994626453,0.0008865772208759282,4,UP
2026-03-16,16990,0.003301500463755235,0.002068986639398821,0.0018953983048090018,-0.0007111954309131952,-0.005612515840694363,0.0035567450127333153,0.002664965997620476,0.0009426181218334939,0,DOWN
2026-03-17,16982,-0.0004709761066690137,0.003301500463755235,0.002068986639398821,0.0018953983048090018,-0.0007111954309131952,0.0017391411891168982,0.002669444709552405,0.006102257242727616,1,DOWN
2026-03-25,16905,-0.0045445234173224,-0.0004709761066690137,0.003301500463755235,0.002068986639398821,0.0018953983048090018,0.0031078453154214708,0.0028439320734820425,0.0022529199027687685,2,DOWN
2026-03-26,16903,-0.0001183151918085847,-0.0045445234173224,-0.0004709761066690137,0.003301500463755235,0.002068986639398821,0.0030024122939170594,0.0027890309903547384,0.0002367003964731662,3,UP
2026-03-27,16957,0.0031896069569496486,-0.0001183151918085847,-0.0045445234173224,-0.0004709761066690137,0.003301500463755235,0.003224653439631053,0.0028242311233501174,0.001358214243533773,4,UP
2026-03-30,16993,0.0021207666269780216,0.0031896069569496486,-0.0001183151918085847,-0.0045445234173224,-0.0004709761066690137,0.002981338587254052,0.002673323005114569,0.00017657445556218399,0,UP
2026-03-31,16999,0.00035302424466430093,0.0021207666269780216,0.0031896069569496486,-0.0001183151918085847,-0.0045445234173224,0.0029691049816451785,0.0026731487835610314,0.0010010599458250002,1,UP
2026-04-01,17002,0.00017646539853453605,0.00035302424466430093,0.0021207666269780216,0.0031896069569496486,-0.0001183151918085847,0.0014399466900417472,0.0026509386784135825,0.005737947352854267,2,UP
2026-04-02,17015,0.000764323757701847,0.00017646539853453605,0.00035302424466430093,0.0021207666269780216,0.0031896069569496486,0.001293072256352901,0.0024924745956786654,0.006626042714310998,3,UP
2026-04-06,17037,0.0012921416105360613,0.000764323757701847,0.00017646539853453605,0.00035302424466430093,0.0021207666269780216,0.0007868596241176624,0.002492903332120907,0.00471781565135343,0,UP
2026-04-07,17092,0.0032230682183732786,0.0012921416105360613,0.000764323757701847,0.00017646539853453605,0.00035302424466430093,0.0012297159698341298,0.00243795187833718,0.00582592832342721,1,DOWN
2026-04-08,17009,-0.004867902049823861,0.0032230682183732786,0.0012921416105360613,0.000764323757701847,0.00017646539853453605,0.0030124918377916997,0.002732770314477962,0.0005882698982293544,2,UP
2026-04-09,17082,0.004282661792000949,-0.004867902049823861,0.0032230682183732786,0.0012921416105360613,0.000764323757701847,0.003545150698791133,0.0028344411805072416,0.004705328784848861,3,UP
2026-04-10,17112,0.0017546942561489777,0.004282661792000949,-0.004867902049823861,0.0032230682183732786,0.0012921416105360613,0.003560594488289043,0.0028075137027270087,0.005700852189244765,4,UP
2026-04-13,17122,0.0005842145401894804,0.0017546942561489777,0.004282661792000949,-0.004867902049823861,0.0032230682183732786,0.0035669492547445013,0.0027911086237637234,0.0049891412807419044,0,UP
2026-04-14,17135,0.0007589690062782771,0.0005842145401894804,0.0017546942561489777,0.004282661792000949,-0.004867902049823861,0.0033455674189539473,0.0027214033847703413,0.0025157968640299178,1,UP
2026-04-15,17141,0.00035009919834785906,0.0007589690062782771,0.0005842145401894804,0.0017546942561489777,0.004282661792000949,0.0016207636130779462,0.002316194069219129,0.007760597330824792,2,UP
2026-04-16,17142,5.8337951770958827e-05,0.00035009919834785906,0.0007589690062782771,0.0005842145401894804,0.0017546942561489777,0.0006448674999112894,0.002296599622620712,0.0035124692658938805,3,UP
2026-04-17,17189,0.0027380518693288576,5.8337951770958827e-05,0.00035009919834785906,0.0007589690062782771,0.0005842145401894804,0.0010616978661640315,0.0023251387250780783,0.004499766245909198,4,DOWN
2026-04-20,17176,-0.000756583769539966,0.0027380518693288576,5.8337951770958827e-05,0.00035009919834785906,0.0007589690062782771,0.0013027156194853214,0.0023330510402464534,0.003153837168555107,0,DOWN
2026-04-21,17142,-0.001981468099788872,-0.000756583769539966,0.0027380518693288576,5.8337951770958827e-05,0.00035009919834785906,0.0017384023882669347,0.0023231848955154472,0.00040852057192886093,1,UP
2026-04-22,17179,0.002156115167617463,-0.001981468099788872,-0.000756583769539966,0.0027380518693288576,5.8337951770958827e-05,0.0019790804859202028,0.002342835065928283,0.002216906831573384,2,UP
2026-04-23,17308,0.00748111471832989,0.002156115167617463,-0.001981468099788872,-0.000756583769539966,0.0027380518693288576,0.003675467077116534,0.0024973898419006395,0.009683817524209548,3,DOWN
2026-04-24,17278,-0.0017348064259459395,0.00748111471832989,0.002156115167617463,-0.001981468099788872,-0.000756583769539966,0.003962005534632952,0.0025667450328482953,0.005177729943568465,4,DOWN
2026-04-27,17227,-0.0029560954724603206,-0.0017348064259459395,0.00748111471832989,0.002156115167617463,-0.001981468099788872,0.004316598800627828,0.0026688978257939483,0.002969259431765181,0,UP
2026-04-28,17245,0.0010443259245721825,-0.0029560954724603206,-0.0017348064259459395,0.00748111471832989,0.002156115167617463,0.0040705341664342976,0.002651442506206602,0.006008633765021587,1,UP
2026-04-29,17324,0.004570576963575927,0.0010443259245721825,-0.0029560954724603206,-0.0017348064259459395,0.00748111471832989,0.004346456246475555,0.0027837914824086394,0.008440537865999076,2,UP
2026-04-30,17378,0.0031122150646340926,0.004570576963575927,0.0010443259245721825,-0.0029560954724603206,-0.0017348064259459395,0.003168458568275874,0.00281821522909017,0.004044372544488084,3,DOWN
2026-05-04,17368,-0.0005756058410235641,0.0031122150646340926,0.004570576963575927,0.0010443259245721825,-0.0029560954724603206,0.0029722897209298583,0.002842281648816605,0.0052089362194698285,0,UP
2026-05-05,17425,0.003276524070596878,-0.0005756058410235641,0.0031122150646340926,0.004570576963575927,0.0010443259245721825,0.0020379893827996063,0.002886329577193359,0.01149358565043257,1,DOWN
2026-05-06,17405,-0.0011484353831853126,0.003276524070596878,-0.0005756058410235641,0.0031122150646340926,0.004570576963575927,0.002544790359017969,0.0028846807405141345,0.009278051609162175,2,DOWN
2026-05-07,17362,-0.0024736112937859484,-0.0011484353831853126,0.003276524070596878,-0.0005756058410235641,0.0031122150646340926,0.0026091329607365607,0.0026744109760294585,0.002193488801662369,3,UP
2026-05-08,17375,0.0007484814812395247,-0.0024736112937859484,-0.0011484353831853126,0.003276524070596878,-0.0005756058410235641,0.002182822247933417,0.002562391790272941,-0.00017263206352857718,4,UP
2026-05-11,17415,0.0022995123671087038,0.0007484814812395247,-0.0024736112937859484,-0.0011484353831853126,0.003276524070596878,0.0023748988472566263,0.002575374960306233,0.002706126209120141,0,UP
2026-05-12,17514,0.005668657282068186,0.0022995123671087038,0.0007484814812395247,-0.0024736112937859484,-0.0011484353831853126,0.003171289753021388,0.002787133776221063,0.00510760401721666,1,DOWN
2026-05-13,17496,-0.0010282777255659324,0.005668657282068186,0.0022995123671087038,0.0007484814812395247,-0.0024736112937859484,0.0031511512251251395,0.0028280685831915103,0.005228382648664098,2,UP
2026-05-18,17666,0.009669604948473711,-0.0010282777255659324,0.005668657282068186,0.0022995123671087038,0.0007484814812395247,0.004250893714071698,0.0034148833722879635,0.017509503513420066,0,UP
2026-05-19,17719,0.0029956218529918754,0.009669604948473711,-0.0010282777255659324,0.005668657282068186,0.0022995123671087038,0.004002551114280926,0.0034123978402002177,0.01979856115107914,1,DOWN
2026-05-20,17685,-0.001920687518488335,0.0029956218529918754,0.009669604948473711,-0.0010282777255659324,0.005668657282068186,0.004796246855936213,0.003492660164900325,0.015503875968992276,2,DOWN
2026-05-21,17673,-0.0006787714497839689,-0.001920687518488335,0.0029956218529918754,0.009669604948473711,-0.0010282777255659324,0.00477877837324015,0.0034901476395518116,0.009078451524494602,3,UP
2026-05-22,17717,0.002486579410640397,-0.0006787714497839689,-0.001920687518488335,0.0029956218529918754,0.009669604948473711,0.004508202919951957,0.0034024377324532716,0.012631458619112967,4,UP
2026-05-25,17743,0.0014664413231419372,0.002486579410640397,-0.0006787714497839689,-0.001920687518488335,0.0029956218529918754,0.002102021003759903,0.0034005289567206657,0.004358655043586568,0,UP
2026-05-26,17789,0.0025892168016902885,0.0014664413231419372,0.002486579410640397,-0.0006787714497839689,-0.001920687518488335,0.0020048841378317974,0.003120823571557431,0.003950561544105113,1,UP
2026-05-29,17883,0.0052702521627664865,0.0025892168016902885,0.0014664413231419372,0.002486579410640397,-0.0006787714497839689,0.002149530361426907,0.0031469435879016385,0.01119592875318065,4,DOWN
2026-06-02,17863,-0.0011190064391517823,0.0052702521627664865,0.0025892168016902885,0.0014664413231419372,0.002486579410640397,0.002301911563968417,0.0030278021650892617,0.01075086289820626,1,UP
2026-06-03,17931,0.0037995240434793728,-0.0011190064391517823,0.0052702521627664865,0.0025892168016902885,0.0014664413231419372,0.0024232079916174237,0.003053572150118924,0.012078794378280744,2,UP
2026-06-04,18039,0.006005022215314418,0.0037995240434793728,-0.0011190064391517823,0.0052702521627664865,0.0025892168016902885,0.002805396074816334,0.0031341362486651462,0.01668263540551207,3,DOWN
2026-06-05,18039,0.0,0.006005022215314418,0.0037995240434793728,-0.0011190064391517823,0.0052702521627664865,0.0031847912828847215,0.0031543622695674226,0.014053628646916616,4,UP
2026-06-08,18171,0.007290835941378409,0.0,0.006005022215314418,0.0037995240434793728,-0.0011190064391517823,0.0036693399408780493,0.003319913596293052,0.01610468042274782,0,DOWN
2026-06-09,18141,-0.0016523467077342855,0.007290835941378409,0.0,0.006005022215314418,0.0037995240434793728,0.0038303310589919504,0.00342184858172681,0.01556289537031863,1,DOWN
2026-06-10,17971,-0.009415222409300487,-0.0016523467077342855,0.007290835941378409,0.0,0.006005022215314418,0.006700749748737398,0.004228173877435667,0.002230773520718321,2,UP
2026-06-11,17981,0.0005562972996154266,-0.009415222409300487,-0.0016523467077342855,0.007290835941378409,0.0,0.005974281894555836,0.004127616032481437,-0.0032152558345805993,3,DOWN
2026-06-12,17921,-0.0033424352882489537,0.0005562972996154266,-0.009415222409300487,-0.0016523467077342855,0.007290835941378409,0.006070420828516079,0.004278545795849374,-0.006541382560008913,4,DOWN
2026-06-15,17719,-0.011335699385319363,-0.0033424352882489537,0.0005562972996154266,-0.009415222409300487,-0.0016523467077342855,0.005110157621872668,0.005149941044836049,-0.024874800506301198,0,UP
2026-06-17,17753,0.0019170055487282786,-0.011335699385319363,-0.0033424352882489537,0.0005562972996154266,-0.009415222409300487,0.005890997266289233,0.005032765869805414,-0.02138801609613583,2,UP
2026-06-18,17826,0.004103549983865061,0.0019170055487282786,-0.011335699385319363,-0.0033424352882489537,0.0005562972996154266,0.006069746702814844,0.005071879348146804,-0.008068554893995827,3,DOWN
2026-06-19,17826,0.0,0.004103549983865061,0.0019170055487282786,-0.011335699385319363,-0.0033424352882489537,0.0060248081222132426,0.0046376453462871016,-0.008620210221900848,4,DOWN
2026-06-22,17819,-0.00039276196324793887,0.0,0.004103549983865061,0.0019170055487282786,-0.011335699385319363,0.005971815835598756,0.004601537581607285,-0.0056916466715026814,0,UP
2026-06-23,17868,0.0027460997445944713,-0.00039276196324793887,0.0,0.004103549983865061,0.0019170055487282786,0.001883145019928152,0.004602319328022578,0.008409052429595443,1,UP
2026-06-24,17955,0.0048572241881738665,0.0027460997445944713,-0.00039276196324793887,0.0,0.004103549983865061,0.0023730386212906696,0.004692356489319885,0.01137835858728109,2,DOWN
2026-06-25,17942,-0.0007242945409543782,0.0048572241881738665,0.0027460997445944713,-0.00039276196324793887,0.0,0.0024185854405157224,0.004686234137495408,0.006507348816335634,3,UP
2026-06-26,17962,0.001114082111666195,-0.0007242945409543782,0.0048572241881738665,0.0027460997445944713,-0.00039276196324793887,0.0023184408278014565,0.004683589521019098,0.007629305508807249,4,DOWN
2026-06-29,17856,-0.005918829049857528,0.001114082111666195,-0.0007242945409543782,0.0048572241881738665,0.0027460997445944713,0.004094858970007089,0.00487707024125631,0.0020764352657276497,0,UP
2026-06-30,17899,0.0024052591654625433,-0.005918829049857528,0.001114082111666195,-0.0007242945409543782,0.0048572241881738665,0.00404892742512766,0.004760621417108065,0.001734945153346823,1,UP
2026-07-01,17961,0.0034578952469617443,0.0024052591654625433,-0.005918829049857528,0.001114082111666195,-0.0007242945409543782,0.0036918255564352483,0.004811471804481168,0.000334168755221409,2,UP
2026-07-02,17994,0.0018356283836023061,0.0034578952469617443,0.0024052591654625433,-0.005918829049857528,0.001114082111666195,0.003731972344430401,0.004755438712833278,0.0028982276223386005,3,DOWN
2026-07-03,17960,-0.0018913061208734386,0.0018356283836023061,0.0034578952469617443,0.0024052591654625433,-0.005918829049857528,0.003863901494885348,0.0045701455935115,-0.00011134617525887514,4,UP
2026-07-06,17999,0.0021691379232886524,-0.0018913061208734386,0.0018356283836023061,0.0034578952469617443,0.0024052591654625433,0.0020413699344665574,0.004601260262388424,0.008008512544802837,0,DOWN
2026-07-07,17988,-0.0006113318888810876,0.0021691379232886524,-0.0018913061208734386,0.0018356283836023061,0.0034578952469617443,0.0021830099198990537,0.004258745570187761,0.004972344823733099,1,UP
2026-07-08,18005,0.0009446281923774926,-0.0006113318888810876,0.0021691379232886524,-0.0018913061208734386,0.0018356283836023061,0.0017117575304486316,0.004261547112472381,0.0024497522409665518,2,UP
2026-07-09,18090,0.00470980230636524,0.0009446281923774926,-0.0006113318888810876,0.0021691379232886524,-0.0018913061208734386,0.002552842775607443,0.0038336740975842987,0.00533511170390133,3,DOWN
2026-07-10,18069,-0.0011615366775100582,0.00470980230636524,0.0009446281923774926,-0.0006113318888810876,0.0021691379232886524,0.0023548046575078054,0.003847555614228678,0.006069042316258377,4,UP
2026-07-13,18131,0.003425417713977991,-0.0011615366775100582,0.00470980230636524,0.0009446281923774926,-0.0006113318888810876,0.002542270172665615,0.0038129783594145887,0.0073337407633757845,0,DOWN
2026-07-14,18099,-0.0017664923169373535,0.003425417713977991,-0.0011615366775100582,0.00470980230636524,0.0009446281923774926,0.002815525409326312,0.0026668837067580133,0.006170780520346808,1,DOWN
2026-07-15,18064,-0.0019356807194281982,-0.0017664923169373535,0.003425417713977991,-0.0011615366775100582,0.00470980230636524,0.0031619491911548283,0.0027399383296266397,0.003276867536795347,2,DOWN
2026-07-16,18041,-0.001274061936640279,-0.0019356807194281982,-0.0017664923169373535,0.003425417713977991,-0.0011615366775100582,0.0022417554485706726,0.0026686797452546984,-0.0027086788280817897,3,DOWN
2026-07-17,17944,-0.00539114825275876,-0.001274061936640279,-0.0019356807194281982,-0.0017664923169373535,0.003425417713977991,0.003148427295367146,0.002985842192741952,-0.006917925729149399,4,UP
2026-07-20,17976,0.0017817376651209436,-0.00539114825275876,-0.001274061936640279,-0.0019356807194281982,-0.0017664923169373535,0.0025488720752371474,0.0029977100614998215,-0.008548894159174925,0,DOWN
2026-07-21,17909,-0.0037341550984257422,0.0017817376651209436,-0.00539114825275876,-0.001274061936640279,-0.0019356807194281982,0.0027054857772113882,0.003084143157689112,-0.01049781755898116,1,DOWN
2026-07-22,17909,0.0,-0.0037341550984257422,0.0017817376651209436,-0.00539114825275876,-0.001274061936640279,0.0028702576338767677,0.0028751919610070236,-0.008580602302922902,2,UP
2026-07-23,17915,0.00033497097231486016,0.0,-0.0037341550984257422,0.0017817376651209436,-0.00539114825275876,0.0030195657166888178,0.00287339040619318,-0.006984091790920632,3,UP
2026-07-24,17973,0.0032322810129803204,0.00033497097231486016,0.0,-0.0037341550984257422,0.0017817376651209436,0.0026056098796402682,0.002957347641580095,0.0016161390994204883,4,UP
2026-07-27,17995,0.0012233097610964716,0.0032322810129803204,0.00033497097231486016,0.0,-0.0037341550984257422,0.0025385551091460594,0.0026122019846421918,0.0010569648420115652,0,UP
2026-07-28,18088,0.0051547934446746655,0.0012233097610964716,0.0032322810129803204,0.00033497097231486016,0.0,0.0021706111093841482,0.002790254895444769,0.009994974593779737,1,DOWN
2026-07-29,18087,-5.528680029046967e-05,0.0051547934446746655,0.0012233097610964716,0.0032322810129803204,0.00033497097231486016,0.002183380086211693,0.0027051999398513315,0.009939136746887067,2,DOWN
2026-07-30,18078,-0.0004977187991589985,-5.528680029046967e-05,0.0051547934446746655,0.0012233097610964716,0.0032322810129803204,0.002364295979693151,0.002687996410393274,0.009098520792631959,3,DOWN
2026-07-31,18058,-0.0011069294909317221,-0.0004977187991589985,-5.528680029046967e-05,0.0051547934446746655,0.0012233097610964716,0.0025046074386545778,0.0026609589545637416,0.004729316196516953,4,DOWN
2026-08-03,17991,-0.0037171670308050334,-0.0011069294909317221,-0.0004977187991589985,-5.528680029046967e-05,0.0051547934446746655,0.0032347880724187864,0.0027636385537188383,-0.00022228396776879933,0,UP
2026-08-04,18037,0.0025535708335798586,-0.0037171670308050334,-0.0011069294909317221,-0.0004977187991589985,-5.528680029046967e-05,0.002248313950597885,0.0028182033409445014,-0.0028195488721804995,1,DOWN
2026-08-05,17937,-0.005559585121185099,0.0025535708335798586,-0.0037171670308050334,-0.0011069294909317221,-0.0004977187991589985,0.003116468721165107,0.0030828380625039526,-0.008293249295073801,2,DOWN
2026-08-06,17919,-0.0010040161485984818,-0.005559585121185099,0.0025535708335798586,-0.0037171670308050334,-0.0011069294909317221,0.0030770124698908516,0.0028617744308453044,-0.008795220710255514,3,DOWN
2026-08-07,17913,-0.00033489618531357856,-0.0010040161485984818,-0.005559585121185099,0.0025535708335798586,-0.0037171670308050334,0.003137187216541967,0.002857301306217153,-0.00802968213534172,4,DOWN
2026-08-10,17795,-0.006609187270809012,-0.00033489618531357856,-0.0010040161485984818,-0.005559585121185099,0.0025535708335798586,0.003815519255317986,0.003020381525800172,-0.010894336056917364,0,UP
2026-08-11,17824,0.001628344782717429,-0.006609187270809012,-0.00033489618531357856,-0.0010040161485984818,-0.005559585121185099,0.0035404205335011394,0.0030662545273427862,-0.011809059156178914,1,UP
2026-08-12,17876,0.0029131673263315012,0.001628344782717429,-0.006609187270809012,-0.00033489618531357856,-0.0010040161485984818,0.003661237604679687,0.003159151480398229,-0.003400791659697866,2,UP
2026-08-13,17882,0.00033558924192116096,0.0029131673263315012,0.001628344782717429,-0.006609187270809012,-0.00033489618531357856,0.003680682666736536,0.0031595167366558334,-0.0020648473687148172,3,DOWN
2026-08-14,17836,-0.0025757335478961197,0.00033558924192116096,0.0029131673263315012,0.001628344782717429,-0.006609187270809012,0.0038031226879685263,0.002985352545923181,-0.00429855412270419,4,UP
2026-08-18,17856,0.0011206994336702698,-0.0025757335478961197,0.00033558924192116096,0.0029131673263315012,0.001628344782717429,0.002049325037526288,0.0029646579044753053,0.003427929193593693,1,DOWN
2026-08-19,17844,-0.0006722689328821566,0.0011206994336702698,-0.0025757335478961197,0.00033558924192116096,0.0029131673263315012,0.0020426666675565333,0.0028569844503069427,0.001122082585278239,2,DOWN
2026-08-20,17779,-0.003649331731583732,-0.0006722689328821566,0.0011206994336702698,-0.0025757335478961197,0.00033558924192116096,0.0019907010679845872,0.002959459979070641,-0.005426269859028832,3,DOWN
2026-08-21,17705,-0.004170899970567494,-0.003649331731583732,-0.0006722689328821566,0.0011206994336702698,-0.0025757335478961197,0.0021946329523740886,0.003072766769072927,-0.009898221675427754,4,DOWN
2026-08-24,17703,-0.0001129688207256574,-0.004170899970567494,-0.003649331731583732,-0.0006722689328821566,0.0011206994336702698,0.0023038200281334745,0.0029420466427813813,-0.007456828885400335,0,UP
2026-08-26,17717,0.0007905138751589766,-0.0001129688207256574,-0.004170899970567494,-0.003649331731583732,-0.0006722689328821566,0.002212969846477072,0.002928274938341886,-0.007784498207885293,2,UP
2026-08-27,17762,0.002536713218011985,0.0007905138751589766,-0.0001129688207256574,-0.004170899970567494,-0.003649331731583732,0.002895842644909433,0.002698588509817751,-0.00459538220130018,3,DOWN
2026-08-28,17703,-0.0033272270931709903,0.002536713218011985,0.0007905138751589766,-0.0001129688207256574,-0.004170899970567494,0.0028226374378194437,0.0027429000884311786,-0.0042747061139546405,4,UP
2026-08-31,17746,0.002426021670004689,-0.0033272270931709903,0.002536713218011985,0.0007905138751589766,-0.0001129688207256574,0.002395754926315694,0.002850956559748685,0.0023157300197684805,0,DOWN
